11.03.2023 - 19:03:32 - [TAB v3.2.4] Player placeholder %spbuild_getstagestring% generated an error when setting for player Dalynkaa
11.03.2023 - 19:03:32 - java.lang.IllegalStateException: zip file closed
11.03.2023 - 19:03:32 - 	at java.base/java.util.zip.ZipFile.ensureOpen(ZipFile.java:831)
11.03.2023 - 19:03:32 - 	at java.base/java.util.zip.ZipFile.getEntry(ZipFile.java:330)
11.03.2023 - 19:03:32 - 	at java.base/java.util.jar.JarFile.getEntry(JarFile.java:518)
11.03.2023 - 19:03:32 - 	at java.base/java.util.jar.JarFile.getJarEntry(JarFile.java:473)
11.03.2023 - 19:03:32 - 	at org.bukkit.plugin.java.PluginClassLoader.findClass(PluginClassLoader.java:189)
11.03.2023 - 19:03:32 - 	at java.base/java.lang.ClassLoader.loadClass(ClassLoader.java:587)
11.03.2023 - 19:03:32 - 	at org.bukkit.plugin.java.PluginClassLoader.loadClass0(PluginClassLoader.java:129)
11.03.2023 - 19:03:32 - 	at org.bukkit.plugin.java.PluginClassLoader.loadClass(PluginClassLoader.java:124)
11.03.2023 - 19:03:32 - 	at java.base/java.lang.ClassLoader.loadClass(ClassLoader.java:520)
11.03.2023 - 19:03:32 - 	at spworlds-1.0-SNAPSHOT.jar//com.spworlds.utils.PlaceholderApis.onRequest(PlaceholderApis.java:33)
11.03.2023 - 19:03:32 - 	at PlaceholderAPI-2.11.2.jar//me.clip.placeholderapi.replacer.CharsReplacer.apply(CharsReplacer.java:119)
11.03.2023 - 19:03:32 - 	at PlaceholderAPI-2.11.2.jar//me.clip.placeholderapi.PlaceholderAPI.setPlaceholders(PlaceholderAPI.java:71)
11.03.2023 - 19:03:32 - 	at PlaceholderAPI-2.11.2.jar//me.clip.placeholderapi.PlaceholderAPI.setPlaceholders(PlaceholderAPI.java:99)
11.03.2023 - 19:03:32 - 	at TAB.v3.2.4.jar//me.neznamy.tab.platforms.bukkit.BukkitPlatform.lambda$registerUnknownPlaceholder$2(BukkitPlatform.java:179)
11.03.2023 - 19:03:32 - 	at TAB.v3.2.4.jar//me.neznamy.tab.shared.placeholders.PlayerPlaceholderImpl.request(PlayerPlaceholderImpl.java:130)
11.03.2023 - 19:03:32 - 	at TAB.v3.2.4.jar//me.neznamy.tab.shared.placeholders.PlayerPlaceholderImpl.update(PlayerPlaceholderImpl.java:53)
11.03.2023 - 19:03:32 - 	at TAB.v3.2.4.jar//me.neznamy.tab.shared.placeholders.PlayerPlaceholderImpl.getLastValue(PlayerPlaceholderImpl.java:122)
11.03.2023 - 19:03:32 - 	at TAB.v3.2.4.jar//me.neznamy.tab.shared.placeholders.TabPlaceholder.set(TabPlaceholder.java:87)
11.03.2023 - 19:03:32 - 	at TAB.v3.2.4.jar//me.neznamy.tab.shared.DynamicText.update(DynamicText.java:198)
11.03.2023 - 19:03:32 - 	at TAB.v3.2.4.jar//me.neznamy.tab.shared.DynamicText.analyze(DynamicText.java:121)
11.03.2023 - 19:03:32 - 	at TAB.v3.2.4.jar//me.neznamy.tab.shared.DynamicText.<init>(DynamicText.java:82)
11.03.2023 - 19:03:32 - 	at TAB.v3.2.4.jar//me.neznamy.tab.shared.ITabPlayer.setProperty(ITabPlayer.java:127)
11.03.2023 - 19:03:32 - 	at TAB.v3.2.4.jar//me.neznamy.tab.shared.ITabPlayer.setProperty(ITabPlayer.java:140)
11.03.2023 - 19:03:32 - 	at TAB.v3.2.4.jar//me.neznamy.tab.shared.features.HeaderFooter.refresh(HeaderFooter.java:84)
11.03.2023 - 19:03:32 - 	at TAB.v3.2.4.jar//me.neznamy.tab.shared.features.HeaderFooter.onJoin(HeaderFooter.java:48)
11.03.2023 - 19:03:32 - 	at TAB.v3.2.4.jar//me.neznamy.tab.shared.FeatureManagerImpl.onJoin(FeatureManagerImpl.java:125)
11.03.2023 - 19:03:32 - 	at TAB.v3.2.4.jar//me.neznamy.tab.platforms.bukkit.BukkitEventListener.lambda$onJoin$1(BukkitEventListener.java:52)
11.03.2023 - 19:03:32 - 	at TAB.v3.2.4.jar//me.neznamy.tab.shared.CpuManager.lambda$submit$1(CpuManager.java:111)
11.03.2023 - 19:03:32 - 	at java.base/java.util.concurrent.Executors$RunnableAdapter.call(Executors.java:539)
11.03.2023 - 19:03:32 - 	at java.base/java.util.concurrent.FutureTask.run(FutureTask.java:264)
11.03.2023 - 19:03:32 - 	at java.base/java.util.concurrent.ThreadPoolExecutor.runWorker(ThreadPoolExecutor.java:1136)
11.03.2023 - 19:03:32 - 	at java.base/java.util.concurrent.ThreadPoolExecutor$Worker.run(ThreadPoolExecutor.java:635)
11.03.2023 - 19:03:32 - 	at java.base/java.lang.Thread.run(Thread.java:833)
11.03.2023 - 19:03:33 - [TAB v3.2.4] Player placeholder %spbuild_getstagestring% generated an error when setting for player Dalynkaa
11.03.2023 - 19:03:33 - java.lang.IllegalStateException: zip file closed
11.03.2023 - 19:03:33 - 	at java.base/java.util.zip.ZipFile.ensureOpen(ZipFile.java:831)
11.03.2023 - 19:03:33 - 	at java.base/java.util.zip.ZipFile.getEntry(ZipFile.java:330)
11.03.2023 - 19:03:33 - 	at java.base/java.util.jar.JarFile.getEntry(JarFile.java:518)
11.03.2023 - 19:03:33 - 	at java.base/java.util.jar.JarFile.getJarEntry(JarFile.java:473)
11.03.2023 - 19:03:33 - 	at org.bukkit.plugin.java.PluginClassLoader.findClass(PluginClassLoader.java:189)
11.03.2023 - 19:03:33 - 	at java.base/java.lang.ClassLoader.loadClass(ClassLoader.java:587)
11.03.2023 - 19:03:33 - 	at org.bukkit.plugin.java.PluginClassLoader.loadClass0(PluginClassLoader.java:129)
11.03.2023 - 19:03:33 - 	at org.bukkit.plugin.java.PluginClassLoader.loadClass(PluginClassLoader.java:124)
11.03.2023 - 19:03:33 - 	at java.base/java.lang.ClassLoader.loadClass(ClassLoader.java:520)
11.03.2023 - 19:03:33 - 	at spworlds-1.0-SNAPSHOT.jar//com.spworlds.utils.PlaceholderApis.onRequest(PlaceholderApis.java:33)
11.03.2023 - 19:03:33 - 	at PlaceholderAPI-2.11.2.jar//me.clip.placeholderapi.replacer.CharsReplacer.apply(CharsReplacer.java:119)
11.03.2023 - 19:03:33 - 	at PlaceholderAPI-2.11.2.jar//me.clip.placeholderapi.PlaceholderAPI.setPlaceholders(PlaceholderAPI.java:71)
11.03.2023 - 19:03:33 - 	at PlaceholderAPI-2.11.2.jar//me.clip.placeholderapi.PlaceholderAPI.setPlaceholders(PlaceholderAPI.java:99)
11.03.2023 - 19:03:33 - 	at TAB.v3.2.4.jar//me.neznamy.tab.platforms.bukkit.BukkitPlatform.lambda$registerUnknownPlaceholder$2(BukkitPlatform.java:179)
11.03.2023 - 19:03:33 - 	at TAB.v3.2.4.jar//me.neznamy.tab.shared.placeholders.PlayerPlaceholderImpl.request(PlayerPlaceholderImpl.java:130)
11.03.2023 - 19:03:33 - 	at TAB.v3.2.4.jar//me.neznamy.tab.shared.placeholders.PlayerPlaceholderImpl.update(PlayerPlaceholderImpl.java:53)
11.03.2023 - 19:03:33 - 	at TAB.v3.2.4.jar//me.neznamy.tab.shared.features.PlaceholderManagerImpl.updatePlayerPlaceholder(PlaceholderManagerImpl.java:117)
11.03.2023 - 19:03:33 - 	at TAB.v3.2.4.jar//me.neznamy.tab.shared.features.PlaceholderManagerImpl.refresh(PlaceholderManagerImpl.java:68)
11.03.2023 - 19:03:33 - 	at TAB.v3.2.4.jar//me.neznamy.tab.shared.CpuManager.lambda$runMeasuredTask$8(CpuManager.java:354)
11.03.2023 - 19:03:33 - 	at TAB.v3.2.4.jar//me.neznamy.tab.shared.CpuManager.lambda$submit$1(CpuManager.java:111)
11.03.2023 - 19:03:33 - 	at java.base/java.util.concurrent.Executors$RunnableAdapter.call(Executors.java:539)
11.03.2023 - 19:03:33 - 	at java.base/java.util.concurrent.FutureTask.run(FutureTask.java:264)
11.03.2023 - 19:03:33 - 	at java.base/java.util.concurrent.ThreadPoolExecutor.runWorker(ThreadPoolExecutor.java:1136)
11.03.2023 - 19:03:33 - 	at java.base/java.util.concurrent.ThreadPoolExecutor$Worker.run(ThreadPoolExecutor.java:635)
11.03.2023 - 19:03:33 - 	at java.base/java.lang.Thread.run(Thread.java:833)
11.03.2023 - 19:03:33 - [TAB v3.2.4] Player placeholder %spbuild_getstagestring% generated an error when setting for player Dalynkaa
11.03.2023 - 19:03:33 - java.lang.IllegalStateException: zip file closed
11.03.2023 - 19:03:33 - 	at java.base/java.util.zip.ZipFile.ensureOpen(ZipFile.java:831)
11.03.2023 - 19:03:33 - 	at java.base/java.util.zip.ZipFile.getEntry(ZipFile.java:330)
11.03.2023 - 19:03:33 - 	at java.base/java.util.jar.JarFile.getEntry(JarFile.java:518)
11.03.2023 - 19:03:33 - 	at java.base/java.util.jar.JarFile.getJarEntry(JarFile.java:473)
11.03.2023 - 19:03:33 - 	at org.bukkit.plugin.java.PluginClassLoader.findClass(PluginClassLoader.java:189)
11.03.2023 - 19:03:33 - 	at java.base/java.lang.ClassLoader.loadClass(ClassLoader.java:587)
11.03.2023 - 19:03:33 - 	at org.bukkit.plugin.java.PluginClassLoader.loadClass0(PluginClassLoader.java:129)
11.03.2023 - 19:03:33 - 	at org.bukkit.plugin.java.PluginClassLoader.loadClass(PluginClassLoader.java:124)
11.03.2023 - 19:03:33 - 	at java.base/java.lang.ClassLoader.loadClass(ClassLoader.java:520)
11.03.2023 - 19:03:33 - 	at spworlds-1.0-SNAPSHOT.jar//com.spworlds.utils.PlaceholderApis.onRequest(PlaceholderApis.java:33)
11.03.2023 - 19:03:33 - 	at PlaceholderAPI-2.11.2.jar//me.clip.placeholderapi.replacer.CharsReplacer.apply(CharsReplacer.java:119)
11.03.2023 - 19:03:33 - 	at PlaceholderAPI-2.11.2.jar//me.clip.placeholderapi.PlaceholderAPI.setPlaceholders(PlaceholderAPI.java:71)
11.03.2023 - 19:03:33 - 	at PlaceholderAPI-2.11.2.jar//me.clip.placeholderapi.PlaceholderAPI.setPlaceholders(PlaceholderAPI.java:99)
11.03.2023 - 19:03:33 - 	at TAB.v3.2.4.jar//me.neznamy.tab.platforms.bukkit.BukkitPlatform.lambda$registerUnknownPlaceholder$2(BukkitPlatform.java:179)
11.03.2023 - 19:03:33 - 	at TAB.v3.2.4.jar//me.neznamy.tab.shared.placeholders.PlayerPlaceholderImpl.request(PlayerPlaceholderImpl.java:130)
11.03.2023 - 19:03:33 - 	at TAB.v3.2.4.jar//me.neznamy.tab.shared.placeholders.PlayerPlaceholderImpl.update(PlayerPlaceholderImpl.java:53)
11.03.2023 - 19:03:33 - 	at TAB.v3.2.4.jar//me.neznamy.tab.shared.features.PlaceholderManagerImpl.updatePlayerPlaceholder(PlaceholderManagerImpl.java:117)
11.03.2023 - 19:03:33 - 	at TAB.v3.2.4.jar//me.neznamy.tab.shared.features.PlaceholderManagerImpl.refresh(PlaceholderManagerImpl.java:68)
11.03.2023 - 19:03:33 - 	at TAB.v3.2.4.jar//me.neznamy.tab.shared.CpuManager.lambda$runMeasuredTask$8(CpuManager.java:354)
11.03.2023 - 19:03:33 - 	at TAB.v3.2.4.jar//me.neznamy.tab.shared.CpuManager.lambda$submit$1(CpuManager.java:111)
11.03.2023 - 19:03:33 - 	at java.base/java.util.concurrent.Executors$RunnableAdapter.call(Executors.java:539)
11.03.2023 - 19:03:33 - 	at java.base/java.util.concurrent.FutureTask.run(FutureTask.java:264)
11.03.2023 - 19:03:33 - 	at java.base/java.util.concurrent.ThreadPoolExecutor.runWorker(ThreadPoolExecutor.java:1136)
11.03.2023 - 19:03:33 - 	at java.base/java.util.concurrent.ThreadPoolExecutor$Worker.run(ThreadPoolExecutor.java:635)
11.03.2023 - 19:03:33 - 	at java.base/java.lang.Thread.run(Thread.java:833)
11.03.2023 - 19:03:34 - [TAB v3.2.4] Player placeholder %spbuild_getstagestring% generated an error when setting for player Dalynkaa
11.03.2023 - 19:03:34 - java.lang.IllegalStateException: zip file closed
11.03.2023 - 19:03:34 - 	at java.base/java.util.zip.ZipFile.ensureOpen(ZipFile.java:831)
11.03.2023 - 19:03:34 - 	at java.base/java.util.zip.ZipFile.getEntry(ZipFile.java:330)
11.03.2023 - 19:03:34 - 	at java.base/java.util.jar.JarFile.getEntry(JarFile.java:518)
11.03.2023 - 19:03:34 - 	at java.base/java.util.jar.JarFile.getJarEntry(JarFile.java:473)
11.03.2023 - 19:03:34 - 	at org.bukkit.plugin.java.PluginClassLoader.findClass(PluginClassLoader.java:189)
11.03.2023 - 19:03:34 - 	at java.base/java.lang.ClassLoader.loadClass(ClassLoader.java:587)
11.03.2023 - 19:03:34 - 	at org.bukkit.plugin.java.PluginClassLoader.loadClass0(PluginClassLoader.java:129)
11.03.2023 - 19:03:34 - 	at org.bukkit.plugin.java.PluginClassLoader.loadClass(PluginClassLoader.java:124)
11.03.2023 - 19:03:34 - 	at java.base/java.lang.ClassLoader.loadClass(ClassLoader.java:520)
11.03.2023 - 19:03:34 - 	at spworlds-1.0-SNAPSHOT.jar//com.spworlds.utils.PlaceholderApis.onRequest(PlaceholderApis.java:33)
11.03.2023 - 19:03:34 - 	at PlaceholderAPI-2.11.2.jar//me.clip.placeholderapi.replacer.CharsReplacer.apply(CharsReplacer.java:119)
11.03.2023 - 19:03:34 - 	at PlaceholderAPI-2.11.2.jar//me.clip.placeholderapi.PlaceholderAPI.setPlaceholders(PlaceholderAPI.java:71)
11.03.2023 - 19:03:34 - 	at PlaceholderAPI-2.11.2.jar//me.clip.placeholderapi.PlaceholderAPI.setPlaceholders(PlaceholderAPI.java:99)
11.03.2023 - 19:03:34 - 	at TAB.v3.2.4.jar//me.neznamy.tab.platforms.bukkit.BukkitPlatform.lambda$registerUnknownPlaceholder$2(BukkitPlatform.java:179)
11.03.2023 - 19:03:34 - 	at TAB.v3.2.4.jar//me.neznamy.tab.shared.placeholders.PlayerPlaceholderImpl.request(PlayerPlaceholderImpl.java:130)
11.03.2023 - 19:03:34 - 	at TAB.v3.2.4.jar//me.neznamy.tab.shared.placeholders.PlayerPlaceholderImpl.update(PlayerPlaceholderImpl.java:53)
11.03.2023 - 19:03:34 - 	at TAB.v3.2.4.jar//me.neznamy.tab.shared.features.PlaceholderManagerImpl.updatePlayerPlaceholder(PlaceholderManagerImpl.java:117)
11.03.2023 - 19:03:34 - 	at TAB.v3.2.4.jar//me.neznamy.tab.shared.features.PlaceholderManagerImpl.refresh(PlaceholderManagerImpl.java:68)
11.03.2023 - 19:03:34 - 	at TAB.v3.2.4.jar//me.neznamy.tab.shared.CpuManager.lambda$runMeasuredTask$8(CpuManager.java:354)
11.03.2023 - 19:03:34 - 	at TAB.v3.2.4.jar//me.neznamy.tab.shared.CpuManager.lambda$submit$1(CpuManager.java:111)
11.03.2023 - 19:03:34 - 	at java.base/java.util.concurrent.Executors$RunnableAdapter.call(Executors.java:539)
11.03.2023 - 19:03:34 - 	at java.base/java.util.concurrent.FutureTask.run(FutureTask.java:264)
11.03.2023 - 19:03:34 - 	at java.base/java.util.concurrent.ThreadPoolExecutor.runWorker(ThreadPoolExecutor.java:1136)
11.03.2023 - 19:03:34 - 	at java.base/java.util.concurrent.ThreadPoolExecutor$Worker.run(ThreadPoolExecutor.java:635)
11.03.2023 - 19:03:34 - 	at java.base/java.lang.Thread.run(Thread.java:833)
11.03.2023 - 19:03:34 - [TAB v3.2.4] Player placeholder %spbuild_getstagestring% generated an error when setting for player Dalynkaa
11.03.2023 - 19:03:34 - java.lang.IllegalStateException: zip file closed
11.03.2023 - 19:03:34 - 	at java.base/java.util.zip.ZipFile.ensureOpen(ZipFile.java:831)
11.03.2023 - 19:03:34 - 	at java.base/java.util.zip.ZipFile.getEntry(ZipFile.java:330)
11.03.2023 - 19:03:34 - 	at java.base/java.util.jar.JarFile.getEntry(JarFile.java:518)
11.03.2023 - 19:03:34 - 	at java.base/java.util.jar.JarFile.getJarEntry(JarFile.java:473)
11.03.2023 - 19:03:34 - 	at org.bukkit.plugin.java.PluginClassLoader.findClass(PluginClassLoader.java:189)
11.03.2023 - 19:03:34 - 	at java.base/java.lang.ClassLoader.loadClass(ClassLoader.java:587)
11.03.2023 - 19:03:34 - 	at org.bukkit.plugin.java.PluginClassLoader.loadClass0(PluginClassLoader.java:129)
11.03.2023 - 19:03:34 - 	at org.bukkit.plugin.java.PluginClassLoader.loadClass(PluginClassLoader.java:124)
11.03.2023 - 19:03:34 - 	at java.base/java.lang.ClassLoader.loadClass(ClassLoader.java:520)
11.03.2023 - 19:03:34 - 	at spworlds-1.0-SNAPSHOT.jar//com.spworlds.utils.PlaceholderApis.onRequest(PlaceholderApis.java:33)
11.03.2023 - 19:03:34 - 	at PlaceholderAPI-2.11.2.jar//me.clip.placeholderapi.replacer.CharsReplacer.apply(CharsReplacer.java:119)
11.03.2023 - 19:03:34 - 	at PlaceholderAPI-2.11.2.jar//me.clip.placeholderapi.PlaceholderAPI.setPlaceholders(PlaceholderAPI.java:71)
11.03.2023 - 19:03:34 - 	at PlaceholderAPI-2.11.2.jar//me.clip.placeholderapi.PlaceholderAPI.setPlaceholders(PlaceholderAPI.java:99)
11.03.2023 - 19:03:34 - 	at TAB.v3.2.4.jar//me.neznamy.tab.platforms.bukkit.BukkitPlatform.lambda$registerUnknownPlaceholder$2(BukkitPlatform.java:179)
11.03.2023 - 19:03:34 - 	at TAB.v3.2.4.jar//me.neznamy.tab.shared.placeholders.PlayerPlaceholderImpl.request(PlayerPlaceholderImpl.java:130)
11.03.2023 - 19:03:34 - 	at TAB.v3.2.4.jar//me.neznamy.tab.shared.placeholders.PlayerPlaceholderImpl.update(PlayerPlaceholderImpl.java:53)
11.03.2023 - 19:03:34 - 	at TAB.v3.2.4.jar//me.neznamy.tab.shared.features.PlaceholderManagerImpl.updatePlayerPlaceholder(PlaceholderManagerImpl.java:117)
11.03.2023 - 19:03:34 - 	at TAB.v3.2.4.jar//me.neznamy.tab.shared.features.PlaceholderManagerImpl.refresh(PlaceholderManagerImpl.java:68)
11.03.2023 - 19:03:34 - 	at TAB.v3.2.4.jar//me.neznamy.tab.shared.CpuManager.lambda$runMeasuredTask$8(CpuManager.java:354)
11.03.2023 - 19:03:34 - 	at TAB.v3.2.4.jar//me.neznamy.tab.shared.CpuManager.lambda$submit$1(CpuManager.java:111)
11.03.2023 - 19:03:34 - 	at java.base/java.util.concurrent.Executors$RunnableAdapter.call(Executors.java:539)
11.03.2023 - 19:03:34 - 	at java.base/java.util.concurrent.FutureTask.run(FutureTask.java:264)
11.03.2023 - 19:03:34 - 	at java.base/java.util.concurrent.ThreadPoolExecutor.runWorker(ThreadPoolExecutor.java:1136)
11.03.2023 - 19:03:34 - 	at java.base/java.util.concurrent.ThreadPoolExecutor$Worker.run(ThreadPoolExecutor.java:635)
11.03.2023 - 19:03:34 - 	at java.base/java.lang.Thread.run(Thread.java:833)
11.03.2023 - 19:03:35 - [TAB v3.2.4] Player placeholder %spbuild_getstagestring% generated an error when setting for player Dalynkaa
11.03.2023 - 19:03:35 - java.lang.IllegalStateException: zip file closed
11.03.2023 - 19:03:35 - 	at java.base/java.util.zip.ZipFile.ensureOpen(ZipFile.java:831)
11.03.2023 - 19:03:35 - 	at java.base/java.util.zip.ZipFile.getEntry(ZipFile.java:330)
11.03.2023 - 19:03:35 - 	at java.base/java.util.jar.JarFile.getEntry(JarFile.java:518)
11.03.2023 - 19:03:35 - 	at java.base/java.util.jar.JarFile.getJarEntry(JarFile.java:473)
11.03.2023 - 19:03:35 - 	at org.bukkit.plugin.java.PluginClassLoader.findClass(PluginClassLoader.java:189)
11.03.2023 - 19:03:35 - 	at java.base/java.lang.ClassLoader.loadClass(ClassLoader.java:587)
11.03.2023 - 19:03:35 - 	at org.bukkit.plugin.java.PluginClassLoader.loadClass0(PluginClassLoader.java:129)
11.03.2023 - 19:03:35 - 	at org.bukkit.plugin.java.PluginClassLoader.loadClass(PluginClassLoader.java:124)
11.03.2023 - 19:03:35 - 	at java.base/java.lang.ClassLoader.loadClass(ClassLoader.java:520)
11.03.2023 - 19:03:35 - 	at spworlds-1.0-SNAPSHOT.jar//com.spworlds.utils.PlaceholderApis.onRequest(PlaceholderApis.java:33)
11.03.2023 - 19:03:35 - 	at PlaceholderAPI-2.11.2.jar//me.clip.placeholderapi.replacer.CharsReplacer.apply(CharsReplacer.java:119)
11.03.2023 - 19:03:35 - 	at PlaceholderAPI-2.11.2.jar//me.clip.placeholderapi.PlaceholderAPI.setPlaceholders(PlaceholderAPI.java:71)
11.03.2023 - 19:03:35 - 	at PlaceholderAPI-2.11.2.jar//me.clip.placeholderapi.PlaceholderAPI.setPlaceholders(PlaceholderAPI.java:99)
11.03.2023 - 19:03:35 - 	at TAB.v3.2.4.jar//me.neznamy.tab.platforms.bukkit.BukkitPlatform.lambda$registerUnknownPlaceholder$2(BukkitPlatform.java:179)
11.03.2023 - 19:03:35 - 	at TAB.v3.2.4.jar//me.neznamy.tab.shared.placeholders.PlayerPlaceholderImpl.request(PlayerPlaceholderImpl.java:130)
11.03.2023 - 19:03:35 - 	at TAB.v3.2.4.jar//me.neznamy.tab.shared.placeholders.PlayerPlaceholderImpl.update(PlayerPlaceholderImpl.java:53)
11.03.2023 - 19:03:35 - 	at TAB.v3.2.4.jar//me.neznamy.tab.shared.features.PlaceholderManagerImpl.updatePlayerPlaceholder(PlaceholderManagerImpl.java:117)
11.03.2023 - 19:03:35 - 	at TAB.v3.2.4.jar//me.neznamy.tab.shared.features.PlaceholderManagerImpl.refresh(PlaceholderManagerImpl.java:68)
11.03.2023 - 19:03:35 - 	at TAB.v3.2.4.jar//me.neznamy.tab.shared.CpuManager.lambda$runMeasuredTask$8(CpuManager.java:354)
11.03.2023 - 19:03:35 - 	at TAB.v3.2.4.jar//me.neznamy.tab.shared.CpuManager.lambda$submit$1(CpuManager.java:111)
11.03.2023 - 19:03:35 - 	at java.base/java.util.concurrent.Executors$RunnableAdapter.call(Executors.java:539)
11.03.2023 - 19:03:35 - 	at java.base/java.util.concurrent.FutureTask.run(FutureTask.java:264)
11.03.2023 - 19:03:35 - 	at java.base/java.util.concurrent.ThreadPoolExecutor.runWorker(ThreadPoolExecutor.java:1136)
11.03.2023 - 19:03:35 - 	at java.base/java.util.concurrent.ThreadPoolExecutor$Worker.run(ThreadPoolExecutor.java:635)
11.03.2023 - 19:03:35 - 	at java.base/java.lang.Thread.run(Thread.java:833)
11.03.2023 - 19:03:35 - [TAB v3.2.4] Player placeholder %spbuild_getstagestring% generated an error when setting for player Dalynkaa
11.03.2023 - 19:03:35 - java.lang.IllegalStateException: zip file closed
11.03.2023 - 19:03:35 - 	at java.base/java.util.zip.ZipFile.ensureOpen(ZipFile.java:831)
11.03.2023 - 19:03:35 - 	at java.base/java.util.zip.ZipFile.getEntry(ZipFile.java:330)
11.03.2023 - 19:03:35 - 	at java.base/java.util.jar.JarFile.getEntry(JarFile.java:518)
11.03.2023 - 19:03:35 - 	at java.base/java.util.jar.JarFile.getJarEntry(JarFile.java:473)
11.03.2023 - 19:03:35 - 	at org.bukkit.plugin.java.PluginClassLoader.findClass(PluginClassLoader.java:189)
11.03.2023 - 19:03:35 - 	at java.base/java.lang.ClassLoader.loadClass(ClassLoader.java:587)
11.03.2023 - 19:03:35 - 	at org.bukkit.plugin.java.PluginClassLoader.loadClass0(PluginClassLoader.java:129)
11.03.2023 - 19:03:35 - 	at org.bukkit.plugin.java.PluginClassLoader.loadClass(PluginClassLoader.java:124)
11.03.2023 - 19:03:35 - 	at java.base/java.lang.ClassLoader.loadClass(ClassLoader.java:520)
11.03.2023 - 19:03:35 - 	at spworlds-1.0-SNAPSHOT.jar//com.spworlds.utils.PlaceholderApis.onRequest(PlaceholderApis.java:33)
11.03.2023 - 19:03:35 - 	at PlaceholderAPI-2.11.2.jar//me.clip.placeholderapi.replacer.CharsReplacer.apply(CharsReplacer.java:119)
11.03.2023 - 19:03:35 - 	at PlaceholderAPI-2.11.2.jar//me.clip.placeholderapi.PlaceholderAPI.setPlaceholders(PlaceholderAPI.java:71)
11.03.2023 - 19:03:35 - 	at PlaceholderAPI-2.11.2.jar//me.clip.placeholderapi.PlaceholderAPI.setPlaceholders(PlaceholderAPI.java:99)
11.03.2023 - 19:03:35 - 	at TAB.v3.2.4.jar//me.neznamy.tab.platforms.bukkit.BukkitPlatform.lambda$registerUnknownPlaceholder$2(BukkitPlatform.java:179)
11.03.2023 - 19:03:35 - 	at TAB.v3.2.4.jar//me.neznamy.tab.shared.placeholders.PlayerPlaceholderImpl.request(PlayerPlaceholderImpl.java:130)
11.03.2023 - 19:03:35 - 	at TAB.v3.2.4.jar//me.neznamy.tab.shared.placeholders.PlayerPlaceholderImpl.update(PlayerPlaceholderImpl.java:53)
11.03.2023 - 19:03:35 - 	at TAB.v3.2.4.jar//me.neznamy.tab.shared.features.PlaceholderManagerImpl.updatePlayerPlaceholder(PlaceholderManagerImpl.java:117)
11.03.2023 - 19:03:35 - 	at TAB.v3.2.4.jar//me.neznamy.tab.shared.features.PlaceholderManagerImpl.refresh(PlaceholderManagerImpl.java:68)
11.03.2023 - 19:03:35 - 	at TAB.v3.2.4.jar//me.neznamy.tab.shared.CpuManager.lambda$runMeasuredTask$8(CpuManager.java:354)
11.03.2023 - 19:03:35 - 	at TAB.v3.2.4.jar//me.neznamy.tab.shared.CpuManager.lambda$submit$1(CpuManager.java:111)
11.03.2023 - 19:03:35 - 	at java.base/java.util.concurrent.Executors$RunnableAdapter.call(Executors.java:539)
11.03.2023 - 19:03:35 - 	at java.base/java.util.concurrent.FutureTask.run(FutureTask.java:264)
11.03.2023 - 19:03:35 - 	at java.base/java.util.concurrent.ThreadPoolExecutor.runWorker(ThreadPoolExecutor.java:1136)
11.03.2023 - 19:03:35 - 	at java.base/java.util.concurrent.ThreadPoolExecutor$Worker.run(ThreadPoolExecutor.java:635)
11.03.2023 - 19:03:35 - 	at java.base/java.lang.Thread.run(Thread.java:833)
11.03.2023 - 19:03:36 - [TAB v3.2.4] Player placeholder %spbuild_getstagestring% generated an error when setting for player Dalynkaa
11.03.2023 - 19:03:36 - java.lang.IllegalStateException: zip file closed
11.03.2023 - 19:03:36 - 	at java.base/java.util.zip.ZipFile.ensureOpen(ZipFile.java:831)
11.03.2023 - 19:03:36 - 	at java.base/java.util.zip.ZipFile.getEntry(ZipFile.java:330)
11.03.2023 - 19:03:36 - 	at java.base/java.util.jar.JarFile.getEntry(JarFile.java:518)
11.03.2023 - 19:03:36 - 	at java.base/java.util.jar.JarFile.getJarEntry(JarFile.java:473)
11.03.2023 - 19:03:36 - 	at org.bukkit.plugin.java.PluginClassLoader.findClass(PluginClassLoader.java:189)
11.03.2023 - 19:03:36 - 	at java.base/java.lang.ClassLoader.loadClass(ClassLoader.java:587)
11.03.2023 - 19:03:36 - 	at org.bukkit.plugin.java.PluginClassLoader.loadClass0(PluginClassLoader.java:129)
11.03.2023 - 19:03:36 - 	at org.bukkit.plugin.java.PluginClassLoader.loadClass(PluginClassLoader.java:124)
11.03.2023 - 19:03:36 - 	at java.base/java.lang.ClassLoader.loadClass(ClassLoader.java:520)
11.03.2023 - 19:03:36 - 	at spworlds-1.0-SNAPSHOT.jar//com.spworlds.utils.PlaceholderApis.onRequest(PlaceholderApis.java:33)
11.03.2023 - 19:03:36 - 	at PlaceholderAPI-2.11.2.jar//me.clip.placeholderapi.replacer.CharsReplacer.apply(CharsReplacer.java:119)
11.03.2023 - 19:03:36 - 	at PlaceholderAPI-2.11.2.jar//me.clip.placeholderapi.PlaceholderAPI.setPlaceholders(PlaceholderAPI.java:71)
11.03.2023 - 19:03:36 - 	at PlaceholderAPI-2.11.2.jar//me.clip.placeholderapi.PlaceholderAPI.setPlaceholders(PlaceholderAPI.java:99)
11.03.2023 - 19:03:36 - 	at TAB.v3.2.4.jar//me.neznamy.tab.platforms.bukkit.BukkitPlatform.lambda$registerUnknownPlaceholder$2(BukkitPlatform.java:179)
11.03.2023 - 19:03:36 - 	at TAB.v3.2.4.jar//me.neznamy.tab.shared.placeholders.PlayerPlaceholderImpl.request(PlayerPlaceholderImpl.java:130)
11.03.2023 - 19:03:36 - 	at TAB.v3.2.4.jar//me.neznamy.tab.shared.placeholders.PlayerPlaceholderImpl.update(PlayerPlaceholderImpl.java:53)
11.03.2023 - 19:03:36 - 	at TAB.v3.2.4.jar//me.neznamy.tab.shared.features.PlaceholderManagerImpl.updatePlayerPlaceholder(PlaceholderManagerImpl.java:117)
11.03.2023 - 19:03:36 - 	at TAB.v3.2.4.jar//me.neznamy.tab.shared.features.PlaceholderManagerImpl.refresh(PlaceholderManagerImpl.java:68)
11.03.2023 - 19:03:36 - 	at TAB.v3.2.4.jar//me.neznamy.tab.shared.CpuManager.lambda$runMeasuredTask$8(CpuManager.java:354)
11.03.2023 - 19:03:36 - 	at TAB.v3.2.4.jar//me.neznamy.tab.shared.CpuManager.lambda$submit$1(CpuManager.java:111)
11.03.2023 - 19:03:36 - 	at java.base/java.util.concurrent.Executors$RunnableAdapter.call(Executors.java:539)
11.03.2023 - 19:03:36 - 	at java.base/java.util.concurrent.FutureTask.run(FutureTask.java:264)
11.03.2023 - 19:03:36 - 	at java.base/java.util.concurrent.ThreadPoolExecutor.runWorker(ThreadPoolExecutor.java:1136)
11.03.2023 - 19:03:36 - 	at java.base/java.util.concurrent.ThreadPoolExecutor$Worker.run(ThreadPoolExecutor.java:635)
11.03.2023 - 19:03:36 - 	at java.base/java.lang.Thread.run(Thread.java:833)
11.03.2023 - 19:03:36 - [TAB v3.2.4] Player placeholder %spbuild_getstagestring% generated an error when setting for player Dalynkaa
11.03.2023 - 19:03:36 - java.lang.IllegalStateException: zip file closed
11.03.2023 - 19:03:36 - 	at java.base/java.util.zip.ZipFile.ensureOpen(ZipFile.java:831)
11.03.2023 - 19:03:36 - 	at java.base/java.util.zip.ZipFile.getEntry(ZipFile.java:330)
11.03.2023 - 19:03:36 - 	at java.base/java.util.jar.JarFile.getEntry(JarFile.java:518)
11.03.2023 - 19:03:36 - 	at java.base/java.util.jar.JarFile.getJarEntry(JarFile.java:473)
11.03.2023 - 19:03:36 - 	at org.bukkit.plugin.java.PluginClassLoader.findClass(PluginClassLoader.java:189)
11.03.2023 - 19:03:36 - 	at java.base/java.lang.ClassLoader.loadClass(ClassLoader.java:587)
11.03.2023 - 19:03:36 - 	at org.bukkit.plugin.java.PluginClassLoader.loadClass0(PluginClassLoader.java:129)
11.03.2023 - 19:03:36 - 	at org.bukkit.plugin.java.PluginClassLoader.loadClass(PluginClassLoader.java:124)
11.03.2023 - 19:03:36 - 	at java.base/java.lang.ClassLoader.loadClass(ClassLoader.java:520)
11.03.2023 - 19:03:36 - 	at spworlds-1.0-SNAPSHOT.jar//com.spworlds.utils.PlaceholderApis.onRequest(PlaceholderApis.java:33)
11.03.2023 - 19:03:36 - 	at PlaceholderAPI-2.11.2.jar//me.clip.placeholderapi.replacer.CharsReplacer.apply(CharsReplacer.java:119)
11.03.2023 - 19:03:36 - 	at PlaceholderAPI-2.11.2.jar//me.clip.placeholderapi.PlaceholderAPI.setPlaceholders(PlaceholderAPI.java:71)
11.03.2023 - 19:03:36 - 	at PlaceholderAPI-2.11.2.jar//me.clip.placeholderapi.PlaceholderAPI.setPlaceholders(PlaceholderAPI.java:99)
11.03.2023 - 19:03:36 - 	at TAB.v3.2.4.jar//me.neznamy.tab.platforms.bukkit.BukkitPlatform.lambda$registerUnknownPlaceholder$2(BukkitPlatform.java:179)
11.03.2023 - 19:03:36 - 	at TAB.v3.2.4.jar//me.neznamy.tab.shared.placeholders.PlayerPlaceholderImpl.request(PlayerPlaceholderImpl.java:130)
11.03.2023 - 19:03:36 - 	at TAB.v3.2.4.jar//me.neznamy.tab.shared.placeholders.PlayerPlaceholderImpl.update(PlayerPlaceholderImpl.java:53)
11.03.2023 - 19:03:36 - 	at TAB.v3.2.4.jar//me.neznamy.tab.shared.features.PlaceholderManagerImpl.updatePlayerPlaceholder(PlaceholderManagerImpl.java:117)
11.03.2023 - 19:03:36 - 	at TAB.v3.2.4.jar//me.neznamy.tab.shared.features.PlaceholderManagerImpl.refresh(PlaceholderManagerImpl.java:68)
11.03.2023 - 19:03:36 - 	at TAB.v3.2.4.jar//me.neznamy.tab.shared.CpuManager.lambda$runMeasuredTask$8(CpuManager.java:354)
11.03.2023 - 19:03:36 - 	at TAB.v3.2.4.jar//me.neznamy.tab.shared.CpuManager.lambda$submit$1(CpuManager.java:111)
11.03.2023 - 19:03:36 - 	at java.base/java.util.concurrent.Executors$RunnableAdapter.call(Executors.java:539)
11.03.2023 - 19:03:36 - 	at java.base/java.util.concurrent.FutureTask.run(FutureTask.java:264)
11.03.2023 - 19:03:36 - 	at java.base/java.util.concurrent.ThreadPoolExecutor.runWorker(ThreadPoolExecutor.java:1136)
11.03.2023 - 19:03:36 - 	at java.base/java.util.concurrent.ThreadPoolExecutor$Worker.run(ThreadPoolExecutor.java:635)
11.03.2023 - 19:03:36 - 	at java.base/java.lang.Thread.run(Thread.java:833)
11.03.2023 - 19:03:37 - [TAB v3.2.4] Player placeholder %spbuild_getstagestring% generated an error when setting for player Dalynkaa
11.03.2023 - 19:03:37 - java.lang.IllegalStateException: zip file closed
11.03.2023 - 19:03:37 - 	at java.base/java.util.zip.ZipFile.ensureOpen(ZipFile.java:831)
11.03.2023 - 19:03:37 - 	at java.base/java.util.zip.ZipFile.getEntry(ZipFile.java:330)
11.03.2023 - 19:03:37 - 	at java.base/java.util.jar.JarFile.getEntry(JarFile.java:518)
11.03.2023 - 19:03:37 - 	at java.base/java.util.jar.JarFile.getJarEntry(JarFile.java:473)
11.03.2023 - 19:03:37 - 	at org.bukkit.plugin.java.PluginClassLoader.findClass(PluginClassLoader.java:189)
11.03.2023 - 19:03:37 - 	at java.base/java.lang.ClassLoader.loadClass(ClassLoader.java:587)
11.03.2023 - 19:03:37 - 	at org.bukkit.plugin.java.PluginClassLoader.loadClass0(PluginClassLoader.java:129)
11.03.2023 - 19:03:37 - 	at org.bukkit.plugin.java.PluginClassLoader.loadClass(PluginClassLoader.java:124)
11.03.2023 - 19:03:37 - 	at java.base/java.lang.ClassLoader.loadClass(ClassLoader.java:520)
11.03.2023 - 19:03:37 - 	at spworlds-1.0-SNAPSHOT.jar//com.spworlds.utils.PlaceholderApis.onRequest(PlaceholderApis.java:33)
11.03.2023 - 19:03:37 - 	at PlaceholderAPI-2.11.2.jar//me.clip.placeholderapi.replacer.CharsReplacer.apply(CharsReplacer.java:119)
11.03.2023 - 19:03:37 - 	at PlaceholderAPI-2.11.2.jar//me.clip.placeholderapi.PlaceholderAPI.setPlaceholders(PlaceholderAPI.java:71)
11.03.2023 - 19:03:37 - 	at PlaceholderAPI-2.11.2.jar//me.clip.placeholderapi.PlaceholderAPI.setPlaceholders(PlaceholderAPI.java:99)
11.03.2023 - 19:03:37 - 	at TAB.v3.2.4.jar//me.neznamy.tab.platforms.bukkit.BukkitPlatform.lambda$registerUnknownPlaceholder$2(BukkitPlatform.java:179)
11.03.2023 - 19:03:37 - 	at TAB.v3.2.4.jar//me.neznamy.tab.shared.placeholders.PlayerPlaceholderImpl.request(PlayerPlaceholderImpl.java:130)
11.03.2023 - 19:03:37 - 	at TAB.v3.2.4.jar//me.neznamy.tab.shared.placeholders.PlayerPlaceholderImpl.update(PlayerPlaceholderImpl.java:53)
11.03.2023 - 19:03:37 - 	at TAB.v3.2.4.jar//me.neznamy.tab.shared.features.PlaceholderManagerImpl.updatePlayerPlaceholder(PlaceholderManagerImpl.java:117)
11.03.2023 - 19:03:37 - 	at TAB.v3.2.4.jar//me.neznamy.tab.shared.features.PlaceholderManagerImpl.refresh(PlaceholderManagerImpl.java:68)
11.03.2023 - 19:03:37 - 	at TAB.v3.2.4.jar//me.neznamy.tab.shared.CpuManager.lambda$runMeasuredTask$8(CpuManager.java:354)
11.03.2023 - 19:03:37 - 	at TAB.v3.2.4.jar//me.neznamy.tab.shared.CpuManager.lambda$submit$1(CpuManager.java:111)
11.03.2023 - 19:03:37 - 	at java.base/java.util.concurrent.Executors$RunnableAdapter.call(Executors.java:539)
11.03.2023 - 19:03:37 - 	at java.base/java.util.concurrent.FutureTask.run(FutureTask.java:264)
11.03.2023 - 19:03:37 - 	at java.base/java.util.concurrent.ThreadPoolExecutor.runWorker(ThreadPoolExecutor.java:1136)
11.03.2023 - 19:03:37 - 	at java.base/java.util.concurrent.ThreadPoolExecutor$Worker.run(ThreadPoolExecutor.java:635)
11.03.2023 - 19:03:37 - 	at java.base/java.lang.Thread.run(Thread.java:833)
11.03.2023 - 19:03:37 - [TAB v3.2.4] Player placeholder %spbuild_getstagestring% generated an error when setting for player Dalynkaa
11.03.2023 - 19:03:37 - java.lang.IllegalStateException: zip file closed
11.03.2023 - 19:03:37 - 	at java.base/java.util.zip.ZipFile.ensureOpen(ZipFile.java:831)
11.03.2023 - 19:03:37 - 	at java.base/java.util.zip.ZipFile.getEntry(ZipFile.java:330)
11.03.2023 - 19:03:37 - 	at java.base/java.util.jar.JarFile.getEntry(JarFile.java:518)
11.03.2023 - 19:03:37 - 	at java.base/java.util.jar.JarFile.getJarEntry(JarFile.java:473)
11.03.2023 - 19:03:37 - 	at org.bukkit.plugin.java.PluginClassLoader.findClass(PluginClassLoader.java:189)
11.03.2023 - 19:03:37 - 	at java.base/java.lang.ClassLoader.loadClass(ClassLoader.java:587)
11.03.2023 - 19:03:37 - 	at org.bukkit.plugin.java.PluginClassLoader.loadClass0(PluginClassLoader.java:129)
11.03.2023 - 19:03:37 - 	at org.bukkit.plugin.java.PluginClassLoader.loadClass(PluginClassLoader.java:124)
11.03.2023 - 19:03:37 - 	at java.base/java.lang.ClassLoader.loadClass(ClassLoader.java:520)
11.03.2023 - 19:03:37 - 	at spworlds-1.0-SNAPSHOT.jar//com.spworlds.utils.PlaceholderApis.onRequest(PlaceholderApis.java:33)
11.03.2023 - 19:03:37 - 	at PlaceholderAPI-2.11.2.jar//me.clip.placeholderapi.replacer.CharsReplacer.apply(CharsReplacer.java:119)
11.03.2023 - 19:03:37 - 	at PlaceholderAPI-2.11.2.jar//me.clip.placeholderapi.PlaceholderAPI.setPlaceholders(PlaceholderAPI.java:71)
11.03.2023 - 19:03:37 - 	at PlaceholderAPI-2.11.2.jar//me.clip.placeholderapi.PlaceholderAPI.setPlaceholders(PlaceholderAPI.java:99)
11.03.2023 - 19:03:37 - 	at TAB.v3.2.4.jar//me.neznamy.tab.platforms.bukkit.BukkitPlatform.lambda$registerUnknownPlaceholder$2(BukkitPlatform.java:179)
11.03.2023 - 19:03:37 - 	at TAB.v3.2.4.jar//me.neznamy.tab.shared.placeholders.PlayerPlaceholderImpl.request(PlayerPlaceholderImpl.java:130)
11.03.2023 - 19:03:37 - 	at TAB.v3.2.4.jar//me.neznamy.tab.shared.placeholders.PlayerPlaceholderImpl.update(PlayerPlaceholderImpl.java:53)
11.03.2023 - 19:03:37 - 	at TAB.v3.2.4.jar//me.neznamy.tab.shared.features.PlaceholderManagerImpl.updatePlayerPlaceholder(PlaceholderManagerImpl.java:117)
11.03.2023 - 19:03:37 - 	at TAB.v3.2.4.jar//me.neznamy.tab.shared.features.PlaceholderManagerImpl.refresh(PlaceholderManagerImpl.java:68)
11.03.2023 - 19:03:37 - 	at TAB.v3.2.4.jar//me.neznamy.tab.shared.CpuManager.lambda$runMeasuredTask$8(CpuManager.java:354)
11.03.2023 - 19:03:37 - 	at TAB.v3.2.4.jar//me.neznamy.tab.shared.CpuManager.lambda$submit$1(CpuManager.java:111)
11.03.2023 - 19:03:37 - 	at java.base/java.util.concurrent.Executors$RunnableAdapter.call(Executors.java:539)
11.03.2023 - 19:03:37 - 	at java.base/java.util.concurrent.FutureTask.run(FutureTask.java:264)
11.03.2023 - 19:03:37 - 	at java.base/java.util.concurrent.ThreadPoolExecutor.runWorker(ThreadPoolExecutor.java:1136)
11.03.2023 - 19:03:37 - 	at java.base/java.util.concurrent.ThreadPoolExecutor$Worker.run(ThreadPoolExecutor.java:635)
11.03.2023 - 19:03:37 - 	at java.base/java.lang.Thread.run(Thread.java:833)
11.03.2023 - 19:03:38 - [TAB v3.2.4] Player placeholder %spbuild_getstagestring% generated an error when setting for player Dalynkaa
11.03.2023 - 19:03:38 - java.lang.IllegalStateException: zip file closed
11.03.2023 - 19:03:38 - 	at java.base/java.util.zip.ZipFile.ensureOpen(ZipFile.java:831)
11.03.2023 - 19:03:38 - 	at java.base/java.util.zip.ZipFile.getEntry(ZipFile.java:330)
11.03.2023 - 19:03:38 - 	at java.base/java.util.jar.JarFile.getEntry(JarFile.java:518)
11.03.2023 - 19:03:38 - 	at java.base/java.util.jar.JarFile.getJarEntry(JarFile.java:473)
11.03.2023 - 19:03:38 - 	at org.bukkit.plugin.java.PluginClassLoader.findClass(PluginClassLoader.java:189)
11.03.2023 - 19:03:38 - 	at java.base/java.lang.ClassLoader.loadClass(ClassLoader.java:587)
11.03.2023 - 19:03:38 - 	at org.bukkit.plugin.java.PluginClassLoader.loadClass0(PluginClassLoader.java:129)
11.03.2023 - 19:03:38 - 	at org.bukkit.plugin.java.PluginClassLoader.loadClass(PluginClassLoader.java:124)
11.03.2023 - 19:03:38 - 	at java.base/java.lang.ClassLoader.loadClass(ClassLoader.java:520)
11.03.2023 - 19:03:38 - 	at spworlds-1.0-SNAPSHOT.jar//com.spworlds.utils.PlaceholderApis.onRequest(PlaceholderApis.java:33)
11.03.2023 - 19:03:38 - 	at PlaceholderAPI-2.11.2.jar//me.clip.placeholderapi.replacer.CharsReplacer.apply(CharsReplacer.java:119)
11.03.2023 - 19:03:38 - 	at PlaceholderAPI-2.11.2.jar//me.clip.placeholderapi.PlaceholderAPI.setPlaceholders(PlaceholderAPI.java:71)
11.03.2023 - 19:03:38 - 	at PlaceholderAPI-2.11.2.jar//me.clip.placeholderapi.PlaceholderAPI.setPlaceholders(PlaceholderAPI.java:99)
11.03.2023 - 19:03:38 - 	at TAB.v3.2.4.jar//me.neznamy.tab.platforms.bukkit.BukkitPlatform.lambda$registerUnknownPlaceholder$2(BukkitPlatform.java:179)
11.03.2023 - 19:03:38 - 	at TAB.v3.2.4.jar//me.neznamy.tab.shared.placeholders.PlayerPlaceholderImpl.request(PlayerPlaceholderImpl.java:130)
11.03.2023 - 19:03:38 - 	at TAB.v3.2.4.jar//me.neznamy.tab.shared.placeholders.PlayerPlaceholderImpl.update(PlayerPlaceholderImpl.java:53)
11.03.2023 - 19:03:38 - 	at TAB.v3.2.4.jar//me.neznamy.tab.shared.features.PlaceholderManagerImpl.updatePlayerPlaceholder(PlaceholderManagerImpl.java:117)
11.03.2023 - 19:03:38 - 	at TAB.v3.2.4.jar//me.neznamy.tab.shared.features.PlaceholderManagerImpl.refresh(PlaceholderManagerImpl.java:68)
11.03.2023 - 19:03:38 - 	at TAB.v3.2.4.jar//me.neznamy.tab.shared.CpuManager.lambda$runMeasuredTask$8(CpuManager.java:354)
11.03.2023 - 19:03:38 - 	at TAB.v3.2.4.jar//me.neznamy.tab.shared.CpuManager.lambda$submit$1(CpuManager.java:111)
11.03.2023 - 19:03:38 - 	at java.base/java.util.concurrent.Executors$RunnableAdapter.call(Executors.java:539)
11.03.2023 - 19:03:38 - 	at java.base/java.util.concurrent.FutureTask.run(FutureTask.java:264)
11.03.2023 - 19:03:38 - 	at java.base/java.util.concurrent.ThreadPoolExecutor.runWorker(ThreadPoolExecutor.java:1136)
11.03.2023 - 19:03:38 - 	at java.base/java.util.concurrent.ThreadPoolExecutor$Worker.run(ThreadPoolExecutor.java:635)
11.03.2023 - 19:03:38 - 	at java.base/java.lang.Thread.run(Thread.java:833)
11.03.2023 - 19:03:38 - [TAB v3.2.4] Player placeholder %spbuild_getstagestring% generated an error when setting for player Dalynkaa
11.03.2023 - 19:03:38 - java.lang.IllegalStateException: zip file closed
11.03.2023 - 19:03:38 - 	at java.base/java.util.zip.ZipFile.ensureOpen(ZipFile.java:831)
11.03.2023 - 19:03:38 - 	at java.base/java.util.zip.ZipFile.getEntry(ZipFile.java:330)
11.03.2023 - 19:03:38 - 	at java.base/java.util.jar.JarFile.getEntry(JarFile.java:518)
11.03.2023 - 19:03:38 - 	at java.base/java.util.jar.JarFile.getJarEntry(JarFile.java:473)
11.03.2023 - 19:03:38 - 	at org.bukkit.plugin.java.PluginClassLoader.findClass(PluginClassLoader.java:189)
11.03.2023 - 19:03:38 - 	at java.base/java.lang.ClassLoader.loadClass(ClassLoader.java:587)
11.03.2023 - 19:03:38 - 	at org.bukkit.plugin.java.PluginClassLoader.loadClass0(PluginClassLoader.java:129)
11.03.2023 - 19:03:38 - 	at org.bukkit.plugin.java.PluginClassLoader.loadClass(PluginClassLoader.java:124)
11.03.2023 - 19:03:38 - 	at java.base/java.lang.ClassLoader.loadClass(ClassLoader.java:520)
11.03.2023 - 19:03:38 - 	at spworlds-1.0-SNAPSHOT.jar//com.spworlds.utils.PlaceholderApis.onRequest(PlaceholderApis.java:33)
11.03.2023 - 19:03:38 - 	at PlaceholderAPI-2.11.2.jar//me.clip.placeholderapi.replacer.CharsReplacer.apply(CharsReplacer.java:119)
11.03.2023 - 19:03:38 - 	at PlaceholderAPI-2.11.2.jar//me.clip.placeholderapi.PlaceholderAPI.setPlaceholders(PlaceholderAPI.java:71)
11.03.2023 - 19:03:38 - 	at PlaceholderAPI-2.11.2.jar//me.clip.placeholderapi.PlaceholderAPI.setPlaceholders(PlaceholderAPI.java:99)
11.03.2023 - 19:03:38 - 	at TAB.v3.2.4.jar//me.neznamy.tab.platforms.bukkit.BukkitPlatform.lambda$registerUnknownPlaceholder$2(BukkitPlatform.java:179)
11.03.2023 - 19:03:38 - 	at TAB.v3.2.4.jar//me.neznamy.tab.shared.placeholders.PlayerPlaceholderImpl.request(PlayerPlaceholderImpl.java:130)
11.03.2023 - 19:03:38 - 	at TAB.v3.2.4.jar//me.neznamy.tab.shared.placeholders.PlayerPlaceholderImpl.update(PlayerPlaceholderImpl.java:53)
11.03.2023 - 19:03:38 - 	at TAB.v3.2.4.jar//me.neznamy.tab.shared.features.PlaceholderManagerImpl.updatePlayerPlaceholder(PlaceholderManagerImpl.java:117)
11.03.2023 - 19:03:38 - 	at TAB.v3.2.4.jar//me.neznamy.tab.shared.features.PlaceholderManagerImpl.refresh(PlaceholderManagerImpl.java:68)
11.03.2023 - 19:03:38 - 	at TAB.v3.2.4.jar//me.neznamy.tab.shared.CpuManager.lambda$runMeasuredTask$8(CpuManager.java:354)
11.03.2023 - 19:03:38 - 	at TAB.v3.2.4.jar//me.neznamy.tab.shared.CpuManager.lambda$submit$1(CpuManager.java:111)
11.03.2023 - 19:03:38 - 	at java.base/java.util.concurrent.Executors$RunnableAdapter.call(Executors.java:539)
11.03.2023 - 19:03:38 - 	at java.base/java.util.concurrent.FutureTask.run(FutureTask.java:264)
11.03.2023 - 19:03:38 - 	at java.base/java.util.concurrent.ThreadPoolExecutor.runWorker(ThreadPoolExecutor.java:1136)
11.03.2023 - 19:03:38 - 	at java.base/java.util.concurrent.ThreadPoolExecutor$Worker.run(ThreadPoolExecutor.java:635)
11.03.2023 - 19:03:38 - 	at java.base/java.lang.Thread.run(Thread.java:833)
11.03.2023 - 19:03:39 - [TAB v3.2.4] Player placeholder %spbuild_getstagestring% generated an error when setting for player Dalynkaa
11.03.2023 - 19:03:39 - java.lang.IllegalStateException: zip file closed
11.03.2023 - 19:03:39 - 	at java.base/java.util.zip.ZipFile.ensureOpen(ZipFile.java:831)
11.03.2023 - 19:03:39 - 	at java.base/java.util.zip.ZipFile.getEntry(ZipFile.java:330)
11.03.2023 - 19:03:39 - 	at java.base/java.util.jar.JarFile.getEntry(JarFile.java:518)
11.03.2023 - 19:03:39 - 	at java.base/java.util.jar.JarFile.getJarEntry(JarFile.java:473)
11.03.2023 - 19:03:39 - 	at org.bukkit.plugin.java.PluginClassLoader.findClass(PluginClassLoader.java:189)
11.03.2023 - 19:03:39 - 	at java.base/java.lang.ClassLoader.loadClass(ClassLoader.java:587)
11.03.2023 - 19:03:39 - 	at org.bukkit.plugin.java.PluginClassLoader.loadClass0(PluginClassLoader.java:129)
11.03.2023 - 19:03:39 - 	at org.bukkit.plugin.java.PluginClassLoader.loadClass(PluginClassLoader.java:124)
11.03.2023 - 19:03:39 - 	at java.base/java.lang.ClassLoader.loadClass(ClassLoader.java:520)
11.03.2023 - 19:03:39 - 	at spworlds-1.0-SNAPSHOT.jar//com.spworlds.utils.PlaceholderApis.onRequest(PlaceholderApis.java:33)
11.03.2023 - 19:03:39 - 	at PlaceholderAPI-2.11.2.jar//me.clip.placeholderapi.replacer.CharsReplacer.apply(CharsReplacer.java:119)
11.03.2023 - 19:03:39 - 	at PlaceholderAPI-2.11.2.jar//me.clip.placeholderapi.PlaceholderAPI.setPlaceholders(PlaceholderAPI.java:71)
11.03.2023 - 19:03:39 - 	at PlaceholderAPI-2.11.2.jar//me.clip.placeholderapi.PlaceholderAPI.setPlaceholders(PlaceholderAPI.java:99)
11.03.2023 - 19:03:39 - 	at TAB.v3.2.4.jar//me.neznamy.tab.platforms.bukkit.BukkitPlatform.lambda$registerUnknownPlaceholder$2(BukkitPlatform.java:179)
11.03.2023 - 19:03:39 - 	at TAB.v3.2.4.jar//me.neznamy.tab.shared.placeholders.PlayerPlaceholderImpl.request(PlayerPlaceholderImpl.java:130)
11.03.2023 - 19:03:39 - 	at TAB.v3.2.4.jar//me.neznamy.tab.shared.placeholders.PlayerPlaceholderImpl.update(PlayerPlaceholderImpl.java:53)
11.03.2023 - 19:03:39 - 	at TAB.v3.2.4.jar//me.neznamy.tab.shared.features.PlaceholderManagerImpl.updatePlayerPlaceholder(PlaceholderManagerImpl.java:117)
11.03.2023 - 19:03:39 - 	at TAB.v3.2.4.jar//me.neznamy.tab.shared.features.PlaceholderManagerImpl.refresh(PlaceholderManagerImpl.java:68)
11.03.2023 - 19:03:39 - 	at TAB.v3.2.4.jar//me.neznamy.tab.shared.CpuManager.lambda$runMeasuredTask$8(CpuManager.java:354)
11.03.2023 - 19:03:39 - 	at TAB.v3.2.4.jar//me.neznamy.tab.shared.CpuManager.lambda$submit$1(CpuManager.java:111)
11.03.2023 - 19:03:39 - 	at java.base/java.util.concurrent.Executors$RunnableAdapter.call(Executors.java:539)
11.03.2023 - 19:03:39 - 	at java.base/java.util.concurrent.FutureTask.run(FutureTask.java:264)
11.03.2023 - 19:03:39 - 	at java.base/java.util.concurrent.ThreadPoolExecutor.runWorker(ThreadPoolExecutor.java:1136)
11.03.2023 - 19:03:39 - 	at java.base/java.util.concurrent.ThreadPoolExecutor$Worker.run(ThreadPoolExecutor.java:635)
11.03.2023 - 19:03:39 - 	at java.base/java.lang.Thread.run(Thread.java:833)
11.03.2023 - 19:03:39 - [TAB v3.2.4] Player placeholder %spbuild_getstagestring% generated an error when setting for player Dalynkaa
11.03.2023 - 19:03:39 - java.lang.IllegalStateException: zip file closed
11.03.2023 - 19:03:39 - 	at java.base/java.util.zip.ZipFile.ensureOpen(ZipFile.java:831)
11.03.2023 - 19:03:39 - 	at java.base/java.util.zip.ZipFile.getEntry(ZipFile.java:330)
11.03.2023 - 19:03:39 - 	at java.base/java.util.jar.JarFile.getEntry(JarFile.java:518)
11.03.2023 - 19:03:39 - 	at java.base/java.util.jar.JarFile.getJarEntry(JarFile.java:473)
11.03.2023 - 19:03:39 - 	at org.bukkit.plugin.java.PluginClassLoader.findClass(PluginClassLoader.java:189)
11.03.2023 - 19:03:39 - 	at java.base/java.lang.ClassLoader.loadClass(ClassLoader.java:587)
11.03.2023 - 19:03:39 - 	at org.bukkit.plugin.java.PluginClassLoader.loadClass0(PluginClassLoader.java:129)
11.03.2023 - 19:03:39 - 	at org.bukkit.plugin.java.PluginClassLoader.loadClass(PluginClassLoader.java:124)
11.03.2023 - 19:03:39 - 	at java.base/java.lang.ClassLoader.loadClass(ClassLoader.java:520)
11.03.2023 - 19:03:39 - 	at spworlds-1.0-SNAPSHOT.jar//com.spworlds.utils.PlaceholderApis.onRequest(PlaceholderApis.java:33)
11.03.2023 - 19:03:39 - 	at PlaceholderAPI-2.11.2.jar//me.clip.placeholderapi.replacer.CharsReplacer.apply(CharsReplacer.java:119)
11.03.2023 - 19:03:39 - 	at PlaceholderAPI-2.11.2.jar//me.clip.placeholderapi.PlaceholderAPI.setPlaceholders(PlaceholderAPI.java:71)
11.03.2023 - 19:03:39 - 	at PlaceholderAPI-2.11.2.jar//me.clip.placeholderapi.PlaceholderAPI.setPlaceholders(PlaceholderAPI.java:99)
11.03.2023 - 19:03:39 - 	at TAB.v3.2.4.jar//me.neznamy.tab.platforms.bukkit.BukkitPlatform.lambda$registerUnknownPlaceholder$2(BukkitPlatform.java:179)
11.03.2023 - 19:03:39 - 	at TAB.v3.2.4.jar//me.neznamy.tab.shared.placeholders.PlayerPlaceholderImpl.request(PlayerPlaceholderImpl.java:130)
11.03.2023 - 19:03:39 - 	at TAB.v3.2.4.jar//me.neznamy.tab.shared.placeholders.PlayerPlaceholderImpl.update(PlayerPlaceholderImpl.java:53)
11.03.2023 - 19:03:39 - 	at TAB.v3.2.4.jar//me.neznamy.tab.shared.features.PlaceholderManagerImpl.updatePlayerPlaceholder(PlaceholderManagerImpl.java:117)
11.03.2023 - 19:03:39 - 	at TAB.v3.2.4.jar//me.neznamy.tab.shared.features.PlaceholderManagerImpl.refresh(PlaceholderManagerImpl.java:68)
11.03.2023 - 19:03:39 - 	at TAB.v3.2.4.jar//me.neznamy.tab.shared.CpuManager.lambda$runMeasuredTask$8(CpuManager.java:354)
11.03.2023 - 19:03:39 - 	at TAB.v3.2.4.jar//me.neznamy.tab.shared.CpuManager.lambda$submit$1(CpuManager.java:111)
11.03.2023 - 19:03:39 - 	at java.base/java.util.concurrent.Executors$RunnableAdapter.call(Executors.java:539)
11.03.2023 - 19:03:39 - 	at java.base/java.util.concurrent.FutureTask.run(FutureTask.java:264)
11.03.2023 - 19:03:39 - 	at java.base/java.util.concurrent.ThreadPoolExecutor.runWorker(ThreadPoolExecutor.java:1136)
11.03.2023 - 19:03:39 - 	at java.base/java.util.concurrent.ThreadPoolExecutor$Worker.run(ThreadPoolExecutor.java:635)
11.03.2023 - 19:03:39 - 	at java.base/java.lang.Thread.run(Thread.java:833)
11.03.2023 - 19:03:40 - [TAB v3.2.4] Player placeholder %spbuild_getstagestring% generated an error when setting for player Dalynkaa
11.03.2023 - 19:03:40 - java.lang.IllegalStateException: zip file closed
11.03.2023 - 19:03:40 - 	at java.base/java.util.zip.ZipFile.ensureOpen(ZipFile.java:831)
11.03.2023 - 19:03:40 - 	at java.base/java.util.zip.ZipFile.getEntry(ZipFile.java:330)
11.03.2023 - 19:03:40 - 	at java.base/java.util.jar.JarFile.getEntry(JarFile.java:518)
11.03.2023 - 19:03:40 - 	at java.base/java.util.jar.JarFile.getJarEntry(JarFile.java:473)
11.03.2023 - 19:03:40 - 	at org.bukkit.plugin.java.PluginClassLoader.findClass(PluginClassLoader.java:189)
11.03.2023 - 19:03:40 - 	at java.base/java.lang.ClassLoader.loadClass(ClassLoader.java:587)
11.03.2023 - 19:03:40 - 	at org.bukkit.plugin.java.PluginClassLoader.loadClass0(PluginClassLoader.java:129)
11.03.2023 - 19:03:40 - 	at org.bukkit.plugin.java.PluginClassLoader.loadClass(PluginClassLoader.java:124)
11.03.2023 - 19:03:40 - 	at java.base/java.lang.ClassLoader.loadClass(ClassLoader.java:520)
11.03.2023 - 19:03:40 - 	at spworlds-1.0-SNAPSHOT.jar//com.spworlds.utils.PlaceholderApis.onRequest(PlaceholderApis.java:33)
11.03.2023 - 19:03:40 - 	at PlaceholderAPI-2.11.2.jar//me.clip.placeholderapi.replacer.CharsReplacer.apply(CharsReplacer.java:119)
11.03.2023 - 19:03:40 - 	at PlaceholderAPI-2.11.2.jar//me.clip.placeholderapi.PlaceholderAPI.setPlaceholders(PlaceholderAPI.java:71)
11.03.2023 - 19:03:40 - 	at PlaceholderAPI-2.11.2.jar//me.clip.placeholderapi.PlaceholderAPI.setPlaceholders(PlaceholderAPI.java:99)
11.03.2023 - 19:03:40 - 	at TAB.v3.2.4.jar//me.neznamy.tab.platforms.bukkit.BukkitPlatform.lambda$registerUnknownPlaceholder$2(BukkitPlatform.java:179)
11.03.2023 - 19:03:40 - 	at TAB.v3.2.4.jar//me.neznamy.tab.shared.placeholders.PlayerPlaceholderImpl.request(PlayerPlaceholderImpl.java:130)
11.03.2023 - 19:03:40 - 	at TAB.v3.2.4.jar//me.neznamy.tab.shared.placeholders.PlayerPlaceholderImpl.update(PlayerPlaceholderImpl.java:53)
11.03.2023 - 19:03:40 - 	at TAB.v3.2.4.jar//me.neznamy.tab.shared.features.PlaceholderManagerImpl.updatePlayerPlaceholder(PlaceholderManagerImpl.java:117)
11.03.2023 - 19:03:40 - 	at TAB.v3.2.4.jar//me.neznamy.tab.shared.features.PlaceholderManagerImpl.refresh(PlaceholderManagerImpl.java:68)
11.03.2023 - 19:03:40 - 	at TAB.v3.2.4.jar//me.neznamy.tab.shared.CpuManager.lambda$runMeasuredTask$8(CpuManager.java:354)
11.03.2023 - 19:03:40 - 	at TAB.v3.2.4.jar//me.neznamy.tab.shared.CpuManager.lambda$submit$1(CpuManager.java:111)
11.03.2023 - 19:03:40 - 	at java.base/java.util.concurrent.Executors$RunnableAdapter.call(Executors.java:539)
11.03.2023 - 19:03:40 - 	at java.base/java.util.concurrent.FutureTask.run(FutureTask.java:264)
11.03.2023 - 19:03:40 - 	at java.base/java.util.concurrent.ThreadPoolExecutor.runWorker(ThreadPoolExecutor.java:1136)
11.03.2023 - 19:03:40 - 	at java.base/java.util.concurrent.ThreadPoolExecutor$Worker.run(ThreadPoolExecutor.java:635)
11.03.2023 - 19:03:40 - 	at java.base/java.lang.Thread.run(Thread.java:833)
11.03.2023 - 19:03:40 - [TAB v3.2.4] Player placeholder %spbuild_getstagestring% generated an error when setting for player Dalynkaa
11.03.2023 - 19:03:40 - java.lang.IllegalStateException: zip file closed
11.03.2023 - 19:03:40 - 	at java.base/java.util.zip.ZipFile.ensureOpen(ZipFile.java:831)
11.03.2023 - 19:03:40 - 	at java.base/java.util.zip.ZipFile.getEntry(ZipFile.java:330)
11.03.2023 - 19:03:40 - 	at java.base/java.util.jar.JarFile.getEntry(JarFile.java:518)
11.03.2023 - 19:03:40 - 	at java.base/java.util.jar.JarFile.getJarEntry(JarFile.java:473)
11.03.2023 - 19:03:40 - 	at org.bukkit.plugin.java.PluginClassLoader.findClass(PluginClassLoader.java:189)
11.03.2023 - 19:03:40 - 	at java.base/java.lang.ClassLoader.loadClass(ClassLoader.java:587)
11.03.2023 - 19:03:40 - 	at org.bukkit.plugin.java.PluginClassLoader.loadClass0(PluginClassLoader.java:129)
11.03.2023 - 19:03:40 - 	at org.bukkit.plugin.java.PluginClassLoader.loadClass(PluginClassLoader.java:124)
11.03.2023 - 19:03:40 - 	at java.base/java.lang.ClassLoader.loadClass(ClassLoader.java:520)
11.03.2023 - 19:03:40 - 	at spworlds-1.0-SNAPSHOT.jar//com.spworlds.utils.PlaceholderApis.onRequest(PlaceholderApis.java:33)
11.03.2023 - 19:03:40 - 	at PlaceholderAPI-2.11.2.jar//me.clip.placeholderapi.replacer.CharsReplacer.apply(CharsReplacer.java:119)
11.03.2023 - 19:03:40 - 	at PlaceholderAPI-2.11.2.jar//me.clip.placeholderapi.PlaceholderAPI.setPlaceholders(PlaceholderAPI.java:71)
11.03.2023 - 19:03:40 - 	at PlaceholderAPI-2.11.2.jar//me.clip.placeholderapi.PlaceholderAPI.setPlaceholders(PlaceholderAPI.java:99)
11.03.2023 - 19:03:40 - 	at TAB.v3.2.4.jar//me.neznamy.tab.platforms.bukkit.BukkitPlatform.lambda$registerUnknownPlaceholder$2(BukkitPlatform.java:179)
11.03.2023 - 19:03:40 - 	at TAB.v3.2.4.jar//me.neznamy.tab.shared.placeholders.PlayerPlaceholderImpl.request(PlayerPlaceholderImpl.java:130)
11.03.2023 - 19:03:40 - 	at TAB.v3.2.4.jar//me.neznamy.tab.shared.placeholders.PlayerPlaceholderImpl.update(PlayerPlaceholderImpl.java:53)
11.03.2023 - 19:03:40 - 	at TAB.v3.2.4.jar//me.neznamy.tab.shared.features.PlaceholderManagerImpl.updatePlayerPlaceholder(PlaceholderManagerImpl.java:117)
11.03.2023 - 19:03:40 - 	at TAB.v3.2.4.jar//me.neznamy.tab.shared.features.PlaceholderManagerImpl.refresh(PlaceholderManagerImpl.java:68)
11.03.2023 - 19:03:40 - 	at TAB.v3.2.4.jar//me.neznamy.tab.shared.CpuManager.lambda$runMeasuredTask$8(CpuManager.java:354)
11.03.2023 - 19:03:40 - 	at TAB.v3.2.4.jar//me.neznamy.tab.shared.CpuManager.lambda$submit$1(CpuManager.java:111)
11.03.2023 - 19:03:40 - 	at java.base/java.util.concurrent.Executors$RunnableAdapter.call(Executors.java:539)
11.03.2023 - 19:03:40 - 	at java.base/java.util.concurrent.FutureTask.run(FutureTask.java:264)
11.03.2023 - 19:03:40 - 	at java.base/java.util.concurrent.ThreadPoolExecutor.runWorker(ThreadPoolExecutor.java:1136)
11.03.2023 - 19:03:40 - 	at java.base/java.util.concurrent.ThreadPoolExecutor$Worker.run(ThreadPoolExecutor.java:635)
11.03.2023 - 19:03:40 - 	at java.base/java.lang.Thread.run(Thread.java:833)
11.03.2023 - 19:03:41 - [TAB v3.2.4] Player placeholder %spbuild_getstagestring% generated an error when setting for player Dalynkaa
11.03.2023 - 19:03:41 - java.lang.IllegalStateException: zip file closed
11.03.2023 - 19:03:41 - 	at java.base/java.util.zip.ZipFile.ensureOpen(ZipFile.java:831)
11.03.2023 - 19:03:41 - 	at java.base/java.util.zip.ZipFile.getEntry(ZipFile.java:330)
11.03.2023 - 19:03:41 - 	at java.base/java.util.jar.JarFile.getEntry(JarFile.java:518)
11.03.2023 - 19:03:41 - 	at java.base/java.util.jar.JarFile.getJarEntry(JarFile.java:473)
11.03.2023 - 19:03:41 - 	at org.bukkit.plugin.java.PluginClassLoader.findClass(PluginClassLoader.java:189)
11.03.2023 - 19:03:41 - 	at java.base/java.lang.ClassLoader.loadClass(ClassLoader.java:587)
11.03.2023 - 19:03:41 - 	at org.bukkit.plugin.java.PluginClassLoader.loadClass0(PluginClassLoader.java:129)
11.03.2023 - 19:03:41 - 	at org.bukkit.plugin.java.PluginClassLoader.loadClass(PluginClassLoader.java:124)
11.03.2023 - 19:03:41 - 	at java.base/java.lang.ClassLoader.loadClass(ClassLoader.java:520)
11.03.2023 - 19:03:41 - 	at spworlds-1.0-SNAPSHOT.jar//com.spworlds.utils.PlaceholderApis.onRequest(PlaceholderApis.java:33)
11.03.2023 - 19:03:41 - 	at PlaceholderAPI-2.11.2.jar//me.clip.placeholderapi.replacer.CharsReplacer.apply(CharsReplacer.java:119)
11.03.2023 - 19:03:41 - 	at PlaceholderAPI-2.11.2.jar//me.clip.placeholderapi.PlaceholderAPI.setPlaceholders(PlaceholderAPI.java:71)
11.03.2023 - 19:03:41 - 	at PlaceholderAPI-2.11.2.jar//me.clip.placeholderapi.PlaceholderAPI.setPlaceholders(PlaceholderAPI.java:99)
11.03.2023 - 19:03:41 - 	at TAB.v3.2.4.jar//me.neznamy.tab.platforms.bukkit.BukkitPlatform.lambda$registerUnknownPlaceholder$2(BukkitPlatform.java:179)
11.03.2023 - 19:03:41 - 	at TAB.v3.2.4.jar//me.neznamy.tab.shared.placeholders.PlayerPlaceholderImpl.request(PlayerPlaceholderImpl.java:130)
11.03.2023 - 19:03:41 - 	at TAB.v3.2.4.jar//me.neznamy.tab.shared.placeholders.PlayerPlaceholderImpl.update(PlayerPlaceholderImpl.java:53)
11.03.2023 - 19:03:41 - 	at TAB.v3.2.4.jar//me.neznamy.tab.shared.features.PlaceholderManagerImpl.updatePlayerPlaceholder(PlaceholderManagerImpl.java:117)
11.03.2023 - 19:03:41 - 	at TAB.v3.2.4.jar//me.neznamy.tab.shared.features.PlaceholderManagerImpl.refresh(PlaceholderManagerImpl.java:68)
11.03.2023 - 19:03:41 - 	at TAB.v3.2.4.jar//me.neznamy.tab.shared.CpuManager.lambda$runMeasuredTask$8(CpuManager.java:354)
11.03.2023 - 19:03:41 - 	at TAB.v3.2.4.jar//me.neznamy.tab.shared.CpuManager.lambda$submit$1(CpuManager.java:111)
11.03.2023 - 19:03:41 - 	at java.base/java.util.concurrent.Executors$RunnableAdapter.call(Executors.java:539)
11.03.2023 - 19:03:41 - 	at java.base/java.util.concurrent.FutureTask.run(FutureTask.java:264)
11.03.2023 - 19:03:41 - 	at java.base/java.util.concurrent.ThreadPoolExecutor.runWorker(ThreadPoolExecutor.java:1136)
11.03.2023 - 19:03:41 - 	at java.base/java.util.concurrent.ThreadPoolExecutor$Worker.run(ThreadPoolExecutor.java:635)
11.03.2023 - 19:03:41 - 	at java.base/java.lang.Thread.run(Thread.java:833)
11.03.2023 - 19:03:41 - [TAB v3.2.4] Player placeholder %spbuild_getstagestring% generated an error when setting for player Dalynkaa
11.03.2023 - 19:03:41 - java.lang.IllegalStateException: zip file closed
11.03.2023 - 19:03:41 - 	at java.base/java.util.zip.ZipFile.ensureOpen(ZipFile.java:831)
11.03.2023 - 19:03:41 - 	at java.base/java.util.zip.ZipFile.getEntry(ZipFile.java:330)
11.03.2023 - 19:03:41 - 	at java.base/java.util.jar.JarFile.getEntry(JarFile.java:518)
11.03.2023 - 19:03:41 - 	at java.base/java.util.jar.JarFile.getJarEntry(JarFile.java:473)
11.03.2023 - 19:03:41 - 	at org.bukkit.plugin.java.PluginClassLoader.findClass(PluginClassLoader.java:189)
11.03.2023 - 19:03:41 - 	at java.base/java.lang.ClassLoader.loadClass(ClassLoader.java:587)
11.03.2023 - 19:03:41 - 	at org.bukkit.plugin.java.PluginClassLoader.loadClass0(PluginClassLoader.java:129)
11.03.2023 - 19:03:41 - 	at org.bukkit.plugin.java.PluginClassLoader.loadClass(PluginClassLoader.java:124)
11.03.2023 - 19:03:41 - 	at java.base/java.lang.ClassLoader.loadClass(ClassLoader.java:520)
11.03.2023 - 19:03:41 - 	at spworlds-1.0-SNAPSHOT.jar//com.spworlds.utils.PlaceholderApis.onRequest(PlaceholderApis.java:33)
11.03.2023 - 19:03:41 - 	at PlaceholderAPI-2.11.2.jar//me.clip.placeholderapi.replacer.CharsReplacer.apply(CharsReplacer.java:119)
11.03.2023 - 19:03:41 - 	at PlaceholderAPI-2.11.2.jar//me.clip.placeholderapi.PlaceholderAPI.setPlaceholders(PlaceholderAPI.java:71)
11.03.2023 - 19:03:41 - 	at PlaceholderAPI-2.11.2.jar//me.clip.placeholderapi.PlaceholderAPI.setPlaceholders(PlaceholderAPI.java:99)
11.03.2023 - 19:03:41 - 	at TAB.v3.2.4.jar//me.neznamy.tab.platforms.bukkit.BukkitPlatform.lambda$registerUnknownPlaceholder$2(BukkitPlatform.java:179)
11.03.2023 - 19:03:41 - 	at TAB.v3.2.4.jar//me.neznamy.tab.shared.placeholders.PlayerPlaceholderImpl.request(PlayerPlaceholderImpl.java:130)
11.03.2023 - 19:03:41 - 	at TAB.v3.2.4.jar//me.neznamy.tab.shared.placeholders.PlayerPlaceholderImpl.update(PlayerPlaceholderImpl.java:53)
11.03.2023 - 19:03:41 - 	at TAB.v3.2.4.jar//me.neznamy.tab.shared.features.PlaceholderManagerImpl.updatePlayerPlaceholder(PlaceholderManagerImpl.java:117)
11.03.2023 - 19:03:41 - 	at TAB.v3.2.4.jar//me.neznamy.tab.shared.features.PlaceholderManagerImpl.refresh(PlaceholderManagerImpl.java:68)
11.03.2023 - 19:03:41 - 	at TAB.v3.2.4.jar//me.neznamy.tab.shared.CpuManager.lambda$runMeasuredTask$8(CpuManager.java:354)
11.03.2023 - 19:03:41 - 	at TAB.v3.2.4.jar//me.neznamy.tab.shared.CpuManager.lambda$submit$1(CpuManager.java:111)
11.03.2023 - 19:03:41 - 	at java.base/java.util.concurrent.Executors$RunnableAdapter.call(Executors.java:539)
11.03.2023 - 19:03:41 - 	at java.base/java.util.concurrent.FutureTask.run(FutureTask.java:264)
11.03.2023 - 19:03:41 - 	at java.base/java.util.concurrent.ThreadPoolExecutor.runWorker(ThreadPoolExecutor.java:1136)
11.03.2023 - 19:03:41 - 	at java.base/java.util.concurrent.ThreadPoolExecutor$Worker.run(ThreadPoolExecutor.java:635)
11.03.2023 - 19:03:41 - 	at java.base/java.lang.Thread.run(Thread.java:833)
11.03.2023 - 19:03:42 - [TAB v3.2.4] Player placeholder %spbuild_getstagestring% generated an error when setting for player Dalynkaa
11.03.2023 - 19:03:42 - java.lang.IllegalStateException: zip file closed
11.03.2023 - 19:03:42 - 	at java.base/java.util.zip.ZipFile.ensureOpen(ZipFile.java:831)
11.03.2023 - 19:03:42 - 	at java.base/java.util.zip.ZipFile.getEntry(ZipFile.java:330)
11.03.2023 - 19:03:42 - 	at java.base/java.util.jar.JarFile.getEntry(JarFile.java:518)
11.03.2023 - 19:03:42 - 	at java.base/java.util.jar.JarFile.getJarEntry(JarFile.java:473)
11.03.2023 - 19:03:42 - 	at org.bukkit.plugin.java.PluginClassLoader.findClass(PluginClassLoader.java:189)
11.03.2023 - 19:03:42 - 	at java.base/java.lang.ClassLoader.loadClass(ClassLoader.java:587)
11.03.2023 - 19:03:42 - 	at org.bukkit.plugin.java.PluginClassLoader.loadClass0(PluginClassLoader.java:129)
11.03.2023 - 19:03:42 - 	at org.bukkit.plugin.java.PluginClassLoader.loadClass(PluginClassLoader.java:124)
11.03.2023 - 19:03:42 - 	at java.base/java.lang.ClassLoader.loadClass(ClassLoader.java:520)
11.03.2023 - 19:03:42 - 	at spworlds-1.0-SNAPSHOT.jar//com.spworlds.utils.PlaceholderApis.onRequest(PlaceholderApis.java:33)
11.03.2023 - 19:03:42 - 	at PlaceholderAPI-2.11.2.jar//me.clip.placeholderapi.replacer.CharsReplacer.apply(CharsReplacer.java:119)
11.03.2023 - 19:03:42 - 	at PlaceholderAPI-2.11.2.jar//me.clip.placeholderapi.PlaceholderAPI.setPlaceholders(PlaceholderAPI.java:71)
11.03.2023 - 19:03:42 - 	at PlaceholderAPI-2.11.2.jar//me.clip.placeholderapi.PlaceholderAPI.setPlaceholders(PlaceholderAPI.java:99)
11.03.2023 - 19:03:42 - 	at TAB.v3.2.4.jar//me.neznamy.tab.platforms.bukkit.BukkitPlatform.lambda$registerUnknownPlaceholder$2(BukkitPlatform.java:179)
11.03.2023 - 19:03:42 - 	at TAB.v3.2.4.jar//me.neznamy.tab.shared.placeholders.PlayerPlaceholderImpl.request(PlayerPlaceholderImpl.java:130)
11.03.2023 - 19:03:42 - 	at TAB.v3.2.4.jar//me.neznamy.tab.shared.placeholders.PlayerPlaceholderImpl.update(PlayerPlaceholderImpl.java:53)
11.03.2023 - 19:03:42 - 	at TAB.v3.2.4.jar//me.neznamy.tab.shared.features.PlaceholderManagerImpl.updatePlayerPlaceholder(PlaceholderManagerImpl.java:117)
11.03.2023 - 19:03:42 - 	at TAB.v3.2.4.jar//me.neznamy.tab.shared.features.PlaceholderManagerImpl.refresh(PlaceholderManagerImpl.java:68)
11.03.2023 - 19:03:42 - 	at TAB.v3.2.4.jar//me.neznamy.tab.shared.CpuManager.lambda$runMeasuredTask$8(CpuManager.java:354)
11.03.2023 - 19:03:42 - 	at TAB.v3.2.4.jar//me.neznamy.tab.shared.CpuManager.lambda$submit$1(CpuManager.java:111)
11.03.2023 - 19:03:42 - 	at java.base/java.util.concurrent.Executors$RunnableAdapter.call(Executors.java:539)
11.03.2023 - 19:03:42 - 	at java.base/java.util.concurrent.FutureTask.run(FutureTask.java:264)
11.03.2023 - 19:03:42 - 	at java.base/java.util.concurrent.ThreadPoolExecutor.runWorker(ThreadPoolExecutor.java:1136)
11.03.2023 - 19:03:42 - 	at java.base/java.util.concurrent.ThreadPoolExecutor$Worker.run(ThreadPoolExecutor.java:635)
11.03.2023 - 19:03:42 - 	at java.base/java.lang.Thread.run(Thread.java:833)
11.03.2023 - 19:03:42 - [TAB v3.2.4] Player placeholder %spbuild_getstagestring% generated an error when setting for player Dalynkaa
11.03.2023 - 19:03:42 - java.lang.IllegalStateException: zip file closed
11.03.2023 - 19:03:42 - 	at java.base/java.util.zip.ZipFile.ensureOpen(ZipFile.java:831)
11.03.2023 - 19:03:42 - 	at java.base/java.util.zip.ZipFile.getEntry(ZipFile.java:330)
11.03.2023 - 19:03:42 - 	at java.base/java.util.jar.JarFile.getEntry(JarFile.java:518)
11.03.2023 - 19:03:42 - 	at java.base/java.util.jar.JarFile.getJarEntry(JarFile.java:473)
11.03.2023 - 19:03:42 - 	at org.bukkit.plugin.java.PluginClassLoader.findClass(PluginClassLoader.java:189)
11.03.2023 - 19:03:42 - 	at java.base/java.lang.ClassLoader.loadClass(ClassLoader.java:587)
11.03.2023 - 19:03:42 - 	at org.bukkit.plugin.java.PluginClassLoader.loadClass0(PluginClassLoader.java:129)
11.03.2023 - 19:03:42 - 	at org.bukkit.plugin.java.PluginClassLoader.loadClass(PluginClassLoader.java:124)
11.03.2023 - 19:03:42 - 	at java.base/java.lang.ClassLoader.loadClass(ClassLoader.java:520)
11.03.2023 - 19:03:42 - 	at spworlds-1.0-SNAPSHOT.jar//com.spworlds.utils.PlaceholderApis.onRequest(PlaceholderApis.java:33)
11.03.2023 - 19:03:42 - 	at PlaceholderAPI-2.11.2.jar//me.clip.placeholderapi.replacer.CharsReplacer.apply(CharsReplacer.java:119)
11.03.2023 - 19:03:42 - 	at PlaceholderAPI-2.11.2.jar//me.clip.placeholderapi.PlaceholderAPI.setPlaceholders(PlaceholderAPI.java:71)
11.03.2023 - 19:03:42 - 	at PlaceholderAPI-2.11.2.jar//me.clip.placeholderapi.PlaceholderAPI.setPlaceholders(PlaceholderAPI.java:99)
11.03.2023 - 19:03:42 - 	at TAB.v3.2.4.jar//me.neznamy.tab.platforms.bukkit.BukkitPlatform.lambda$registerUnknownPlaceholder$2(BukkitPlatform.java:179)
11.03.2023 - 19:03:42 - 	at TAB.v3.2.4.jar//me.neznamy.tab.shared.placeholders.PlayerPlaceholderImpl.request(PlayerPlaceholderImpl.java:130)
11.03.2023 - 19:03:42 - 	at TAB.v3.2.4.jar//me.neznamy.tab.shared.placeholders.PlayerPlaceholderImpl.update(PlayerPlaceholderImpl.java:53)
11.03.2023 - 19:03:42 - 	at TAB.v3.2.4.jar//me.neznamy.tab.shared.features.PlaceholderManagerImpl.updatePlayerPlaceholder(PlaceholderManagerImpl.java:117)
11.03.2023 - 19:03:42 - 	at TAB.v3.2.4.jar//me.neznamy.tab.shared.features.PlaceholderManagerImpl.refresh(PlaceholderManagerImpl.java:68)
11.03.2023 - 19:03:42 - 	at TAB.v3.2.4.jar//me.neznamy.tab.shared.CpuManager.lambda$runMeasuredTask$8(CpuManager.java:354)
11.03.2023 - 19:03:42 - 	at TAB.v3.2.4.jar//me.neznamy.tab.shared.CpuManager.lambda$submit$1(CpuManager.java:111)
11.03.2023 - 19:03:42 - 	at java.base/java.util.concurrent.Executors$RunnableAdapter.call(Executors.java:539)
11.03.2023 - 19:03:42 - 	at java.base/java.util.concurrent.FutureTask.run(FutureTask.java:264)
11.03.2023 - 19:03:42 - 	at java.base/java.util.concurrent.ThreadPoolExecutor.runWorker(ThreadPoolExecutor.java:1136)
11.03.2023 - 19:03:42 - 	at java.base/java.util.concurrent.ThreadPoolExecutor$Worker.run(ThreadPoolExecutor.java:635)
11.03.2023 - 19:03:42 - 	at java.base/java.lang.Thread.run(Thread.java:833)
11.03.2023 - 19:03:43 - [TAB v3.2.4] Player placeholder %spbuild_getstagestring% generated an error when setting for player Dalynkaa
11.03.2023 - 19:03:43 - java.lang.IllegalStateException: zip file closed
11.03.2023 - 19:03:43 - 	at java.base/java.util.zip.ZipFile.ensureOpen(ZipFile.java:831)
11.03.2023 - 19:03:43 - 	at java.base/java.util.zip.ZipFile.getEntry(ZipFile.java:330)
11.03.2023 - 19:03:43 - 	at java.base/java.util.jar.JarFile.getEntry(JarFile.java:518)
11.03.2023 - 19:03:43 - 	at java.base/java.util.jar.JarFile.getJarEntry(JarFile.java:473)
11.03.2023 - 19:03:43 - 	at org.bukkit.plugin.java.PluginClassLoader.findClass(PluginClassLoader.java:189)
11.03.2023 - 19:03:43 - 	at java.base/java.lang.ClassLoader.loadClass(ClassLoader.java:587)
11.03.2023 - 19:03:43 - 	at org.bukkit.plugin.java.PluginClassLoader.loadClass0(PluginClassLoader.java:129)
11.03.2023 - 19:03:43 - 	at org.bukkit.plugin.java.PluginClassLoader.loadClass(PluginClassLoader.java:124)
11.03.2023 - 19:03:43 - 	at java.base/java.lang.ClassLoader.loadClass(ClassLoader.java:520)
11.03.2023 - 19:03:43 - 	at spworlds-1.0-SNAPSHOT.jar//com.spworlds.utils.PlaceholderApis.onRequest(PlaceholderApis.java:33)
11.03.2023 - 19:03:43 - 	at PlaceholderAPI-2.11.2.jar//me.clip.placeholderapi.replacer.CharsReplacer.apply(CharsReplacer.java:119)
11.03.2023 - 19:03:43 - 	at PlaceholderAPI-2.11.2.jar//me.clip.placeholderapi.PlaceholderAPI.setPlaceholders(PlaceholderAPI.java:71)
11.03.2023 - 19:03:43 - 	at PlaceholderAPI-2.11.2.jar//me.clip.placeholderapi.PlaceholderAPI.setPlaceholders(PlaceholderAPI.java:99)
11.03.2023 - 19:03:43 - 	at TAB.v3.2.4.jar//me.neznamy.tab.platforms.bukkit.BukkitPlatform.lambda$registerUnknownPlaceholder$2(BukkitPlatform.java:179)
11.03.2023 - 19:03:43 - 	at TAB.v3.2.4.jar//me.neznamy.tab.shared.placeholders.PlayerPlaceholderImpl.request(PlayerPlaceholderImpl.java:130)
11.03.2023 - 19:03:43 - 	at TAB.v3.2.4.jar//me.neznamy.tab.shared.placeholders.PlayerPlaceholderImpl.update(PlayerPlaceholderImpl.java:53)
11.03.2023 - 19:03:43 - 	at TAB.v3.2.4.jar//me.neznamy.tab.shared.features.PlaceholderManagerImpl.updatePlayerPlaceholder(PlaceholderManagerImpl.java:117)
11.03.2023 - 19:03:43 - 	at TAB.v3.2.4.jar//me.neznamy.tab.shared.features.PlaceholderManagerImpl.refresh(PlaceholderManagerImpl.java:68)
11.03.2023 - 19:03:43 - 	at TAB.v3.2.4.jar//me.neznamy.tab.shared.CpuManager.lambda$runMeasuredTask$8(CpuManager.java:354)
11.03.2023 - 19:03:43 - 	at TAB.v3.2.4.jar//me.neznamy.tab.shared.CpuManager.lambda$submit$1(CpuManager.java:111)
11.03.2023 - 19:03:43 - 	at java.base/java.util.concurrent.Executors$RunnableAdapter.call(Executors.java:539)
11.03.2023 - 19:03:43 - 	at java.base/java.util.concurrent.FutureTask.run(FutureTask.java:264)
11.03.2023 - 19:03:43 - 	at java.base/java.util.concurrent.ThreadPoolExecutor.runWorker(ThreadPoolExecutor.java:1136)
11.03.2023 - 19:03:43 - 	at java.base/java.util.concurrent.ThreadPoolExecutor$Worker.run(ThreadPoolExecutor.java:635)
11.03.2023 - 19:03:43 - 	at java.base/java.lang.Thread.run(Thread.java:833)
11.03.2023 - 19:03:43 - [TAB v3.2.4] Player placeholder %spbuild_getstagestring% generated an error when setting for player Dalynkaa
11.03.2023 - 19:03:43 - java.lang.IllegalStateException: zip file closed
11.03.2023 - 19:03:43 - 	at java.base/java.util.zip.ZipFile.ensureOpen(ZipFile.java:831)
11.03.2023 - 19:03:43 - 	at java.base/java.util.zip.ZipFile.getEntry(ZipFile.java:330)
11.03.2023 - 19:03:43 - 	at java.base/java.util.jar.JarFile.getEntry(JarFile.java:518)
11.03.2023 - 19:03:43 - 	at java.base/java.util.jar.JarFile.getJarEntry(JarFile.java:473)
11.03.2023 - 19:03:43 - 	at org.bukkit.plugin.java.PluginClassLoader.findClass(PluginClassLoader.java:189)
11.03.2023 - 19:03:43 - 	at java.base/java.lang.ClassLoader.loadClass(ClassLoader.java:587)
11.03.2023 - 19:03:43 - 	at org.bukkit.plugin.java.PluginClassLoader.loadClass0(PluginClassLoader.java:129)
11.03.2023 - 19:03:43 - 	at org.bukkit.plugin.java.PluginClassLoader.loadClass(PluginClassLoader.java:124)
11.03.2023 - 19:03:43 - 	at java.base/java.lang.ClassLoader.loadClass(ClassLoader.java:520)
11.03.2023 - 19:03:43 - 	at spworlds-1.0-SNAPSHOT.jar//com.spworlds.utils.PlaceholderApis.onRequest(PlaceholderApis.java:33)
11.03.2023 - 19:03:43 - 	at PlaceholderAPI-2.11.2.jar//me.clip.placeholderapi.replacer.CharsReplacer.apply(CharsReplacer.java:119)
11.03.2023 - 19:03:43 - 	at PlaceholderAPI-2.11.2.jar//me.clip.placeholderapi.PlaceholderAPI.setPlaceholders(PlaceholderAPI.java:71)
11.03.2023 - 19:03:43 - 	at PlaceholderAPI-2.11.2.jar//me.clip.placeholderapi.PlaceholderAPI.setPlaceholders(PlaceholderAPI.java:99)
11.03.2023 - 19:03:43 - 	at TAB.v3.2.4.jar//me.neznamy.tab.platforms.bukkit.BukkitPlatform.lambda$registerUnknownPlaceholder$2(BukkitPlatform.java:179)
11.03.2023 - 19:03:43 - 	at TAB.v3.2.4.jar//me.neznamy.tab.shared.placeholders.PlayerPlaceholderImpl.request(PlayerPlaceholderImpl.java:130)
11.03.2023 - 19:03:43 - 	at TAB.v3.2.4.jar//me.neznamy.tab.shared.placeholders.PlayerPlaceholderImpl.update(PlayerPlaceholderImpl.java:53)
11.03.2023 - 19:03:43 - 	at TAB.v3.2.4.jar//me.neznamy.tab.shared.features.PlaceholderManagerImpl.updatePlayerPlaceholder(PlaceholderManagerImpl.java:117)
11.03.2023 - 19:03:43 - 	at TAB.v3.2.4.jar//me.neznamy.tab.shared.features.PlaceholderManagerImpl.refresh(PlaceholderManagerImpl.java:68)
11.03.2023 - 19:03:43 - 	at TAB.v3.2.4.jar//me.neznamy.tab.shared.CpuManager.lambda$runMeasuredTask$8(CpuManager.java:354)
11.03.2023 - 19:03:43 - 	at TAB.v3.2.4.jar//me.neznamy.tab.shared.CpuManager.lambda$submit$1(CpuManager.java:111)
11.03.2023 - 19:03:43 - 	at java.base/java.util.concurrent.Executors$RunnableAdapter.call(Executors.java:539)
11.03.2023 - 19:03:43 - 	at java.base/java.util.concurrent.FutureTask.run(FutureTask.java:264)
11.03.2023 - 19:03:43 - 	at java.base/java.util.concurrent.ThreadPoolExecutor.runWorker(ThreadPoolExecutor.java:1136)
11.03.2023 - 19:03:43 - 	at java.base/java.util.concurrent.ThreadPoolExecutor$Worker.run(ThreadPoolExecutor.java:635)
11.03.2023 - 19:03:43 - 	at java.base/java.lang.Thread.run(Thread.java:833)
11.03.2023 - 19:03:44 - [TAB v3.2.4] Player placeholder %spbuild_getstagestring% generated an error when setting for player Dalynkaa
11.03.2023 - 19:03:44 - java.lang.IllegalStateException: zip file closed
11.03.2023 - 19:03:44 - 	at java.base/java.util.zip.ZipFile.ensureOpen(ZipFile.java:831)
11.03.2023 - 19:03:44 - 	at java.base/java.util.zip.ZipFile.getEntry(ZipFile.java:330)
11.03.2023 - 19:03:44 - 	at java.base/java.util.jar.JarFile.getEntry(JarFile.java:518)
11.03.2023 - 19:03:44 - 	at java.base/java.util.jar.JarFile.getJarEntry(JarFile.java:473)
11.03.2023 - 19:03:44 - 	at org.bukkit.plugin.java.PluginClassLoader.findClass(PluginClassLoader.java:189)
11.03.2023 - 19:03:44 - 	at java.base/java.lang.ClassLoader.loadClass(ClassLoader.java:587)
11.03.2023 - 19:03:44 - 	at org.bukkit.plugin.java.PluginClassLoader.loadClass0(PluginClassLoader.java:129)
11.03.2023 - 19:03:44 - 	at org.bukkit.plugin.java.PluginClassLoader.loadClass(PluginClassLoader.java:124)
11.03.2023 - 19:03:44 - 	at java.base/java.lang.ClassLoader.loadClass(ClassLoader.java:520)
11.03.2023 - 19:03:44 - 	at spworlds-1.0-SNAPSHOT.jar//com.spworlds.utils.PlaceholderApis.onRequest(PlaceholderApis.java:33)
11.03.2023 - 19:03:44 - 	at PlaceholderAPI-2.11.2.jar//me.clip.placeholderapi.replacer.CharsReplacer.apply(CharsReplacer.java:119)
11.03.2023 - 19:03:44 - 	at PlaceholderAPI-2.11.2.jar//me.clip.placeholderapi.PlaceholderAPI.setPlaceholders(PlaceholderAPI.java:71)
11.03.2023 - 19:03:44 - 	at PlaceholderAPI-2.11.2.jar//me.clip.placeholderapi.PlaceholderAPI.setPlaceholders(PlaceholderAPI.java:99)
11.03.2023 - 19:03:44 - 	at TAB.v3.2.4.jar//me.neznamy.tab.platforms.bukkit.BukkitPlatform.lambda$registerUnknownPlaceholder$2(BukkitPlatform.java:179)
11.03.2023 - 19:03:44 - 	at TAB.v3.2.4.jar//me.neznamy.tab.shared.placeholders.PlayerPlaceholderImpl.request(PlayerPlaceholderImpl.java:130)
11.03.2023 - 19:03:44 - 	at TAB.v3.2.4.jar//me.neznamy.tab.shared.placeholders.PlayerPlaceholderImpl.update(PlayerPlaceholderImpl.java:53)
11.03.2023 - 19:03:44 - 	at TAB.v3.2.4.jar//me.neznamy.tab.shared.features.PlaceholderManagerImpl.updatePlayerPlaceholder(PlaceholderManagerImpl.java:117)
11.03.2023 - 19:03:44 - 	at TAB.v3.2.4.jar//me.neznamy.tab.shared.features.PlaceholderManagerImpl.refresh(PlaceholderManagerImpl.java:68)
11.03.2023 - 19:03:44 - 	at TAB.v3.2.4.jar//me.neznamy.tab.shared.CpuManager.lambda$runMeasuredTask$8(CpuManager.java:354)
11.03.2023 - 19:03:44 - 	at TAB.v3.2.4.jar//me.neznamy.tab.shared.CpuManager.lambda$submit$1(CpuManager.java:111)
11.03.2023 - 19:03:44 - 	at java.base/java.util.concurrent.Executors$RunnableAdapter.call(Executors.java:539)
11.03.2023 - 19:03:44 - 	at java.base/java.util.concurrent.FutureTask.run(FutureTask.java:264)
11.03.2023 - 19:03:44 - 	at java.base/java.util.concurrent.ThreadPoolExecutor.runWorker(ThreadPoolExecutor.java:1136)
11.03.2023 - 19:03:44 - 	at java.base/java.util.concurrent.ThreadPoolExecutor$Worker.run(ThreadPoolExecutor.java:635)
11.03.2023 - 19:03:44 - 	at java.base/java.lang.Thread.run(Thread.java:833)
11.03.2023 - 19:03:44 - [TAB v3.2.4] Player placeholder %spbuild_getstagestring% generated an error when setting for player Dalynkaa
11.03.2023 - 19:03:44 - java.lang.IllegalStateException: zip file closed
11.03.2023 - 19:03:44 - 	at java.base/java.util.zip.ZipFile.ensureOpen(ZipFile.java:831)
11.03.2023 - 19:03:44 - 	at java.base/java.util.zip.ZipFile.getEntry(ZipFile.java:330)
11.03.2023 - 19:03:44 - 	at java.base/java.util.jar.JarFile.getEntry(JarFile.java:518)
11.03.2023 - 19:03:44 - 	at java.base/java.util.jar.JarFile.getJarEntry(JarFile.java:473)
11.03.2023 - 19:03:44 - 	at org.bukkit.plugin.java.PluginClassLoader.findClass(PluginClassLoader.java:189)
11.03.2023 - 19:03:44 - 	at java.base/java.lang.ClassLoader.loadClass(ClassLoader.java:587)
11.03.2023 - 19:03:44 - 	at org.bukkit.plugin.java.PluginClassLoader.loadClass0(PluginClassLoader.java:129)
11.03.2023 - 19:03:44 - 	at org.bukkit.plugin.java.PluginClassLoader.loadClass(PluginClassLoader.java:124)
11.03.2023 - 19:03:44 - 	at java.base/java.lang.ClassLoader.loadClass(ClassLoader.java:520)
11.03.2023 - 19:03:44 - 	at spworlds-1.0-SNAPSHOT.jar//com.spworlds.utils.PlaceholderApis.onRequest(PlaceholderApis.java:33)
11.03.2023 - 19:03:44 - 	at PlaceholderAPI-2.11.2.jar//me.clip.placeholderapi.replacer.CharsReplacer.apply(CharsReplacer.java:119)
11.03.2023 - 19:03:44 - 	at PlaceholderAPI-2.11.2.jar//me.clip.placeholderapi.PlaceholderAPI.setPlaceholders(PlaceholderAPI.java:71)
11.03.2023 - 19:03:44 - 	at PlaceholderAPI-2.11.2.jar//me.clip.placeholderapi.PlaceholderAPI.setPlaceholders(PlaceholderAPI.java:99)
11.03.2023 - 19:03:44 - 	at TAB.v3.2.4.jar//me.neznamy.tab.platforms.bukkit.BukkitPlatform.lambda$registerUnknownPlaceholder$2(BukkitPlatform.java:179)
11.03.2023 - 19:03:44 - 	at TAB.v3.2.4.jar//me.neznamy.tab.shared.placeholders.PlayerPlaceholderImpl.request(PlayerPlaceholderImpl.java:130)
11.03.2023 - 19:03:44 - 	at TAB.v3.2.4.jar//me.neznamy.tab.shared.placeholders.PlayerPlaceholderImpl.update(PlayerPlaceholderImpl.java:53)
11.03.2023 - 19:03:44 - 	at TAB.v3.2.4.jar//me.neznamy.tab.shared.features.PlaceholderManagerImpl.updatePlayerPlaceholder(PlaceholderManagerImpl.java:117)
11.03.2023 - 19:03:44 - 	at TAB.v3.2.4.jar//me.neznamy.tab.shared.features.PlaceholderManagerImpl.refresh(PlaceholderManagerImpl.java:68)
11.03.2023 - 19:03:44 - 	at TAB.v3.2.4.jar//me.neznamy.tab.shared.CpuManager.lambda$runMeasuredTask$8(CpuManager.java:354)
11.03.2023 - 19:03:44 - 	at TAB.v3.2.4.jar//me.neznamy.tab.shared.CpuManager.lambda$submit$1(CpuManager.java:111)
11.03.2023 - 19:03:44 - 	at java.base/java.util.concurrent.Executors$RunnableAdapter.call(Executors.java:539)
11.03.2023 - 19:03:44 - 	at java.base/java.util.concurrent.FutureTask.run(FutureTask.java:264)
11.03.2023 - 19:03:44 - 	at java.base/java.util.concurrent.ThreadPoolExecutor.runWorker(ThreadPoolExecutor.java:1136)
11.03.2023 - 19:03:44 - 	at java.base/java.util.concurrent.ThreadPoolExecutor$Worker.run(ThreadPoolExecutor.java:635)
11.03.2023 - 19:03:44 - 	at java.base/java.lang.Thread.run(Thread.java:833)
11.03.2023 - 19:03:45 - [TAB v3.2.4] Player placeholder %spbuild_getstagestring% generated an error when setting for player Dalynkaa
11.03.2023 - 19:03:45 - java.lang.IllegalStateException: zip file closed
11.03.2023 - 19:03:45 - 	at java.base/java.util.zip.ZipFile.ensureOpen(ZipFile.java:831)
11.03.2023 - 19:03:45 - 	at java.base/java.util.zip.ZipFile.getEntry(ZipFile.java:330)
11.03.2023 - 19:03:45 - 	at java.base/java.util.jar.JarFile.getEntry(JarFile.java:518)
11.03.2023 - 19:03:45 - 	at java.base/java.util.jar.JarFile.getJarEntry(JarFile.java:473)
11.03.2023 - 19:03:45 - 	at org.bukkit.plugin.java.PluginClassLoader.findClass(PluginClassLoader.java:189)
11.03.2023 - 19:03:45 - 	at java.base/java.lang.ClassLoader.loadClass(ClassLoader.java:587)
11.03.2023 - 19:03:45 - 	at org.bukkit.plugin.java.PluginClassLoader.loadClass0(PluginClassLoader.java:129)
11.03.2023 - 19:03:45 - 	at org.bukkit.plugin.java.PluginClassLoader.loadClass(PluginClassLoader.java:124)
11.03.2023 - 19:03:45 - 	at java.base/java.lang.ClassLoader.loadClass(ClassLoader.java:520)
11.03.2023 - 19:03:45 - 	at spworlds-1.0-SNAPSHOT.jar//com.spworlds.utils.PlaceholderApis.onRequest(PlaceholderApis.java:33)
11.03.2023 - 19:03:45 - 	at PlaceholderAPI-2.11.2.jar//me.clip.placeholderapi.replacer.CharsReplacer.apply(CharsReplacer.java:119)
11.03.2023 - 19:03:45 - 	at PlaceholderAPI-2.11.2.jar//me.clip.placeholderapi.PlaceholderAPI.setPlaceholders(PlaceholderAPI.java:71)
11.03.2023 - 19:03:45 - 	at PlaceholderAPI-2.11.2.jar//me.clip.placeholderapi.PlaceholderAPI.setPlaceholders(PlaceholderAPI.java:99)
11.03.2023 - 19:03:45 - 	at TAB.v3.2.4.jar//me.neznamy.tab.platforms.bukkit.BukkitPlatform.lambda$registerUnknownPlaceholder$2(BukkitPlatform.java:179)
11.03.2023 - 19:03:45 - 	at TAB.v3.2.4.jar//me.neznamy.tab.shared.placeholders.PlayerPlaceholderImpl.request(PlayerPlaceholderImpl.java:130)
11.03.2023 - 19:03:45 - 	at TAB.v3.2.4.jar//me.neznamy.tab.shared.placeholders.PlayerPlaceholderImpl.update(PlayerPlaceholderImpl.java:53)
11.03.2023 - 19:03:45 - 	at TAB.v3.2.4.jar//me.neznamy.tab.shared.features.PlaceholderManagerImpl.updatePlayerPlaceholder(PlaceholderManagerImpl.java:117)
11.03.2023 - 19:03:45 - 	at TAB.v3.2.4.jar//me.neznamy.tab.shared.features.PlaceholderManagerImpl.refresh(PlaceholderManagerImpl.java:68)
11.03.2023 - 19:03:45 - 	at TAB.v3.2.4.jar//me.neznamy.tab.shared.CpuManager.lambda$runMeasuredTask$8(CpuManager.java:354)
11.03.2023 - 19:03:45 - 	at TAB.v3.2.4.jar//me.neznamy.tab.shared.CpuManager.lambda$submit$1(CpuManager.java:111)
11.03.2023 - 19:03:45 - 	at java.base/java.util.concurrent.Executors$RunnableAdapter.call(Executors.java:539)
11.03.2023 - 19:03:45 - 	at java.base/java.util.concurrent.FutureTask.run(FutureTask.java:264)
11.03.2023 - 19:03:45 - 	at java.base/java.util.concurrent.ThreadPoolExecutor.runWorker(ThreadPoolExecutor.java:1136)
11.03.2023 - 19:03:45 - 	at java.base/java.util.concurrent.ThreadPoolExecutor$Worker.run(ThreadPoolExecutor.java:635)
11.03.2023 - 19:03:45 - 	at java.base/java.lang.Thread.run(Thread.java:833)
11.03.2023 - 19:03:45 - [TAB v3.2.4] Player placeholder %spbuild_getstagestring% generated an error when setting for player Dalynkaa
11.03.2023 - 19:03:45 - java.lang.IllegalStateException: zip file closed
11.03.2023 - 19:03:45 - 	at java.base/java.util.zip.ZipFile.ensureOpen(ZipFile.java:831)
11.03.2023 - 19:03:45 - 	at java.base/java.util.zip.ZipFile.getEntry(ZipFile.java:330)
11.03.2023 - 19:03:45 - 	at java.base/java.util.jar.JarFile.getEntry(JarFile.java:518)
11.03.2023 - 19:03:45 - 	at java.base/java.util.jar.JarFile.getJarEntry(JarFile.java:473)
11.03.2023 - 19:03:45 - 	at org.bukkit.plugin.java.PluginClassLoader.findClass(PluginClassLoader.java:189)
11.03.2023 - 19:03:45 - 	at java.base/java.lang.ClassLoader.loadClass(ClassLoader.java:587)
11.03.2023 - 19:03:45 - 	at org.bukkit.plugin.java.PluginClassLoader.loadClass0(PluginClassLoader.java:129)
11.03.2023 - 19:03:45 - 	at org.bukkit.plugin.java.PluginClassLoader.loadClass(PluginClassLoader.java:124)
11.03.2023 - 19:03:45 - 	at java.base/java.lang.ClassLoader.loadClass(ClassLoader.java:520)
11.03.2023 - 19:03:45 - 	at spworlds-1.0-SNAPSHOT.jar//com.spworlds.utils.PlaceholderApis.onRequest(PlaceholderApis.java:33)
11.03.2023 - 19:03:45 - 	at PlaceholderAPI-2.11.2.jar//me.clip.placeholderapi.replacer.CharsReplacer.apply(CharsReplacer.java:119)
11.03.2023 - 19:03:45 - 	at PlaceholderAPI-2.11.2.jar//me.clip.placeholderapi.PlaceholderAPI.setPlaceholders(PlaceholderAPI.java:71)
11.03.2023 - 19:03:45 - 	at PlaceholderAPI-2.11.2.jar//me.clip.placeholderapi.PlaceholderAPI.setPlaceholders(PlaceholderAPI.java:99)
11.03.2023 - 19:03:45 - 	at TAB.v3.2.4.jar//me.neznamy.tab.platforms.bukkit.BukkitPlatform.lambda$registerUnknownPlaceholder$2(BukkitPlatform.java:179)
11.03.2023 - 19:03:45 - 	at TAB.v3.2.4.jar//me.neznamy.tab.shared.placeholders.PlayerPlaceholderImpl.request(PlayerPlaceholderImpl.java:130)
11.03.2023 - 19:03:45 - 	at TAB.v3.2.4.jar//me.neznamy.tab.shared.placeholders.PlayerPlaceholderImpl.update(PlayerPlaceholderImpl.java:53)
11.03.2023 - 19:03:45 - 	at TAB.v3.2.4.jar//me.neznamy.tab.shared.features.PlaceholderManagerImpl.updatePlayerPlaceholder(PlaceholderManagerImpl.java:117)
11.03.2023 - 19:03:45 - 	at TAB.v3.2.4.jar//me.neznamy.tab.shared.features.PlaceholderManagerImpl.refresh(PlaceholderManagerImpl.java:68)
11.03.2023 - 19:03:45 - 	at TAB.v3.2.4.jar//me.neznamy.tab.shared.CpuManager.lambda$runMeasuredTask$8(CpuManager.java:354)
11.03.2023 - 19:03:45 - 	at TAB.v3.2.4.jar//me.neznamy.tab.shared.CpuManager.lambda$submit$1(CpuManager.java:111)
11.03.2023 - 19:03:45 - 	at java.base/java.util.concurrent.Executors$RunnableAdapter.call(Executors.java:539)
11.03.2023 - 19:03:45 - 	at java.base/java.util.concurrent.FutureTask.run(FutureTask.java:264)
11.03.2023 - 19:03:45 - 	at java.base/java.util.concurrent.ThreadPoolExecutor.runWorker(ThreadPoolExecutor.java:1136)
11.03.2023 - 19:03:45 - 	at java.base/java.util.concurrent.ThreadPoolExecutor$Worker.run(ThreadPoolExecutor.java:635)
11.03.2023 - 19:03:45 - 	at java.base/java.lang.Thread.run(Thread.java:833)
11.03.2023 - 19:03:46 - [TAB v3.2.4] Player placeholder %spbuild_getstagestring% generated an error when setting for player Dalynkaa
11.03.2023 - 19:03:46 - java.lang.IllegalStateException: zip file closed
11.03.2023 - 19:03:46 - 	at java.base/java.util.zip.ZipFile.ensureOpen(ZipFile.java:831)
11.03.2023 - 19:03:46 - 	at java.base/java.util.zip.ZipFile.getEntry(ZipFile.java:330)
11.03.2023 - 19:03:46 - 	at java.base/java.util.jar.JarFile.getEntry(JarFile.java:518)
11.03.2023 - 19:03:46 - 	at java.base/java.util.jar.JarFile.getJarEntry(JarFile.java:473)
11.03.2023 - 19:03:46 - 	at org.bukkit.plugin.java.PluginClassLoader.findClass(PluginClassLoader.java:189)
11.03.2023 - 19:03:46 - 	at java.base/java.lang.ClassLoader.loadClass(ClassLoader.java:587)
11.03.2023 - 19:03:46 - 	at org.bukkit.plugin.java.PluginClassLoader.loadClass0(PluginClassLoader.java:129)
11.03.2023 - 19:03:46 - 	at org.bukkit.plugin.java.PluginClassLoader.loadClass(PluginClassLoader.java:124)
11.03.2023 - 19:03:46 - 	at java.base/java.lang.ClassLoader.loadClass(ClassLoader.java:520)
11.03.2023 - 19:03:46 - 	at spworlds-1.0-SNAPSHOT.jar//com.spworlds.utils.PlaceholderApis.onRequest(PlaceholderApis.java:33)
11.03.2023 - 19:03:46 - 	at PlaceholderAPI-2.11.2.jar//me.clip.placeholderapi.replacer.CharsReplacer.apply(CharsReplacer.java:119)
11.03.2023 - 19:03:46 - 	at PlaceholderAPI-2.11.2.jar//me.clip.placeholderapi.PlaceholderAPI.setPlaceholders(PlaceholderAPI.java:71)
11.03.2023 - 19:03:46 - 	at PlaceholderAPI-2.11.2.jar//me.clip.placeholderapi.PlaceholderAPI.setPlaceholders(PlaceholderAPI.java:99)
11.03.2023 - 19:03:46 - 	at TAB.v3.2.4.jar//me.neznamy.tab.platforms.bukkit.BukkitPlatform.lambda$registerUnknownPlaceholder$2(BukkitPlatform.java:179)
11.03.2023 - 19:03:46 - 	at TAB.v3.2.4.jar//me.neznamy.tab.shared.placeholders.PlayerPlaceholderImpl.request(PlayerPlaceholderImpl.java:130)
11.03.2023 - 19:03:46 - 	at TAB.v3.2.4.jar//me.neznamy.tab.shared.placeholders.PlayerPlaceholderImpl.update(PlayerPlaceholderImpl.java:53)
11.03.2023 - 19:03:46 - 	at TAB.v3.2.4.jar//me.neznamy.tab.shared.features.PlaceholderManagerImpl.updatePlayerPlaceholder(PlaceholderManagerImpl.java:117)
11.03.2023 - 19:03:46 - 	at TAB.v3.2.4.jar//me.neznamy.tab.shared.features.PlaceholderManagerImpl.refresh(PlaceholderManagerImpl.java:68)
11.03.2023 - 19:03:46 - 	at TAB.v3.2.4.jar//me.neznamy.tab.shared.CpuManager.lambda$runMeasuredTask$8(CpuManager.java:354)
11.03.2023 - 19:03:46 - 	at TAB.v3.2.4.jar//me.neznamy.tab.shared.CpuManager.lambda$submit$1(CpuManager.java:111)
11.03.2023 - 19:03:46 - 	at java.base/java.util.concurrent.Executors$RunnableAdapter.call(Executors.java:539)
11.03.2023 - 19:03:46 - 	at java.base/java.util.concurrent.FutureTask.run(FutureTask.java:264)
11.03.2023 - 19:03:46 - 	at java.base/java.util.concurrent.ThreadPoolExecutor.runWorker(ThreadPoolExecutor.java:1136)
11.03.2023 - 19:03:46 - 	at java.base/java.util.concurrent.ThreadPoolExecutor$Worker.run(ThreadPoolExecutor.java:635)
11.03.2023 - 19:03:46 - 	at java.base/java.lang.Thread.run(Thread.java:833)
11.03.2023 - 19:03:46 - [TAB v3.2.4] Player placeholder %spbuild_getstagestring% generated an error when setting for player Dalynkaa
11.03.2023 - 19:03:46 - java.lang.IllegalStateException: zip file closed
11.03.2023 - 19:03:46 - 	at java.base/java.util.zip.ZipFile.ensureOpen(ZipFile.java:831)
11.03.2023 - 19:03:46 - 	at java.base/java.util.zip.ZipFile.getEntry(ZipFile.java:330)
11.03.2023 - 19:03:46 - 	at java.base/java.util.jar.JarFile.getEntry(JarFile.java:518)
11.03.2023 - 19:03:46 - 	at java.base/java.util.jar.JarFile.getJarEntry(JarFile.java:473)
11.03.2023 - 19:03:46 - 	at org.bukkit.plugin.java.PluginClassLoader.findClass(PluginClassLoader.java:189)
11.03.2023 - 19:03:46 - 	at java.base/java.lang.ClassLoader.loadClass(ClassLoader.java:587)
11.03.2023 - 19:03:46 - 	at org.bukkit.plugin.java.PluginClassLoader.loadClass0(PluginClassLoader.java:129)
11.03.2023 - 19:03:46 - 	at org.bukkit.plugin.java.PluginClassLoader.loadClass(PluginClassLoader.java:124)
11.03.2023 - 19:03:46 - 	at java.base/java.lang.ClassLoader.loadClass(ClassLoader.java:520)
11.03.2023 - 19:03:46 - 	at spworlds-1.0-SNAPSHOT.jar//com.spworlds.utils.PlaceholderApis.onRequest(PlaceholderApis.java:33)
11.03.2023 - 19:03:46 - 	at PlaceholderAPI-2.11.2.jar//me.clip.placeholderapi.replacer.CharsReplacer.apply(CharsReplacer.java:119)
11.03.2023 - 19:03:46 - 	at PlaceholderAPI-2.11.2.jar//me.clip.placeholderapi.PlaceholderAPI.setPlaceholders(PlaceholderAPI.java:71)
11.03.2023 - 19:03:46 - 	at PlaceholderAPI-2.11.2.jar//me.clip.placeholderapi.PlaceholderAPI.setPlaceholders(PlaceholderAPI.java:99)
11.03.2023 - 19:03:46 - 	at TAB.v3.2.4.jar//me.neznamy.tab.platforms.bukkit.BukkitPlatform.lambda$registerUnknownPlaceholder$2(BukkitPlatform.java:179)
11.03.2023 - 19:03:46 - 	at TAB.v3.2.4.jar//me.neznamy.tab.shared.placeholders.PlayerPlaceholderImpl.request(PlayerPlaceholderImpl.java:130)
11.03.2023 - 19:03:46 - 	at TAB.v3.2.4.jar//me.neznamy.tab.shared.placeholders.PlayerPlaceholderImpl.update(PlayerPlaceholderImpl.java:53)
11.03.2023 - 19:03:46 - 	at TAB.v3.2.4.jar//me.neznamy.tab.shared.features.PlaceholderManagerImpl.updatePlayerPlaceholder(PlaceholderManagerImpl.java:117)
11.03.2023 - 19:03:46 - 	at TAB.v3.2.4.jar//me.neznamy.tab.shared.features.PlaceholderManagerImpl.refresh(PlaceholderManagerImpl.java:68)
11.03.2023 - 19:03:46 - 	at TAB.v3.2.4.jar//me.neznamy.tab.shared.CpuManager.lambda$runMeasuredTask$8(CpuManager.java:354)
11.03.2023 - 19:03:46 - 	at TAB.v3.2.4.jar//me.neznamy.tab.shared.CpuManager.lambda$submit$1(CpuManager.java:111)
11.03.2023 - 19:03:46 - 	at java.base/java.util.concurrent.Executors$RunnableAdapter.call(Executors.java:539)
11.03.2023 - 19:03:46 - 	at java.base/java.util.concurrent.FutureTask.run(FutureTask.java:264)
11.03.2023 - 19:03:46 - 	at java.base/java.util.concurrent.ThreadPoolExecutor.runWorker(ThreadPoolExecutor.java:1136)
11.03.2023 - 19:03:46 - 	at java.base/java.util.concurrent.ThreadPoolExecutor$Worker.run(ThreadPoolExecutor.java:635)
11.03.2023 - 19:03:46 - 	at java.base/java.lang.Thread.run(Thread.java:833)
11.03.2023 - 19:03:47 - [TAB v3.2.4] Player placeholder %spbuild_getstagestring% generated an error when setting for player Dalynkaa
11.03.2023 - 19:03:47 - java.lang.IllegalStateException: zip file closed
11.03.2023 - 19:03:47 - 	at java.base/java.util.zip.ZipFile.ensureOpen(ZipFile.java:831)
11.03.2023 - 19:03:47 - 	at java.base/java.util.zip.ZipFile.getEntry(ZipFile.java:330)
11.03.2023 - 19:03:47 - 	at java.base/java.util.jar.JarFile.getEntry(JarFile.java:518)
11.03.2023 - 19:03:47 - 	at java.base/java.util.jar.JarFile.getJarEntry(JarFile.java:473)
11.03.2023 - 19:03:47 - 	at org.bukkit.plugin.java.PluginClassLoader.findClass(PluginClassLoader.java:189)
11.03.2023 - 19:03:47 - 	at java.base/java.lang.ClassLoader.loadClass(ClassLoader.java:587)
11.03.2023 - 19:03:47 - 	at org.bukkit.plugin.java.PluginClassLoader.loadClass0(PluginClassLoader.java:129)
11.03.2023 - 19:03:47 - 	at org.bukkit.plugin.java.PluginClassLoader.loadClass(PluginClassLoader.java:124)
11.03.2023 - 19:03:47 - 	at java.base/java.lang.ClassLoader.loadClass(ClassLoader.java:520)
11.03.2023 - 19:03:47 - 	at spworlds-1.0-SNAPSHOT.jar//com.spworlds.utils.PlaceholderApis.onRequest(PlaceholderApis.java:33)
11.03.2023 - 19:03:47 - 	at PlaceholderAPI-2.11.2.jar//me.clip.placeholderapi.replacer.CharsReplacer.apply(CharsReplacer.java:119)
11.03.2023 - 19:03:47 - 	at PlaceholderAPI-2.11.2.jar//me.clip.placeholderapi.PlaceholderAPI.setPlaceholders(PlaceholderAPI.java:71)
11.03.2023 - 19:03:47 - 	at PlaceholderAPI-2.11.2.jar//me.clip.placeholderapi.PlaceholderAPI.setPlaceholders(PlaceholderAPI.java:99)
11.03.2023 - 19:03:47 - 	at TAB.v3.2.4.jar//me.neznamy.tab.platforms.bukkit.BukkitPlatform.lambda$registerUnknownPlaceholder$2(BukkitPlatform.java:179)
11.03.2023 - 19:03:47 - 	at TAB.v3.2.4.jar//me.neznamy.tab.shared.placeholders.PlayerPlaceholderImpl.request(PlayerPlaceholderImpl.java:130)
11.03.2023 - 19:03:47 - 	at TAB.v3.2.4.jar//me.neznamy.tab.shared.placeholders.PlayerPlaceholderImpl.update(PlayerPlaceholderImpl.java:53)
11.03.2023 - 19:03:47 - 	at TAB.v3.2.4.jar//me.neznamy.tab.shared.features.PlaceholderManagerImpl.updatePlayerPlaceholder(PlaceholderManagerImpl.java:117)
11.03.2023 - 19:03:47 - 	at TAB.v3.2.4.jar//me.neznamy.tab.shared.features.PlaceholderManagerImpl.refresh(PlaceholderManagerImpl.java:68)
11.03.2023 - 19:03:47 - 	at TAB.v3.2.4.jar//me.neznamy.tab.shared.CpuManager.lambda$runMeasuredTask$8(CpuManager.java:354)
11.03.2023 - 19:03:47 - 	at TAB.v3.2.4.jar//me.neznamy.tab.shared.CpuManager.lambda$submit$1(CpuManager.java:111)
11.03.2023 - 19:03:47 - 	at java.base/java.util.concurrent.Executors$RunnableAdapter.call(Executors.java:539)
11.03.2023 - 19:03:47 - 	at java.base/java.util.concurrent.FutureTask.run(FutureTask.java:264)
11.03.2023 - 19:03:47 - 	at java.base/java.util.concurrent.ThreadPoolExecutor.runWorker(ThreadPoolExecutor.java:1136)
11.03.2023 - 19:03:47 - 	at java.base/java.util.concurrent.ThreadPoolExecutor$Worker.run(ThreadPoolExecutor.java:635)
11.03.2023 - 19:03:47 - 	at java.base/java.lang.Thread.run(Thread.java:833)
11.03.2023 - 19:03:47 - [TAB v3.2.4] Player placeholder %spbuild_getstagestring% generated an error when setting for player Dalynkaa
11.03.2023 - 19:03:47 - java.lang.IllegalStateException: zip file closed
11.03.2023 - 19:03:47 - 	at java.base/java.util.zip.ZipFile.ensureOpen(ZipFile.java:831)
11.03.2023 - 19:03:47 - 	at java.base/java.util.zip.ZipFile.getEntry(ZipFile.java:330)
11.03.2023 - 19:03:47 - 	at java.base/java.util.jar.JarFile.getEntry(JarFile.java:518)
11.03.2023 - 19:03:47 - 	at java.base/java.util.jar.JarFile.getJarEntry(JarFile.java:473)
11.03.2023 - 19:03:47 - 	at org.bukkit.plugin.java.PluginClassLoader.findClass(PluginClassLoader.java:189)
11.03.2023 - 19:03:47 - 	at java.base/java.lang.ClassLoader.loadClass(ClassLoader.java:587)
11.03.2023 - 19:03:47 - 	at org.bukkit.plugin.java.PluginClassLoader.loadClass0(PluginClassLoader.java:129)
11.03.2023 - 19:03:47 - 	at org.bukkit.plugin.java.PluginClassLoader.loadClass(PluginClassLoader.java:124)
11.03.2023 - 19:03:47 - 	at java.base/java.lang.ClassLoader.loadClass(ClassLoader.java:520)
11.03.2023 - 19:03:47 - 	at spworlds-1.0-SNAPSHOT.jar//com.spworlds.utils.PlaceholderApis.onRequest(PlaceholderApis.java:33)
11.03.2023 - 19:03:47 - 	at PlaceholderAPI-2.11.2.jar//me.clip.placeholderapi.replacer.CharsReplacer.apply(CharsReplacer.java:119)
11.03.2023 - 19:03:47 - 	at PlaceholderAPI-2.11.2.jar//me.clip.placeholderapi.PlaceholderAPI.setPlaceholders(PlaceholderAPI.java:71)
11.03.2023 - 19:03:47 - 	at PlaceholderAPI-2.11.2.jar//me.clip.placeholderapi.PlaceholderAPI.setPlaceholders(PlaceholderAPI.java:99)
11.03.2023 - 19:03:47 - 	at TAB.v3.2.4.jar//me.neznamy.tab.platforms.bukkit.BukkitPlatform.lambda$registerUnknownPlaceholder$2(BukkitPlatform.java:179)
11.03.2023 - 19:03:47 - 	at TAB.v3.2.4.jar//me.neznamy.tab.shared.placeholders.PlayerPlaceholderImpl.request(PlayerPlaceholderImpl.java:130)
11.03.2023 - 19:03:47 - 	at TAB.v3.2.4.jar//me.neznamy.tab.shared.placeholders.PlayerPlaceholderImpl.update(PlayerPlaceholderImpl.java:53)
11.03.2023 - 19:03:47 - 	at TAB.v3.2.4.jar//me.neznamy.tab.shared.features.PlaceholderManagerImpl.updatePlayerPlaceholder(PlaceholderManagerImpl.java:117)
11.03.2023 - 19:03:47 - 	at TAB.v3.2.4.jar//me.neznamy.tab.shared.features.PlaceholderManagerImpl.refresh(PlaceholderManagerImpl.java:68)
11.03.2023 - 19:03:47 - 	at TAB.v3.2.4.jar//me.neznamy.tab.shared.CpuManager.lambda$runMeasuredTask$8(CpuManager.java:354)
11.03.2023 - 19:03:47 - 	at TAB.v3.2.4.jar//me.neznamy.tab.shared.CpuManager.lambda$submit$1(CpuManager.java:111)
11.03.2023 - 19:03:47 - 	at java.base/java.util.concurrent.Executors$RunnableAdapter.call(Executors.java:539)
11.03.2023 - 19:03:47 - 	at java.base/java.util.concurrent.FutureTask.run(FutureTask.java:264)
11.03.2023 - 19:03:47 - 	at java.base/java.util.concurrent.ThreadPoolExecutor.runWorker(ThreadPoolExecutor.java:1136)
11.03.2023 - 19:03:47 - 	at java.base/java.util.concurrent.ThreadPoolExecutor$Worker.run(ThreadPoolExecutor.java:635)
11.03.2023 - 19:03:47 - 	at java.base/java.lang.Thread.run(Thread.java:833)
11.03.2023 - 19:03:48 - [TAB v3.2.4] Player placeholder %spbuild_getstagestring% generated an error when setting for player Dalynkaa
11.03.2023 - 19:03:48 - java.lang.IllegalStateException: zip file closed
11.03.2023 - 19:03:48 - 	at java.base/java.util.zip.ZipFile.ensureOpen(ZipFile.java:831)
11.03.2023 - 19:03:48 - 	at java.base/java.util.zip.ZipFile.getEntry(ZipFile.java:330)
11.03.2023 - 19:03:48 - 	at java.base/java.util.jar.JarFile.getEntry(JarFile.java:518)
11.03.2023 - 19:03:48 - 	at java.base/java.util.jar.JarFile.getJarEntry(JarFile.java:473)
11.03.2023 - 19:03:48 - 	at org.bukkit.plugin.java.PluginClassLoader.findClass(PluginClassLoader.java:189)
11.03.2023 - 19:03:48 - 	at java.base/java.lang.ClassLoader.loadClass(ClassLoader.java:587)
11.03.2023 - 19:03:48 - 	at org.bukkit.plugin.java.PluginClassLoader.loadClass0(PluginClassLoader.java:129)
11.03.2023 - 19:03:48 - 	at org.bukkit.plugin.java.PluginClassLoader.loadClass(PluginClassLoader.java:124)
11.03.2023 - 19:03:48 - 	at java.base/java.lang.ClassLoader.loadClass(ClassLoader.java:520)
11.03.2023 - 19:03:48 - 	at spworlds-1.0-SNAPSHOT.jar//com.spworlds.utils.PlaceholderApis.onRequest(PlaceholderApis.java:33)
11.03.2023 - 19:03:48 - 	at PlaceholderAPI-2.11.2.jar//me.clip.placeholderapi.replacer.CharsReplacer.apply(CharsReplacer.java:119)
11.03.2023 - 19:03:48 - 	at PlaceholderAPI-2.11.2.jar//me.clip.placeholderapi.PlaceholderAPI.setPlaceholders(PlaceholderAPI.java:71)
11.03.2023 - 19:03:48 - 	at PlaceholderAPI-2.11.2.jar//me.clip.placeholderapi.PlaceholderAPI.setPlaceholders(PlaceholderAPI.java:99)
11.03.2023 - 19:03:48 - 	at TAB.v3.2.4.jar//me.neznamy.tab.platforms.bukkit.BukkitPlatform.lambda$registerUnknownPlaceholder$2(BukkitPlatform.java:179)
11.03.2023 - 19:03:48 - 	at TAB.v3.2.4.jar//me.neznamy.tab.shared.placeholders.PlayerPlaceholderImpl.request(PlayerPlaceholderImpl.java:130)
11.03.2023 - 19:03:48 - 	at TAB.v3.2.4.jar//me.neznamy.tab.shared.placeholders.PlayerPlaceholderImpl.update(PlayerPlaceholderImpl.java:53)
11.03.2023 - 19:03:48 - 	at TAB.v3.2.4.jar//me.neznamy.tab.shared.features.PlaceholderManagerImpl.updatePlayerPlaceholder(PlaceholderManagerImpl.java:117)
11.03.2023 - 19:03:48 - 	at TAB.v3.2.4.jar//me.neznamy.tab.shared.features.PlaceholderManagerImpl.refresh(PlaceholderManagerImpl.java:68)
11.03.2023 - 19:03:48 - 	at TAB.v3.2.4.jar//me.neznamy.tab.shared.CpuManager.lambda$runMeasuredTask$8(CpuManager.java:354)
11.03.2023 - 19:03:48 - 	at TAB.v3.2.4.jar//me.neznamy.tab.shared.CpuManager.lambda$submit$1(CpuManager.java:111)
11.03.2023 - 19:03:48 - 	at java.base/java.util.concurrent.Executors$RunnableAdapter.call(Executors.java:539)
11.03.2023 - 19:03:48 - 	at java.base/java.util.concurrent.FutureTask.run(FutureTask.java:264)
11.03.2023 - 19:03:48 - 	at java.base/java.util.concurrent.ThreadPoolExecutor.runWorker(ThreadPoolExecutor.java:1136)
11.03.2023 - 19:03:48 - 	at java.base/java.util.concurrent.ThreadPoolExecutor$Worker.run(ThreadPoolExecutor.java:635)
11.03.2023 - 19:03:48 - 	at java.base/java.lang.Thread.run(Thread.java:833)
11.03.2023 - 19:03:48 - [TAB v3.2.4] Player placeholder %spbuild_getstagestring% generated an error when setting for player Dalynkaa
11.03.2023 - 19:03:48 - java.lang.IllegalStateException: zip file closed
11.03.2023 - 19:03:48 - 	at java.base/java.util.zip.ZipFile.ensureOpen(ZipFile.java:831)
11.03.2023 - 19:03:48 - 	at java.base/java.util.zip.ZipFile.getEntry(ZipFile.java:330)
11.03.2023 - 19:03:48 - 	at java.base/java.util.jar.JarFile.getEntry(JarFile.java:518)
11.03.2023 - 19:03:48 - 	at java.base/java.util.jar.JarFile.getJarEntry(JarFile.java:473)
11.03.2023 - 19:03:48 - 	at org.bukkit.plugin.java.PluginClassLoader.findClass(PluginClassLoader.java:189)
11.03.2023 - 19:03:48 - 	at java.base/java.lang.ClassLoader.loadClass(ClassLoader.java:587)
11.03.2023 - 19:03:48 - 	at org.bukkit.plugin.java.PluginClassLoader.loadClass0(PluginClassLoader.java:129)
11.03.2023 - 19:03:48 - 	at org.bukkit.plugin.java.PluginClassLoader.loadClass(PluginClassLoader.java:124)
11.03.2023 - 19:03:48 - 	at java.base/java.lang.ClassLoader.loadClass(ClassLoader.java:520)
11.03.2023 - 19:03:48 - 	at spworlds-1.0-SNAPSHOT.jar//com.spworlds.utils.PlaceholderApis.onRequest(PlaceholderApis.java:33)
11.03.2023 - 19:03:48 - 	at PlaceholderAPI-2.11.2.jar//me.clip.placeholderapi.replacer.CharsReplacer.apply(CharsReplacer.java:119)
11.03.2023 - 19:03:48 - 	at PlaceholderAPI-2.11.2.jar//me.clip.placeholderapi.PlaceholderAPI.setPlaceholders(PlaceholderAPI.java:71)
11.03.2023 - 19:03:48 - 	at PlaceholderAPI-2.11.2.jar//me.clip.placeholderapi.PlaceholderAPI.setPlaceholders(PlaceholderAPI.java:99)
11.03.2023 - 19:03:48 - 	at TAB.v3.2.4.jar//me.neznamy.tab.platforms.bukkit.BukkitPlatform.lambda$registerUnknownPlaceholder$2(BukkitPlatform.java:179)
11.03.2023 - 19:03:48 - 	at TAB.v3.2.4.jar//me.neznamy.tab.shared.placeholders.PlayerPlaceholderImpl.request(PlayerPlaceholderImpl.java:130)
11.03.2023 - 19:03:48 - 	at TAB.v3.2.4.jar//me.neznamy.tab.shared.placeholders.PlayerPlaceholderImpl.update(PlayerPlaceholderImpl.java:53)
11.03.2023 - 19:03:48 - 	at TAB.v3.2.4.jar//me.neznamy.tab.shared.features.PlaceholderManagerImpl.updatePlayerPlaceholder(PlaceholderManagerImpl.java:117)
11.03.2023 - 19:03:48 - 	at TAB.v3.2.4.jar//me.neznamy.tab.shared.features.PlaceholderManagerImpl.refresh(PlaceholderManagerImpl.java:68)
11.03.2023 - 19:03:48 - 	at TAB.v3.2.4.jar//me.neznamy.tab.shared.CpuManager.lambda$runMeasuredTask$8(CpuManager.java:354)
11.03.2023 - 19:03:48 - 	at TAB.v3.2.4.jar//me.neznamy.tab.shared.CpuManager.lambda$submit$1(CpuManager.java:111)
11.03.2023 - 19:03:48 - 	at java.base/java.util.concurrent.Executors$RunnableAdapter.call(Executors.java:539)
11.03.2023 - 19:03:48 - 	at java.base/java.util.concurrent.FutureTask.run(FutureTask.java:264)
11.03.2023 - 19:03:48 - 	at java.base/java.util.concurrent.ThreadPoolExecutor.runWorker(ThreadPoolExecutor.java:1136)
11.03.2023 - 19:03:48 - 	at java.base/java.util.concurrent.ThreadPoolExecutor$Worker.run(ThreadPoolExecutor.java:635)
11.03.2023 - 19:03:48 - 	at java.base/java.lang.Thread.run(Thread.java:833)
11.03.2023 - 19:03:49 - [TAB v3.2.4] Player placeholder %spbuild_getstagestring% generated an error when setting for player Dalynkaa
11.03.2023 - 19:03:49 - java.lang.IllegalStateException: zip file closed
11.03.2023 - 19:03:49 - 	at java.base/java.util.zip.ZipFile.ensureOpen(ZipFile.java:831)
11.03.2023 - 19:03:49 - 	at java.base/java.util.zip.ZipFile.getEntry(ZipFile.java:330)
11.03.2023 - 19:03:49 - 	at java.base/java.util.jar.JarFile.getEntry(JarFile.java:518)
11.03.2023 - 19:03:49 - 	at java.base/java.util.jar.JarFile.getJarEntry(JarFile.java:473)
11.03.2023 - 19:03:49 - 	at org.bukkit.plugin.java.PluginClassLoader.findClass(PluginClassLoader.java:189)
11.03.2023 - 19:03:49 - 	at java.base/java.lang.ClassLoader.loadClass(ClassLoader.java:587)
11.03.2023 - 19:03:49 - 	at org.bukkit.plugin.java.PluginClassLoader.loadClass0(PluginClassLoader.java:129)
11.03.2023 - 19:03:49 - 	at org.bukkit.plugin.java.PluginClassLoader.loadClass(PluginClassLoader.java:124)
11.03.2023 - 19:03:49 - 	at java.base/java.lang.ClassLoader.loadClass(ClassLoader.java:520)
11.03.2023 - 19:03:49 - 	at spworlds-1.0-SNAPSHOT.jar//com.spworlds.utils.PlaceholderApis.onRequest(PlaceholderApis.java:33)
11.03.2023 - 19:03:49 - 	at PlaceholderAPI-2.11.2.jar//me.clip.placeholderapi.replacer.CharsReplacer.apply(CharsReplacer.java:119)
11.03.2023 - 19:03:49 - 	at PlaceholderAPI-2.11.2.jar//me.clip.placeholderapi.PlaceholderAPI.setPlaceholders(PlaceholderAPI.java:71)
11.03.2023 - 19:03:49 - 	at PlaceholderAPI-2.11.2.jar//me.clip.placeholderapi.PlaceholderAPI.setPlaceholders(PlaceholderAPI.java:99)
11.03.2023 - 19:03:49 - 	at TAB.v3.2.4.jar//me.neznamy.tab.platforms.bukkit.BukkitPlatform.lambda$registerUnknownPlaceholder$2(BukkitPlatform.java:179)
11.03.2023 - 19:03:49 - 	at TAB.v3.2.4.jar//me.neznamy.tab.shared.placeholders.PlayerPlaceholderImpl.request(PlayerPlaceholderImpl.java:130)
11.03.2023 - 19:03:49 - 	at TAB.v3.2.4.jar//me.neznamy.tab.shared.placeholders.PlayerPlaceholderImpl.update(PlayerPlaceholderImpl.java:53)
11.03.2023 - 19:03:49 - 	at TAB.v3.2.4.jar//me.neznamy.tab.shared.features.PlaceholderManagerImpl.updatePlayerPlaceholder(PlaceholderManagerImpl.java:117)
11.03.2023 - 19:03:49 - 	at TAB.v3.2.4.jar//me.neznamy.tab.shared.features.PlaceholderManagerImpl.refresh(PlaceholderManagerImpl.java:68)
11.03.2023 - 19:03:49 - 	at TAB.v3.2.4.jar//me.neznamy.tab.shared.CpuManager.lambda$runMeasuredTask$8(CpuManager.java:354)
11.03.2023 - 19:03:49 - 	at TAB.v3.2.4.jar//me.neznamy.tab.shared.CpuManager.lambda$submit$1(CpuManager.java:111)
11.03.2023 - 19:03:49 - 	at java.base/java.util.concurrent.Executors$RunnableAdapter.call(Executors.java:539)
11.03.2023 - 19:03:49 - 	at java.base/java.util.concurrent.FutureTask.run(FutureTask.java:264)
11.03.2023 - 19:03:49 - 	at java.base/java.util.concurrent.ThreadPoolExecutor.runWorker(ThreadPoolExecutor.java:1136)
11.03.2023 - 19:03:49 - 	at java.base/java.util.concurrent.ThreadPoolExecutor$Worker.run(ThreadPoolExecutor.java:635)
11.03.2023 - 19:03:49 - 	at java.base/java.lang.Thread.run(Thread.java:833)
11.03.2023 - 19:03:49 - [TAB v3.2.4] Player placeholder %spbuild_getstagestring% generated an error when setting for player Dalynkaa
11.03.2023 - 19:03:49 - java.lang.IllegalStateException: zip file closed
11.03.2023 - 19:03:49 - 	at java.base/java.util.zip.ZipFile.ensureOpen(ZipFile.java:831)
11.03.2023 - 19:03:49 - 	at java.base/java.util.zip.ZipFile.getEntry(ZipFile.java:330)
11.03.2023 - 19:03:49 - 	at java.base/java.util.jar.JarFile.getEntry(JarFile.java:518)
11.03.2023 - 19:03:49 - 	at java.base/java.util.jar.JarFile.getJarEntry(JarFile.java:473)
11.03.2023 - 19:03:49 - 	at org.bukkit.plugin.java.PluginClassLoader.findClass(PluginClassLoader.java:189)
11.03.2023 - 19:03:49 - 	at java.base/java.lang.ClassLoader.loadClass(ClassLoader.java:587)
11.03.2023 - 19:03:49 - 	at org.bukkit.plugin.java.PluginClassLoader.loadClass0(PluginClassLoader.java:129)
11.03.2023 - 19:03:49 - 	at org.bukkit.plugin.java.PluginClassLoader.loadClass(PluginClassLoader.java:124)
11.03.2023 - 19:03:49 - 	at java.base/java.lang.ClassLoader.loadClass(ClassLoader.java:520)
11.03.2023 - 19:03:49 - 	at spworlds-1.0-SNAPSHOT.jar//com.spworlds.utils.PlaceholderApis.onRequest(PlaceholderApis.java:33)
11.03.2023 - 19:03:49 - 	at PlaceholderAPI-2.11.2.jar//me.clip.placeholderapi.replacer.CharsReplacer.apply(CharsReplacer.java:119)
11.03.2023 - 19:03:49 - 	at PlaceholderAPI-2.11.2.jar//me.clip.placeholderapi.PlaceholderAPI.setPlaceholders(PlaceholderAPI.java:71)
11.03.2023 - 19:03:49 - 	at PlaceholderAPI-2.11.2.jar//me.clip.placeholderapi.PlaceholderAPI.setPlaceholders(PlaceholderAPI.java:99)
11.03.2023 - 19:03:49 - 	at TAB.v3.2.4.jar//me.neznamy.tab.platforms.bukkit.BukkitPlatform.lambda$registerUnknownPlaceholder$2(BukkitPlatform.java:179)
11.03.2023 - 19:03:49 - 	at TAB.v3.2.4.jar//me.neznamy.tab.shared.placeholders.PlayerPlaceholderImpl.request(PlayerPlaceholderImpl.java:130)
11.03.2023 - 19:03:49 - 	at TAB.v3.2.4.jar//me.neznamy.tab.shared.placeholders.PlayerPlaceholderImpl.update(PlayerPlaceholderImpl.java:53)
11.03.2023 - 19:03:49 - 	at TAB.v3.2.4.jar//me.neznamy.tab.shared.features.PlaceholderManagerImpl.updatePlayerPlaceholder(PlaceholderManagerImpl.java:117)
11.03.2023 - 19:03:49 - 	at TAB.v3.2.4.jar//me.neznamy.tab.shared.features.PlaceholderManagerImpl.refresh(PlaceholderManagerImpl.java:68)
11.03.2023 - 19:03:49 - 	at TAB.v3.2.4.jar//me.neznamy.tab.shared.CpuManager.lambda$runMeasuredTask$8(CpuManager.java:354)
11.03.2023 - 19:03:49 - 	at TAB.v3.2.4.jar//me.neznamy.tab.shared.CpuManager.lambda$submit$1(CpuManager.java:111)
11.03.2023 - 19:03:49 - 	at java.base/java.util.concurrent.Executors$RunnableAdapter.call(Executors.java:539)
11.03.2023 - 19:03:49 - 	at java.base/java.util.concurrent.FutureTask.run(FutureTask.java:264)
11.03.2023 - 19:03:49 - 	at java.base/java.util.concurrent.ThreadPoolExecutor.runWorker(ThreadPoolExecutor.java:1136)
11.03.2023 - 19:03:49 - 	at java.base/java.util.concurrent.ThreadPoolExecutor$Worker.run(ThreadPoolExecutor.java:635)
11.03.2023 - 19:03:49 - 	at java.base/java.lang.Thread.run(Thread.java:833)
11.03.2023 - 19:03:50 - [TAB v3.2.4] Player placeholder %spbuild_getstagestring% generated an error when setting for player Dalynkaa
11.03.2023 - 19:03:50 - java.lang.IllegalStateException: zip file closed
11.03.2023 - 19:03:50 - 	at java.base/java.util.zip.ZipFile.ensureOpen(ZipFile.java:831)
11.03.2023 - 19:03:50 - 	at java.base/java.util.zip.ZipFile.getEntry(ZipFile.java:330)
11.03.2023 - 19:03:50 - 	at java.base/java.util.jar.JarFile.getEntry(JarFile.java:518)
11.03.2023 - 19:03:50 - 	at java.base/java.util.jar.JarFile.getJarEntry(JarFile.java:473)
11.03.2023 - 19:03:50 - 	at org.bukkit.plugin.java.PluginClassLoader.findClass(PluginClassLoader.java:189)
11.03.2023 - 19:03:50 - 	at java.base/java.lang.ClassLoader.loadClass(ClassLoader.java:587)
11.03.2023 - 19:03:50 - 	at org.bukkit.plugin.java.PluginClassLoader.loadClass0(PluginClassLoader.java:129)
11.03.2023 - 19:03:50 - 	at org.bukkit.plugin.java.PluginClassLoader.loadClass(PluginClassLoader.java:124)
11.03.2023 - 19:03:50 - 	at java.base/java.lang.ClassLoader.loadClass(ClassLoader.java:520)
11.03.2023 - 19:03:50 - 	at spworlds-1.0-SNAPSHOT.jar//com.spworlds.utils.PlaceholderApis.onRequest(PlaceholderApis.java:33)
11.03.2023 - 19:03:50 - 	at PlaceholderAPI-2.11.2.jar//me.clip.placeholderapi.replacer.CharsReplacer.apply(CharsReplacer.java:119)
11.03.2023 - 19:03:50 - 	at PlaceholderAPI-2.11.2.jar//me.clip.placeholderapi.PlaceholderAPI.setPlaceholders(PlaceholderAPI.java:71)
11.03.2023 - 19:03:50 - 	at PlaceholderAPI-2.11.2.jar//me.clip.placeholderapi.PlaceholderAPI.setPlaceholders(PlaceholderAPI.java:99)
11.03.2023 - 19:03:50 - 	at TAB.v3.2.4.jar//me.neznamy.tab.platforms.bukkit.BukkitPlatform.lambda$registerUnknownPlaceholder$2(BukkitPlatform.java:179)
11.03.2023 - 19:03:50 - 	at TAB.v3.2.4.jar//me.neznamy.tab.shared.placeholders.PlayerPlaceholderImpl.request(PlayerPlaceholderImpl.java:130)
11.03.2023 - 19:03:50 - 	at TAB.v3.2.4.jar//me.neznamy.tab.shared.placeholders.PlayerPlaceholderImpl.update(PlayerPlaceholderImpl.java:53)
11.03.2023 - 19:03:50 - 	at TAB.v3.2.4.jar//me.neznamy.tab.shared.features.PlaceholderManagerImpl.updatePlayerPlaceholder(PlaceholderManagerImpl.java:117)
11.03.2023 - 19:03:50 - 	at TAB.v3.2.4.jar//me.neznamy.tab.shared.features.PlaceholderManagerImpl.refresh(PlaceholderManagerImpl.java:68)
11.03.2023 - 19:03:50 - 	at TAB.v3.2.4.jar//me.neznamy.tab.shared.CpuManager.lambda$runMeasuredTask$8(CpuManager.java:354)
11.03.2023 - 19:03:50 - 	at TAB.v3.2.4.jar//me.neznamy.tab.shared.CpuManager.lambda$submit$1(CpuManager.java:111)
11.03.2023 - 19:03:50 - 	at java.base/java.util.concurrent.Executors$RunnableAdapter.call(Executors.java:539)
11.03.2023 - 19:03:50 - 	at java.base/java.util.concurrent.FutureTask.run(FutureTask.java:264)
11.03.2023 - 19:03:50 - 	at java.base/java.util.concurrent.ThreadPoolExecutor.runWorker(ThreadPoolExecutor.java:1136)
11.03.2023 - 19:03:50 - 	at java.base/java.util.concurrent.ThreadPoolExecutor$Worker.run(ThreadPoolExecutor.java:635)
11.03.2023 - 19:03:50 - 	at java.base/java.lang.Thread.run(Thread.java:833)
11.03.2023 - 19:03:50 - [TAB v3.2.4] Player placeholder %spbuild_getstagestring% generated an error when setting for player Dalynkaa
11.03.2023 - 19:03:50 - java.lang.IllegalStateException: zip file closed
11.03.2023 - 19:03:50 - 	at java.base/java.util.zip.ZipFile.ensureOpen(ZipFile.java:831)
11.03.2023 - 19:03:50 - 	at java.base/java.util.zip.ZipFile.getEntry(ZipFile.java:330)
11.03.2023 - 19:03:50 - 	at java.base/java.util.jar.JarFile.getEntry(JarFile.java:518)
11.03.2023 - 19:03:50 - 	at java.base/java.util.jar.JarFile.getJarEntry(JarFile.java:473)
11.03.2023 - 19:03:50 - 	at org.bukkit.plugin.java.PluginClassLoader.findClass(PluginClassLoader.java:189)
11.03.2023 - 19:03:50 - 	at java.base/java.lang.ClassLoader.loadClass(ClassLoader.java:587)
11.03.2023 - 19:03:50 - 	at org.bukkit.plugin.java.PluginClassLoader.loadClass0(PluginClassLoader.java:129)
11.03.2023 - 19:03:50 - 	at org.bukkit.plugin.java.PluginClassLoader.loadClass(PluginClassLoader.java:124)
11.03.2023 - 19:03:50 - 	at java.base/java.lang.ClassLoader.loadClass(ClassLoader.java:520)
11.03.2023 - 19:03:50 - 	at spworlds-1.0-SNAPSHOT.jar//com.spworlds.utils.PlaceholderApis.onRequest(PlaceholderApis.java:33)
11.03.2023 - 19:03:50 - 	at PlaceholderAPI-2.11.2.jar//me.clip.placeholderapi.replacer.CharsReplacer.apply(CharsReplacer.java:119)
11.03.2023 - 19:03:50 - 	at PlaceholderAPI-2.11.2.jar//me.clip.placeholderapi.PlaceholderAPI.setPlaceholders(PlaceholderAPI.java:71)
11.03.2023 - 19:03:50 - 	at PlaceholderAPI-2.11.2.jar//me.clip.placeholderapi.PlaceholderAPI.setPlaceholders(PlaceholderAPI.java:99)
11.03.2023 - 19:03:50 - 	at TAB.v3.2.4.jar//me.neznamy.tab.platforms.bukkit.BukkitPlatform.lambda$registerUnknownPlaceholder$2(BukkitPlatform.java:179)
11.03.2023 - 19:03:50 - 	at TAB.v3.2.4.jar//me.neznamy.tab.shared.placeholders.PlayerPlaceholderImpl.request(PlayerPlaceholderImpl.java:130)
11.03.2023 - 19:03:50 - 	at TAB.v3.2.4.jar//me.neznamy.tab.shared.placeholders.PlayerPlaceholderImpl.update(PlayerPlaceholderImpl.java:53)
11.03.2023 - 19:03:50 - 	at TAB.v3.2.4.jar//me.neznamy.tab.shared.features.PlaceholderManagerImpl.updatePlayerPlaceholder(PlaceholderManagerImpl.java:117)
11.03.2023 - 19:03:50 - 	at TAB.v3.2.4.jar//me.neznamy.tab.shared.features.PlaceholderManagerImpl.refresh(PlaceholderManagerImpl.java:68)
11.03.2023 - 19:03:50 - 	at TAB.v3.2.4.jar//me.neznamy.tab.shared.CpuManager.lambda$runMeasuredTask$8(CpuManager.java:354)
11.03.2023 - 19:03:50 - 	at TAB.v3.2.4.jar//me.neznamy.tab.shared.CpuManager.lambda$submit$1(CpuManager.java:111)
11.03.2023 - 19:03:50 - 	at java.base/java.util.concurrent.Executors$RunnableAdapter.call(Executors.java:539)
11.03.2023 - 19:03:50 - 	at java.base/java.util.concurrent.FutureTask.run(FutureTask.java:264)
11.03.2023 - 19:03:50 - 	at java.base/java.util.concurrent.ThreadPoolExecutor.runWorker(ThreadPoolExecutor.java:1136)
11.03.2023 - 19:03:50 - 	at java.base/java.util.concurrent.ThreadPoolExecutor$Worker.run(ThreadPoolExecutor.java:635)
11.03.2023 - 19:03:50 - 	at java.base/java.lang.Thread.run(Thread.java:833)
11.03.2023 - 19:03:51 - [TAB v3.2.4] Player placeholder %spbuild_getstagestring% generated an error when setting for player Dalynkaa
11.03.2023 - 19:03:51 - java.lang.IllegalStateException: zip file closed
11.03.2023 - 19:03:51 - 	at java.base/java.util.zip.ZipFile.ensureOpen(ZipFile.java:831)
11.03.2023 - 19:03:51 - 	at java.base/java.util.zip.ZipFile.getEntry(ZipFile.java:330)
11.03.2023 - 19:03:51 - 	at java.base/java.util.jar.JarFile.getEntry(JarFile.java:518)
11.03.2023 - 19:03:51 - 	at java.base/java.util.jar.JarFile.getJarEntry(JarFile.java:473)
11.03.2023 - 19:03:51 - 	at org.bukkit.plugin.java.PluginClassLoader.findClass(PluginClassLoader.java:189)
11.03.2023 - 19:03:51 - 	at java.base/java.lang.ClassLoader.loadClass(ClassLoader.java:587)
11.03.2023 - 19:03:51 - 	at org.bukkit.plugin.java.PluginClassLoader.loadClass0(PluginClassLoader.java:129)
11.03.2023 - 19:03:51 - 	at org.bukkit.plugin.java.PluginClassLoader.loadClass(PluginClassLoader.java:124)
11.03.2023 - 19:03:51 - 	at java.base/java.lang.ClassLoader.loadClass(ClassLoader.java:520)
11.03.2023 - 19:03:51 - 	at spworlds-1.0-SNAPSHOT.jar//com.spworlds.utils.PlaceholderApis.onRequest(PlaceholderApis.java:33)
11.03.2023 - 19:03:51 - 	at PlaceholderAPI-2.11.2.jar//me.clip.placeholderapi.replacer.CharsReplacer.apply(CharsReplacer.java:119)
11.03.2023 - 19:03:51 - 	at PlaceholderAPI-2.11.2.jar//me.clip.placeholderapi.PlaceholderAPI.setPlaceholders(PlaceholderAPI.java:71)
11.03.2023 - 19:03:51 - 	at PlaceholderAPI-2.11.2.jar//me.clip.placeholderapi.PlaceholderAPI.setPlaceholders(PlaceholderAPI.java:99)
11.03.2023 - 19:03:51 - 	at TAB.v3.2.4.jar//me.neznamy.tab.platforms.bukkit.BukkitPlatform.lambda$registerUnknownPlaceholder$2(BukkitPlatform.java:179)
11.03.2023 - 19:03:51 - 	at TAB.v3.2.4.jar//me.neznamy.tab.shared.placeholders.PlayerPlaceholderImpl.request(PlayerPlaceholderImpl.java:130)
11.03.2023 - 19:03:51 - 	at TAB.v3.2.4.jar//me.neznamy.tab.shared.placeholders.PlayerPlaceholderImpl.update(PlayerPlaceholderImpl.java:53)
11.03.2023 - 19:03:51 - 	at TAB.v3.2.4.jar//me.neznamy.tab.shared.features.PlaceholderManagerImpl.updatePlayerPlaceholder(PlaceholderManagerImpl.java:117)
11.03.2023 - 19:03:51 - 	at TAB.v3.2.4.jar//me.neznamy.tab.shared.features.PlaceholderManagerImpl.refresh(PlaceholderManagerImpl.java:68)
11.03.2023 - 19:03:51 - 	at TAB.v3.2.4.jar//me.neznamy.tab.shared.CpuManager.lambda$runMeasuredTask$8(CpuManager.java:354)
11.03.2023 - 19:03:51 - 	at TAB.v3.2.4.jar//me.neznamy.tab.shared.CpuManager.lambda$submit$1(CpuManager.java:111)
11.03.2023 - 19:03:51 - 	at java.base/java.util.concurrent.Executors$RunnableAdapter.call(Executors.java:539)
11.03.2023 - 19:03:51 - 	at java.base/java.util.concurrent.FutureTask.run(FutureTask.java:264)
11.03.2023 - 19:03:51 - 	at java.base/java.util.concurrent.ThreadPoolExecutor.runWorker(ThreadPoolExecutor.java:1136)
11.03.2023 - 19:03:51 - 	at java.base/java.util.concurrent.ThreadPoolExecutor$Worker.run(ThreadPoolExecutor.java:635)
11.03.2023 - 19:03:51 - 	at java.base/java.lang.Thread.run(Thread.java:833)
11.03.2023 - 19:03:51 - [TAB v3.2.4] Player placeholder %spbuild_getstagestring% generated an error when setting for player Dalynkaa
11.03.2023 - 19:03:51 - java.lang.IllegalStateException: zip file closed
11.03.2023 - 19:03:51 - 	at java.base/java.util.zip.ZipFile.ensureOpen(ZipFile.java:831)
11.03.2023 - 19:03:51 - 	at java.base/java.util.zip.ZipFile.getEntry(ZipFile.java:330)
11.03.2023 - 19:03:51 - 	at java.base/java.util.jar.JarFile.getEntry(JarFile.java:518)
11.03.2023 - 19:03:51 - 	at java.base/java.util.jar.JarFile.getJarEntry(JarFile.java:473)
11.03.2023 - 19:03:51 - 	at org.bukkit.plugin.java.PluginClassLoader.findClass(PluginClassLoader.java:189)
11.03.2023 - 19:03:51 - 	at java.base/java.lang.ClassLoader.loadClass(ClassLoader.java:587)
11.03.2023 - 19:03:51 - 	at org.bukkit.plugin.java.PluginClassLoader.loadClass0(PluginClassLoader.java:129)
11.03.2023 - 19:03:51 - 	at org.bukkit.plugin.java.PluginClassLoader.loadClass(PluginClassLoader.java:124)
11.03.2023 - 19:03:51 - 	at java.base/java.lang.ClassLoader.loadClass(ClassLoader.java:520)
11.03.2023 - 19:03:51 - 	at spworlds-1.0-SNAPSHOT.jar//com.spworlds.utils.PlaceholderApis.onRequest(PlaceholderApis.java:33)
11.03.2023 - 19:03:51 - 	at PlaceholderAPI-2.11.2.jar//me.clip.placeholderapi.replacer.CharsReplacer.apply(CharsReplacer.java:119)
11.03.2023 - 19:03:51 - 	at PlaceholderAPI-2.11.2.jar//me.clip.placeholderapi.PlaceholderAPI.setPlaceholders(PlaceholderAPI.java:71)
11.03.2023 - 19:03:51 - 	at PlaceholderAPI-2.11.2.jar//me.clip.placeholderapi.PlaceholderAPI.setPlaceholders(PlaceholderAPI.java:99)
11.03.2023 - 19:03:51 - 	at TAB.v3.2.4.jar//me.neznamy.tab.platforms.bukkit.BukkitPlatform.lambda$registerUnknownPlaceholder$2(BukkitPlatform.java:179)
11.03.2023 - 19:03:51 - 	at TAB.v3.2.4.jar//me.neznamy.tab.shared.placeholders.PlayerPlaceholderImpl.request(PlayerPlaceholderImpl.java:130)
11.03.2023 - 19:03:51 - 	at TAB.v3.2.4.jar//me.neznamy.tab.shared.placeholders.PlayerPlaceholderImpl.update(PlayerPlaceholderImpl.java:53)
11.03.2023 - 19:03:51 - 	at TAB.v3.2.4.jar//me.neznamy.tab.shared.features.PlaceholderManagerImpl.updatePlayerPlaceholder(PlaceholderManagerImpl.java:117)
11.03.2023 - 19:03:51 - 	at TAB.v3.2.4.jar//me.neznamy.tab.shared.features.PlaceholderManagerImpl.refresh(PlaceholderManagerImpl.java:68)
11.03.2023 - 19:03:51 - 	at TAB.v3.2.4.jar//me.neznamy.tab.shared.CpuManager.lambda$runMeasuredTask$8(CpuManager.java:354)
11.03.2023 - 19:03:51 - 	at TAB.v3.2.4.jar//me.neznamy.tab.shared.CpuManager.lambda$submit$1(CpuManager.java:111)
11.03.2023 - 19:03:51 - 	at java.base/java.util.concurrent.Executors$RunnableAdapter.call(Executors.java:539)
11.03.2023 - 19:03:51 - 	at java.base/java.util.concurrent.FutureTask.run(FutureTask.java:264)
11.03.2023 - 19:03:51 - 	at java.base/java.util.concurrent.ThreadPoolExecutor.runWorker(ThreadPoolExecutor.java:1136)
11.03.2023 - 19:03:51 - 	at java.base/java.util.concurrent.ThreadPoolExecutor$Worker.run(ThreadPoolExecutor.java:635)
11.03.2023 - 19:03:51 - 	at java.base/java.lang.Thread.run(Thread.java:833)
11.03.2023 - 19:03:52 - [TAB v3.2.4] Player placeholder %spbuild_getstagestring% generated an error when setting for player Dalynkaa
11.03.2023 - 19:03:52 - java.lang.IllegalStateException: zip file closed
11.03.2023 - 19:03:52 - 	at java.base/java.util.zip.ZipFile.ensureOpen(ZipFile.java:831)
11.03.2023 - 19:03:52 - 	at java.base/java.util.zip.ZipFile.getEntry(ZipFile.java:330)
11.03.2023 - 19:03:52 - 	at java.base/java.util.jar.JarFile.getEntry(JarFile.java:518)
11.03.2023 - 19:03:52 - 	at java.base/java.util.jar.JarFile.getJarEntry(JarFile.java:473)
11.03.2023 - 19:03:52 - 	at org.bukkit.plugin.java.PluginClassLoader.findClass(PluginClassLoader.java:189)
11.03.2023 - 19:03:52 - 	at java.base/java.lang.ClassLoader.loadClass(ClassLoader.java:587)
11.03.2023 - 19:03:52 - 	at org.bukkit.plugin.java.PluginClassLoader.loadClass0(PluginClassLoader.java:129)
11.03.2023 - 19:03:52 - 	at org.bukkit.plugin.java.PluginClassLoader.loadClass(PluginClassLoader.java:124)
11.03.2023 - 19:03:52 - 	at java.base/java.lang.ClassLoader.loadClass(ClassLoader.java:520)
11.03.2023 - 19:03:52 - 	at spworlds-1.0-SNAPSHOT.jar//com.spworlds.utils.PlaceholderApis.onRequest(PlaceholderApis.java:33)
11.03.2023 - 19:03:52 - 	at PlaceholderAPI-2.11.2.jar//me.clip.placeholderapi.replacer.CharsReplacer.apply(CharsReplacer.java:119)
11.03.2023 - 19:03:52 - 	at PlaceholderAPI-2.11.2.jar//me.clip.placeholderapi.PlaceholderAPI.setPlaceholders(PlaceholderAPI.java:71)
11.03.2023 - 19:03:52 - 	at PlaceholderAPI-2.11.2.jar//me.clip.placeholderapi.PlaceholderAPI.setPlaceholders(PlaceholderAPI.java:99)
11.03.2023 - 19:03:52 - 	at TAB.v3.2.4.jar//me.neznamy.tab.platforms.bukkit.BukkitPlatform.lambda$registerUnknownPlaceholder$2(BukkitPlatform.java:179)
11.03.2023 - 19:03:52 - 	at TAB.v3.2.4.jar//me.neznamy.tab.shared.placeholders.PlayerPlaceholderImpl.request(PlayerPlaceholderImpl.java:130)
11.03.2023 - 19:03:52 - 	at TAB.v3.2.4.jar//me.neznamy.tab.shared.placeholders.PlayerPlaceholderImpl.update(PlayerPlaceholderImpl.java:53)
11.03.2023 - 19:03:52 - 	at TAB.v3.2.4.jar//me.neznamy.tab.shared.features.PlaceholderManagerImpl.updatePlayerPlaceholder(PlaceholderManagerImpl.java:117)
11.03.2023 - 19:03:52 - 	at TAB.v3.2.4.jar//me.neznamy.tab.shared.features.PlaceholderManagerImpl.refresh(PlaceholderManagerImpl.java:68)
11.03.2023 - 19:03:52 - 	at TAB.v3.2.4.jar//me.neznamy.tab.shared.CpuManager.lambda$runMeasuredTask$8(CpuManager.java:354)
11.03.2023 - 19:03:52 - 	at TAB.v3.2.4.jar//me.neznamy.tab.shared.CpuManager.lambda$submit$1(CpuManager.java:111)
11.03.2023 - 19:03:52 - 	at java.base/java.util.concurrent.Executors$RunnableAdapter.call(Executors.java:539)
11.03.2023 - 19:03:52 - 	at java.base/java.util.concurrent.FutureTask.run(FutureTask.java:264)
11.03.2023 - 19:03:52 - 	at java.base/java.util.concurrent.ThreadPoolExecutor.runWorker(ThreadPoolExecutor.java:1136)
11.03.2023 - 19:03:52 - 	at java.base/java.util.concurrent.ThreadPoolExecutor$Worker.run(ThreadPoolExecutor.java:635)
11.03.2023 - 19:03:52 - 	at java.base/java.lang.Thread.run(Thread.java:833)
11.03.2023 - 19:03:52 - [TAB v3.2.4] Player placeholder %spbuild_getstagestring% generated an error when setting for player Dalynkaa
11.03.2023 - 19:03:52 - java.lang.IllegalStateException: zip file closed
11.03.2023 - 19:03:52 - 	at java.base/java.util.zip.ZipFile.ensureOpen(ZipFile.java:831)
11.03.2023 - 19:03:52 - 	at java.base/java.util.zip.ZipFile.getEntry(ZipFile.java:330)
11.03.2023 - 19:03:52 - 	at java.base/java.util.jar.JarFile.getEntry(JarFile.java:518)
11.03.2023 - 19:03:52 - 	at java.base/java.util.jar.JarFile.getJarEntry(JarFile.java:473)
11.03.2023 - 19:03:52 - 	at org.bukkit.plugin.java.PluginClassLoader.findClass(PluginClassLoader.java:189)
11.03.2023 - 19:03:52 - 	at java.base/java.lang.ClassLoader.loadClass(ClassLoader.java:587)
11.03.2023 - 19:03:52 - 	at org.bukkit.plugin.java.PluginClassLoader.loadClass0(PluginClassLoader.java:129)
11.03.2023 - 19:03:52 - 	at org.bukkit.plugin.java.PluginClassLoader.loadClass(PluginClassLoader.java:124)
11.03.2023 - 19:03:52 - 	at java.base/java.lang.ClassLoader.loadClass(ClassLoader.java:520)
11.03.2023 - 19:03:52 - 	at spworlds-1.0-SNAPSHOT.jar//com.spworlds.utils.PlaceholderApis.onRequest(PlaceholderApis.java:33)
11.03.2023 - 19:03:52 - 	at PlaceholderAPI-2.11.2.jar//me.clip.placeholderapi.replacer.CharsReplacer.apply(CharsReplacer.java:119)
11.03.2023 - 19:03:52 - 	at PlaceholderAPI-2.11.2.jar//me.clip.placeholderapi.PlaceholderAPI.setPlaceholders(PlaceholderAPI.java:71)
11.03.2023 - 19:03:52 - 	at PlaceholderAPI-2.11.2.jar//me.clip.placeholderapi.PlaceholderAPI.setPlaceholders(PlaceholderAPI.java:99)
11.03.2023 - 19:03:52 - 	at TAB.v3.2.4.jar//me.neznamy.tab.platforms.bukkit.BukkitPlatform.lambda$registerUnknownPlaceholder$2(BukkitPlatform.java:179)
11.03.2023 - 19:03:52 - 	at TAB.v3.2.4.jar//me.neznamy.tab.shared.placeholders.PlayerPlaceholderImpl.request(PlayerPlaceholderImpl.java:130)
11.03.2023 - 19:03:52 - 	at TAB.v3.2.4.jar//me.neznamy.tab.shared.placeholders.PlayerPlaceholderImpl.update(PlayerPlaceholderImpl.java:53)
11.03.2023 - 19:03:52 - 	at TAB.v3.2.4.jar//me.neznamy.tab.shared.features.PlaceholderManagerImpl.updatePlayerPlaceholder(PlaceholderManagerImpl.java:117)
11.03.2023 - 19:03:52 - 	at TAB.v3.2.4.jar//me.neznamy.tab.shared.features.PlaceholderManagerImpl.refresh(PlaceholderManagerImpl.java:68)
11.03.2023 - 19:03:52 - 	at TAB.v3.2.4.jar//me.neznamy.tab.shared.CpuManager.lambda$runMeasuredTask$8(CpuManager.java:354)
11.03.2023 - 19:03:52 - 	at TAB.v3.2.4.jar//me.neznamy.tab.shared.CpuManager.lambda$submit$1(CpuManager.java:111)
11.03.2023 - 19:03:52 - 	at java.base/java.util.concurrent.Executors$RunnableAdapter.call(Executors.java:539)
11.03.2023 - 19:03:52 - 	at java.base/java.util.concurrent.FutureTask.run(FutureTask.java:264)
11.03.2023 - 19:03:52 - 	at java.base/java.util.concurrent.ThreadPoolExecutor.runWorker(ThreadPoolExecutor.java:1136)
11.03.2023 - 19:03:52 - 	at java.base/java.util.concurrent.ThreadPoolExecutor$Worker.run(ThreadPoolExecutor.java:635)
11.03.2023 - 19:03:52 - 	at java.base/java.lang.Thread.run(Thread.java:833)
11.03.2023 - 19:03:53 - [TAB v3.2.4] Player placeholder %spbuild_getstagestring% generated an error when setting for player Dalynkaa
11.03.2023 - 19:03:53 - java.lang.IllegalStateException: zip file closed
11.03.2023 - 19:03:53 - 	at java.base/java.util.zip.ZipFile.ensureOpen(ZipFile.java:831)
11.03.2023 - 19:03:53 - 	at java.base/java.util.zip.ZipFile.getEntry(ZipFile.java:330)
11.03.2023 - 19:03:53 - 	at java.base/java.util.jar.JarFile.getEntry(JarFile.java:518)
11.03.2023 - 19:03:53 - 	at java.base/java.util.jar.JarFile.getJarEntry(JarFile.java:473)
11.03.2023 - 19:03:53 - 	at org.bukkit.plugin.java.PluginClassLoader.findClass(PluginClassLoader.java:189)
11.03.2023 - 19:03:53 - 	at java.base/java.lang.ClassLoader.loadClass(ClassLoader.java:587)
11.03.2023 - 19:03:53 - 	at org.bukkit.plugin.java.PluginClassLoader.loadClass0(PluginClassLoader.java:129)
11.03.2023 - 19:03:53 - 	at org.bukkit.plugin.java.PluginClassLoader.loadClass(PluginClassLoader.java:124)
11.03.2023 - 19:03:53 - 	at java.base/java.lang.ClassLoader.loadClass(ClassLoader.java:520)
11.03.2023 - 19:03:53 - 	at spworlds-1.0-SNAPSHOT.jar//com.spworlds.utils.PlaceholderApis.onRequest(PlaceholderApis.java:33)
11.03.2023 - 19:03:53 - 	at PlaceholderAPI-2.11.2.jar//me.clip.placeholderapi.replacer.CharsReplacer.apply(CharsReplacer.java:119)
11.03.2023 - 19:03:53 - 	at PlaceholderAPI-2.11.2.jar//me.clip.placeholderapi.PlaceholderAPI.setPlaceholders(PlaceholderAPI.java:71)
11.03.2023 - 19:03:53 - 	at PlaceholderAPI-2.11.2.jar//me.clip.placeholderapi.PlaceholderAPI.setPlaceholders(PlaceholderAPI.java:99)
11.03.2023 - 19:03:53 - 	at TAB.v3.2.4.jar//me.neznamy.tab.platforms.bukkit.BukkitPlatform.lambda$registerUnknownPlaceholder$2(BukkitPlatform.java:179)
11.03.2023 - 19:03:53 - 	at TAB.v3.2.4.jar//me.neznamy.tab.shared.placeholders.PlayerPlaceholderImpl.request(PlayerPlaceholderImpl.java:130)
11.03.2023 - 19:03:53 - 	at TAB.v3.2.4.jar//me.neznamy.tab.shared.placeholders.PlayerPlaceholderImpl.update(PlayerPlaceholderImpl.java:53)
11.03.2023 - 19:03:53 - 	at TAB.v3.2.4.jar//me.neznamy.tab.shared.features.PlaceholderManagerImpl.updatePlayerPlaceholder(PlaceholderManagerImpl.java:117)
11.03.2023 - 19:03:53 - 	at TAB.v3.2.4.jar//me.neznamy.tab.shared.features.PlaceholderManagerImpl.refresh(PlaceholderManagerImpl.java:68)
11.03.2023 - 19:03:53 - 	at TAB.v3.2.4.jar//me.neznamy.tab.shared.CpuManager.lambda$runMeasuredTask$8(CpuManager.java:354)
11.03.2023 - 19:03:53 - 	at TAB.v3.2.4.jar//me.neznamy.tab.shared.CpuManager.lambda$submit$1(CpuManager.java:111)
11.03.2023 - 19:03:53 - 	at java.base/java.util.concurrent.Executors$RunnableAdapter.call(Executors.java:539)
11.03.2023 - 19:03:53 - 	at java.base/java.util.concurrent.FutureTask.run(FutureTask.java:264)
11.03.2023 - 19:03:53 - 	at java.base/java.util.concurrent.ThreadPoolExecutor.runWorker(ThreadPoolExecutor.java:1136)
11.03.2023 - 19:03:53 - 	at java.base/java.util.concurrent.ThreadPoolExecutor$Worker.run(ThreadPoolExecutor.java:635)
11.03.2023 - 19:03:53 - 	at java.base/java.lang.Thread.run(Thread.java:833)
11.03.2023 - 19:03:53 - [TAB v3.2.4] Player placeholder %spbuild_getstagestring% generated an error when setting for player Dalynkaa
11.03.2023 - 19:03:53 - java.lang.IllegalStateException: zip file closed
11.03.2023 - 19:03:53 - 	at java.base/java.util.zip.ZipFile.ensureOpen(ZipFile.java:831)
11.03.2023 - 19:03:53 - 	at java.base/java.util.zip.ZipFile.getEntry(ZipFile.java:330)
11.03.2023 - 19:03:53 - 	at java.base/java.util.jar.JarFile.getEntry(JarFile.java:518)
11.03.2023 - 19:03:53 - 	at java.base/java.util.jar.JarFile.getJarEntry(JarFile.java:473)
11.03.2023 - 19:03:53 - 	at org.bukkit.plugin.java.PluginClassLoader.findClass(PluginClassLoader.java:189)
11.03.2023 - 19:03:53 - 	at java.base/java.lang.ClassLoader.loadClass(ClassLoader.java:587)
11.03.2023 - 19:03:53 - 	at org.bukkit.plugin.java.PluginClassLoader.loadClass0(PluginClassLoader.java:129)
11.03.2023 - 19:03:53 - 	at org.bukkit.plugin.java.PluginClassLoader.loadClass(PluginClassLoader.java:124)
11.03.2023 - 19:03:53 - 	at java.base/java.lang.ClassLoader.loadClass(ClassLoader.java:520)
11.03.2023 - 19:03:53 - 	at spworlds-1.0-SNAPSHOT.jar//com.spworlds.utils.PlaceholderApis.onRequest(PlaceholderApis.java:33)
11.03.2023 - 19:03:53 - 	at PlaceholderAPI-2.11.2.jar//me.clip.placeholderapi.replacer.CharsReplacer.apply(CharsReplacer.java:119)
11.03.2023 - 19:03:53 - 	at PlaceholderAPI-2.11.2.jar//me.clip.placeholderapi.PlaceholderAPI.setPlaceholders(PlaceholderAPI.java:71)
11.03.2023 - 19:03:53 - 	at PlaceholderAPI-2.11.2.jar//me.clip.placeholderapi.PlaceholderAPI.setPlaceholders(PlaceholderAPI.java:99)
11.03.2023 - 19:03:53 - 	at TAB.v3.2.4.jar//me.neznamy.tab.platforms.bukkit.BukkitPlatform.lambda$registerUnknownPlaceholder$2(BukkitPlatform.java:179)
11.03.2023 - 19:03:53 - 	at TAB.v3.2.4.jar//me.neznamy.tab.shared.placeholders.PlayerPlaceholderImpl.request(PlayerPlaceholderImpl.java:130)
11.03.2023 - 19:03:53 - 	at TAB.v3.2.4.jar//me.neznamy.tab.shared.placeholders.PlayerPlaceholderImpl.update(PlayerPlaceholderImpl.java:53)
11.03.2023 - 19:03:53 - 	at TAB.v3.2.4.jar//me.neznamy.tab.shared.features.PlaceholderManagerImpl.updatePlayerPlaceholder(PlaceholderManagerImpl.java:117)
11.03.2023 - 19:03:53 - 	at TAB.v3.2.4.jar//me.neznamy.tab.shared.features.PlaceholderManagerImpl.refresh(PlaceholderManagerImpl.java:68)
11.03.2023 - 19:03:53 - 	at TAB.v3.2.4.jar//me.neznamy.tab.shared.CpuManager.lambda$runMeasuredTask$8(CpuManager.java:354)
11.03.2023 - 19:03:53 - 	at TAB.v3.2.4.jar//me.neznamy.tab.shared.CpuManager.lambda$submit$1(CpuManager.java:111)
11.03.2023 - 19:03:53 - 	at java.base/java.util.concurrent.Executors$RunnableAdapter.call(Executors.java:539)
11.03.2023 - 19:03:53 - 	at java.base/java.util.concurrent.FutureTask.run(FutureTask.java:264)
11.03.2023 - 19:03:53 - 	at java.base/java.util.concurrent.ThreadPoolExecutor.runWorker(ThreadPoolExecutor.java:1136)
11.03.2023 - 19:03:53 - 	at java.base/java.util.concurrent.ThreadPoolExecutor$Worker.run(ThreadPoolExecutor.java:635)
11.03.2023 - 19:03:53 - 	at java.base/java.lang.Thread.run(Thread.java:833)
11.03.2023 - 19:03:54 - [TAB v3.2.4] Player placeholder %spbuild_getstagestring% generated an error when setting for player Dalynkaa
11.03.2023 - 19:03:54 - java.lang.IllegalStateException: zip file closed
11.03.2023 - 19:03:54 - 	at java.base/java.util.zip.ZipFile.ensureOpen(ZipFile.java:831)
11.03.2023 - 19:03:54 - 	at java.base/java.util.zip.ZipFile.getEntry(ZipFile.java:330)
11.03.2023 - 19:03:54 - 	at java.base/java.util.jar.JarFile.getEntry(JarFile.java:518)
11.03.2023 - 19:03:54 - 	at java.base/java.util.jar.JarFile.getJarEntry(JarFile.java:473)
11.03.2023 - 19:03:54 - 	at org.bukkit.plugin.java.PluginClassLoader.findClass(PluginClassLoader.java:189)
11.03.2023 - 19:03:54 - 	at java.base/java.lang.ClassLoader.loadClass(ClassLoader.java:587)
11.03.2023 - 19:03:54 - 	at org.bukkit.plugin.java.PluginClassLoader.loadClass0(PluginClassLoader.java:129)
11.03.2023 - 19:03:54 - 	at org.bukkit.plugin.java.PluginClassLoader.loadClass(PluginClassLoader.java:124)
11.03.2023 - 19:03:54 - 	at java.base/java.lang.ClassLoader.loadClass(ClassLoader.java:520)
11.03.2023 - 19:03:54 - 	at spworlds-1.0-SNAPSHOT.jar//com.spworlds.utils.PlaceholderApis.onRequest(PlaceholderApis.java:33)
11.03.2023 - 19:03:54 - 	at PlaceholderAPI-2.11.2.jar//me.clip.placeholderapi.replacer.CharsReplacer.apply(CharsReplacer.java:119)
11.03.2023 - 19:03:54 - 	at PlaceholderAPI-2.11.2.jar//me.clip.placeholderapi.PlaceholderAPI.setPlaceholders(PlaceholderAPI.java:71)
11.03.2023 - 19:03:54 - 	at PlaceholderAPI-2.11.2.jar//me.clip.placeholderapi.PlaceholderAPI.setPlaceholders(PlaceholderAPI.java:99)
11.03.2023 - 19:03:54 - 	at TAB.v3.2.4.jar//me.neznamy.tab.platforms.bukkit.BukkitPlatform.lambda$registerUnknownPlaceholder$2(BukkitPlatform.java:179)
11.03.2023 - 19:03:54 - 	at TAB.v3.2.4.jar//me.neznamy.tab.shared.placeholders.PlayerPlaceholderImpl.request(PlayerPlaceholderImpl.java:130)
11.03.2023 - 19:03:54 - 	at TAB.v3.2.4.jar//me.neznamy.tab.shared.placeholders.PlayerPlaceholderImpl.update(PlayerPlaceholderImpl.java:53)
11.03.2023 - 19:03:54 - 	at TAB.v3.2.4.jar//me.neznamy.tab.shared.features.PlaceholderManagerImpl.updatePlayerPlaceholder(PlaceholderManagerImpl.java:117)
11.03.2023 - 19:03:54 - 	at TAB.v3.2.4.jar//me.neznamy.tab.shared.features.PlaceholderManagerImpl.refresh(PlaceholderManagerImpl.java:68)
11.03.2023 - 19:03:54 - 	at TAB.v3.2.4.jar//me.neznamy.tab.shared.CpuManager.lambda$runMeasuredTask$8(CpuManager.java:354)
11.03.2023 - 19:03:54 - 	at TAB.v3.2.4.jar//me.neznamy.tab.shared.CpuManager.lambda$submit$1(CpuManager.java:111)
11.03.2023 - 19:03:54 - 	at java.base/java.util.concurrent.Executors$RunnableAdapter.call(Executors.java:539)
11.03.2023 - 19:03:54 - 	at java.base/java.util.concurrent.FutureTask.run(FutureTask.java:264)
11.03.2023 - 19:03:54 - 	at java.base/java.util.concurrent.ThreadPoolExecutor.runWorker(ThreadPoolExecutor.java:1136)
11.03.2023 - 19:03:54 - 	at java.base/java.util.concurrent.ThreadPoolExecutor$Worker.run(ThreadPoolExecutor.java:635)
11.03.2023 - 19:03:54 - 	at java.base/java.lang.Thread.run(Thread.java:833)
11.03.2023 - 19:03:54 - [TAB v3.2.4] Player placeholder %spbuild_getstagestring% generated an error when setting for player Dalynkaa
11.03.2023 - 19:03:54 - java.lang.IllegalStateException: zip file closed
11.03.2023 - 19:03:54 - 	at java.base/java.util.zip.ZipFile.ensureOpen(ZipFile.java:831)
11.03.2023 - 19:03:54 - 	at java.base/java.util.zip.ZipFile.getEntry(ZipFile.java:330)
11.03.2023 - 19:03:54 - 	at java.base/java.util.jar.JarFile.getEntry(JarFile.java:518)
11.03.2023 - 19:03:54 - 	at java.base/java.util.jar.JarFile.getJarEntry(JarFile.java:473)
11.03.2023 - 19:03:54 - 	at org.bukkit.plugin.java.PluginClassLoader.findClass(PluginClassLoader.java:189)
11.03.2023 - 19:03:54 - 	at java.base/java.lang.ClassLoader.loadClass(ClassLoader.java:587)
11.03.2023 - 19:03:54 - 	at org.bukkit.plugin.java.PluginClassLoader.loadClass0(PluginClassLoader.java:129)
11.03.2023 - 19:03:54 - 	at org.bukkit.plugin.java.PluginClassLoader.loadClass(PluginClassLoader.java:124)
11.03.2023 - 19:03:54 - 	at java.base/java.lang.ClassLoader.loadClass(ClassLoader.java:520)
11.03.2023 - 19:03:54 - 	at spworlds-1.0-SNAPSHOT.jar//com.spworlds.utils.PlaceholderApis.onRequest(PlaceholderApis.java:33)
11.03.2023 - 19:03:54 - 	at PlaceholderAPI-2.11.2.jar//me.clip.placeholderapi.replacer.CharsReplacer.apply(CharsReplacer.java:119)
11.03.2023 - 19:03:54 - 	at PlaceholderAPI-2.11.2.jar//me.clip.placeholderapi.PlaceholderAPI.setPlaceholders(PlaceholderAPI.java:71)
11.03.2023 - 19:03:54 - 	at PlaceholderAPI-2.11.2.jar//me.clip.placeholderapi.PlaceholderAPI.setPlaceholders(PlaceholderAPI.java:99)
11.03.2023 - 19:03:54 - 	at TAB.v3.2.4.jar//me.neznamy.tab.platforms.bukkit.BukkitPlatform.lambda$registerUnknownPlaceholder$2(BukkitPlatform.java:179)
11.03.2023 - 19:03:54 - 	at TAB.v3.2.4.jar//me.neznamy.tab.shared.placeholders.PlayerPlaceholderImpl.request(PlayerPlaceholderImpl.java:130)
11.03.2023 - 19:03:54 - 	at TAB.v3.2.4.jar//me.neznamy.tab.shared.placeholders.PlayerPlaceholderImpl.update(PlayerPlaceholderImpl.java:53)
11.03.2023 - 19:03:54 - 	at TAB.v3.2.4.jar//me.neznamy.tab.shared.features.PlaceholderManagerImpl.updatePlayerPlaceholder(PlaceholderManagerImpl.java:117)
11.03.2023 - 19:03:54 - 	at TAB.v3.2.4.jar//me.neznamy.tab.shared.features.PlaceholderManagerImpl.refresh(PlaceholderManagerImpl.java:68)
11.03.2023 - 19:03:54 - 	at TAB.v3.2.4.jar//me.neznamy.tab.shared.CpuManager.lambda$runMeasuredTask$8(CpuManager.java:354)
11.03.2023 - 19:03:54 - 	at TAB.v3.2.4.jar//me.neznamy.tab.shared.CpuManager.lambda$submit$1(CpuManager.java:111)
11.03.2023 - 19:03:54 - 	at java.base/java.util.concurrent.Executors$RunnableAdapter.call(Executors.java:539)
11.03.2023 - 19:03:54 - 	at java.base/java.util.concurrent.FutureTask.run(FutureTask.java:264)
11.03.2023 - 19:03:54 - 	at java.base/java.util.concurrent.ThreadPoolExecutor.runWorker(ThreadPoolExecutor.java:1136)
11.03.2023 - 19:03:54 - 	at java.base/java.util.concurrent.ThreadPoolExecutor$Worker.run(ThreadPoolExecutor.java:635)
11.03.2023 - 19:03:54 - 	at java.base/java.lang.Thread.run(Thread.java:833)
11.03.2023 - 19:03:55 - [TAB v3.2.4] Player placeholder %spbuild_getstagestring% generated an error when setting for player Dalynkaa
11.03.2023 - 19:03:55 - java.lang.IllegalStateException: zip file closed
11.03.2023 - 19:03:55 - 	at java.base/java.util.zip.ZipFile.ensureOpen(ZipFile.java:831)
11.03.2023 - 19:03:55 - 	at java.base/java.util.zip.ZipFile.getEntry(ZipFile.java:330)
11.03.2023 - 19:03:55 - 	at java.base/java.util.jar.JarFile.getEntry(JarFile.java:518)
11.03.2023 - 19:03:55 - 	at java.base/java.util.jar.JarFile.getJarEntry(JarFile.java:473)
11.03.2023 - 19:03:55 - 	at org.bukkit.plugin.java.PluginClassLoader.findClass(PluginClassLoader.java:189)
11.03.2023 - 19:03:55 - 	at java.base/java.lang.ClassLoader.loadClass(ClassLoader.java:587)
11.03.2023 - 19:03:55 - 	at org.bukkit.plugin.java.PluginClassLoader.loadClass0(PluginClassLoader.java:129)
11.03.2023 - 19:03:55 - 	at org.bukkit.plugin.java.PluginClassLoader.loadClass(PluginClassLoader.java:124)
11.03.2023 - 19:03:55 - 	at java.base/java.lang.ClassLoader.loadClass(ClassLoader.java:520)
11.03.2023 - 19:03:55 - 	at spworlds-1.0-SNAPSHOT.jar//com.spworlds.utils.PlaceholderApis.onRequest(PlaceholderApis.java:33)
11.03.2023 - 19:03:55 - 	at PlaceholderAPI-2.11.2.jar//me.clip.placeholderapi.replacer.CharsReplacer.apply(CharsReplacer.java:119)
11.03.2023 - 19:03:55 - 	at PlaceholderAPI-2.11.2.jar//me.clip.placeholderapi.PlaceholderAPI.setPlaceholders(PlaceholderAPI.java:71)
11.03.2023 - 19:03:55 - 	at PlaceholderAPI-2.11.2.jar//me.clip.placeholderapi.PlaceholderAPI.setPlaceholders(PlaceholderAPI.java:99)
11.03.2023 - 19:03:55 - 	at TAB.v3.2.4.jar//me.neznamy.tab.platforms.bukkit.BukkitPlatform.lambda$registerUnknownPlaceholder$2(BukkitPlatform.java:179)
11.03.2023 - 19:03:55 - 	at TAB.v3.2.4.jar//me.neznamy.tab.shared.placeholders.PlayerPlaceholderImpl.request(PlayerPlaceholderImpl.java:130)
11.03.2023 - 19:03:55 - 	at TAB.v3.2.4.jar//me.neznamy.tab.shared.placeholders.PlayerPlaceholderImpl.update(PlayerPlaceholderImpl.java:53)
11.03.2023 - 19:03:55 - 	at TAB.v3.2.4.jar//me.neznamy.tab.shared.features.PlaceholderManagerImpl.updatePlayerPlaceholder(PlaceholderManagerImpl.java:117)
11.03.2023 - 19:03:55 - 	at TAB.v3.2.4.jar//me.neznamy.tab.shared.features.PlaceholderManagerImpl.refresh(PlaceholderManagerImpl.java:68)
11.03.2023 - 19:03:55 - 	at TAB.v3.2.4.jar//me.neznamy.tab.shared.CpuManager.lambda$runMeasuredTask$8(CpuManager.java:354)
11.03.2023 - 19:03:55 - 	at TAB.v3.2.4.jar//me.neznamy.tab.shared.CpuManager.lambda$submit$1(CpuManager.java:111)
11.03.2023 - 19:03:55 - 	at java.base/java.util.concurrent.Executors$RunnableAdapter.call(Executors.java:539)
11.03.2023 - 19:03:55 - 	at java.base/java.util.concurrent.FutureTask.run(FutureTask.java:264)
11.03.2023 - 19:03:55 - 	at java.base/java.util.concurrent.ThreadPoolExecutor.runWorker(ThreadPoolExecutor.java:1136)
11.03.2023 - 19:03:55 - 	at java.base/java.util.concurrent.ThreadPoolExecutor$Worker.run(ThreadPoolExecutor.java:635)
11.03.2023 - 19:03:55 - 	at java.base/java.lang.Thread.run(Thread.java:833)
11.03.2023 - 19:03:55 - [TAB v3.2.4] Player placeholder %spbuild_getstagestring% generated an error when setting for player Dalynkaa
11.03.2023 - 19:03:55 - java.lang.IllegalStateException: zip file closed
11.03.2023 - 19:03:55 - 	at java.base/java.util.zip.ZipFile.ensureOpen(ZipFile.java:831)
11.03.2023 - 19:03:55 - 	at java.base/java.util.zip.ZipFile.getEntry(ZipFile.java:330)
11.03.2023 - 19:03:55 - 	at java.base/java.util.jar.JarFile.getEntry(JarFile.java:518)
11.03.2023 - 19:03:55 - 	at java.base/java.util.jar.JarFile.getJarEntry(JarFile.java:473)
11.03.2023 - 19:03:55 - 	at org.bukkit.plugin.java.PluginClassLoader.findClass(PluginClassLoader.java:189)
11.03.2023 - 19:03:55 - 	at java.base/java.lang.ClassLoader.loadClass(ClassLoader.java:587)
11.03.2023 - 19:03:55 - 	at org.bukkit.plugin.java.PluginClassLoader.loadClass0(PluginClassLoader.java:129)
11.03.2023 - 19:03:55 - 	at org.bukkit.plugin.java.PluginClassLoader.loadClass(PluginClassLoader.java:124)
11.03.2023 - 19:03:55 - 	at java.base/java.lang.ClassLoader.loadClass(ClassLoader.java:520)
11.03.2023 - 19:03:55 - 	at spworlds-1.0-SNAPSHOT.jar//com.spworlds.utils.PlaceholderApis.onRequest(PlaceholderApis.java:33)
11.03.2023 - 19:03:55 - 	at PlaceholderAPI-2.11.2.jar//me.clip.placeholderapi.replacer.CharsReplacer.apply(CharsReplacer.java:119)
11.03.2023 - 19:03:55 - 	at PlaceholderAPI-2.11.2.jar//me.clip.placeholderapi.PlaceholderAPI.setPlaceholders(PlaceholderAPI.java:71)
11.03.2023 - 19:03:55 - 	at PlaceholderAPI-2.11.2.jar//me.clip.placeholderapi.PlaceholderAPI.setPlaceholders(PlaceholderAPI.java:99)
11.03.2023 - 19:03:55 - 	at TAB.v3.2.4.jar//me.neznamy.tab.platforms.bukkit.BukkitPlatform.lambda$registerUnknownPlaceholder$2(BukkitPlatform.java:179)
11.03.2023 - 19:03:55 - 	at TAB.v3.2.4.jar//me.neznamy.tab.shared.placeholders.PlayerPlaceholderImpl.request(PlayerPlaceholderImpl.java:130)
11.03.2023 - 19:03:55 - 	at TAB.v3.2.4.jar//me.neznamy.tab.shared.placeholders.PlayerPlaceholderImpl.update(PlayerPlaceholderImpl.java:53)
11.03.2023 - 19:03:55 - 	at TAB.v3.2.4.jar//me.neznamy.tab.shared.features.PlaceholderManagerImpl.updatePlayerPlaceholder(PlaceholderManagerImpl.java:117)
11.03.2023 - 19:03:55 - 	at TAB.v3.2.4.jar//me.neznamy.tab.shared.features.PlaceholderManagerImpl.refresh(PlaceholderManagerImpl.java:68)
11.03.2023 - 19:03:55 - 	at TAB.v3.2.4.jar//me.neznamy.tab.shared.CpuManager.lambda$runMeasuredTask$8(CpuManager.java:354)
11.03.2023 - 19:03:55 - 	at TAB.v3.2.4.jar//me.neznamy.tab.shared.CpuManager.lambda$submit$1(CpuManager.java:111)
11.03.2023 - 19:03:55 - 	at java.base/java.util.concurrent.Executors$RunnableAdapter.call(Executors.java:539)
11.03.2023 - 19:03:55 - 	at java.base/java.util.concurrent.FutureTask.run(FutureTask.java:264)
11.03.2023 - 19:03:55 - 	at java.base/java.util.concurrent.ThreadPoolExecutor.runWorker(ThreadPoolExecutor.java:1136)
11.03.2023 - 19:03:55 - 	at java.base/java.util.concurrent.ThreadPoolExecutor$Worker.run(ThreadPoolExecutor.java:635)
11.03.2023 - 19:03:55 - 	at java.base/java.lang.Thread.run(Thread.java:833)
11.03.2023 - 19:03:56 - [TAB v3.2.4] Player placeholder %spbuild_getstagestring% generated an error when setting for player Dalynkaa
11.03.2023 - 19:03:56 - java.lang.IllegalStateException: zip file closed
11.03.2023 - 19:03:56 - 	at java.base/java.util.zip.ZipFile.ensureOpen(ZipFile.java:831)
11.03.2023 - 19:03:56 - 	at java.base/java.util.zip.ZipFile.getEntry(ZipFile.java:330)
11.03.2023 - 19:03:56 - 	at java.base/java.util.jar.JarFile.getEntry(JarFile.java:518)
11.03.2023 - 19:03:56 - 	at java.base/java.util.jar.JarFile.getJarEntry(JarFile.java:473)
11.03.2023 - 19:03:56 - 	at org.bukkit.plugin.java.PluginClassLoader.findClass(PluginClassLoader.java:189)
11.03.2023 - 19:03:56 - 	at java.base/java.lang.ClassLoader.loadClass(ClassLoader.java:587)
11.03.2023 - 19:03:56 - 	at org.bukkit.plugin.java.PluginClassLoader.loadClass0(PluginClassLoader.java:129)
11.03.2023 - 19:03:56 - 	at org.bukkit.plugin.java.PluginClassLoader.loadClass(PluginClassLoader.java:124)
11.03.2023 - 19:03:56 - 	at java.base/java.lang.ClassLoader.loadClass(ClassLoader.java:520)
11.03.2023 - 19:03:56 - 	at spworlds-1.0-SNAPSHOT.jar//com.spworlds.utils.PlaceholderApis.onRequest(PlaceholderApis.java:33)
11.03.2023 - 19:03:56 - 	at PlaceholderAPI-2.11.2.jar//me.clip.placeholderapi.replacer.CharsReplacer.apply(CharsReplacer.java:119)
11.03.2023 - 19:03:56 - 	at PlaceholderAPI-2.11.2.jar//me.clip.placeholderapi.PlaceholderAPI.setPlaceholders(PlaceholderAPI.java:71)
11.03.2023 - 19:03:56 - 	at PlaceholderAPI-2.11.2.jar//me.clip.placeholderapi.PlaceholderAPI.setPlaceholders(PlaceholderAPI.java:99)
11.03.2023 - 19:03:56 - 	at TAB.v3.2.4.jar//me.neznamy.tab.platforms.bukkit.BukkitPlatform.lambda$registerUnknownPlaceholder$2(BukkitPlatform.java:179)
11.03.2023 - 19:03:56 - 	at TAB.v3.2.4.jar//me.neznamy.tab.shared.placeholders.PlayerPlaceholderImpl.request(PlayerPlaceholderImpl.java:130)
11.03.2023 - 19:03:56 - 	at TAB.v3.2.4.jar//me.neznamy.tab.shared.placeholders.PlayerPlaceholderImpl.update(PlayerPlaceholderImpl.java:53)
11.03.2023 - 19:03:56 - 	at TAB.v3.2.4.jar//me.neznamy.tab.shared.features.PlaceholderManagerImpl.updatePlayerPlaceholder(PlaceholderManagerImpl.java:117)
11.03.2023 - 19:03:56 - 	at TAB.v3.2.4.jar//me.neznamy.tab.shared.features.PlaceholderManagerImpl.refresh(PlaceholderManagerImpl.java:68)
11.03.2023 - 19:03:56 - 	at TAB.v3.2.4.jar//me.neznamy.tab.shared.CpuManager.lambda$runMeasuredTask$8(CpuManager.java:354)
11.03.2023 - 19:03:56 - 	at TAB.v3.2.4.jar//me.neznamy.tab.shared.CpuManager.lambda$submit$1(CpuManager.java:111)
11.03.2023 - 19:03:56 - 	at java.base/java.util.concurrent.Executors$RunnableAdapter.call(Executors.java:539)
11.03.2023 - 19:03:56 - 	at java.base/java.util.concurrent.FutureTask.run(FutureTask.java:264)
11.03.2023 - 19:03:56 - 	at java.base/java.util.concurrent.ThreadPoolExecutor.runWorker(ThreadPoolExecutor.java:1136)
11.03.2023 - 19:03:56 - 	at java.base/java.util.concurrent.ThreadPoolExecutor$Worker.run(ThreadPoolExecutor.java:635)
11.03.2023 - 19:03:56 - 	at java.base/java.lang.Thread.run(Thread.java:833)
11.03.2023 - 19:03:56 - [TAB v3.2.4] Player placeholder %spbuild_getstagestring% generated an error when setting for player Dalynkaa
11.03.2023 - 19:03:56 - java.lang.IllegalStateException: zip file closed
11.03.2023 - 19:03:56 - 	at java.base/java.util.zip.ZipFile.ensureOpen(ZipFile.java:831)
11.03.2023 - 19:03:56 - 	at java.base/java.util.zip.ZipFile.getEntry(ZipFile.java:330)
11.03.2023 - 19:03:56 - 	at java.base/java.util.jar.JarFile.getEntry(JarFile.java:518)
11.03.2023 - 19:03:56 - 	at java.base/java.util.jar.JarFile.getJarEntry(JarFile.java:473)
11.03.2023 - 19:03:56 - 	at org.bukkit.plugin.java.PluginClassLoader.findClass(PluginClassLoader.java:189)
11.03.2023 - 19:03:56 - 	at java.base/java.lang.ClassLoader.loadClass(ClassLoader.java:587)
11.03.2023 - 19:03:56 - 	at org.bukkit.plugin.java.PluginClassLoader.loadClass0(PluginClassLoader.java:129)
11.03.2023 - 19:03:56 - 	at org.bukkit.plugin.java.PluginClassLoader.loadClass(PluginClassLoader.java:124)
11.03.2023 - 19:03:56 - 	at java.base/java.lang.ClassLoader.loadClass(ClassLoader.java:520)
11.03.2023 - 19:03:56 - 	at spworlds-1.0-SNAPSHOT.jar//com.spworlds.utils.PlaceholderApis.onRequest(PlaceholderApis.java:33)
11.03.2023 - 19:03:56 - 	at PlaceholderAPI-2.11.2.jar//me.clip.placeholderapi.replacer.CharsReplacer.apply(CharsReplacer.java:119)
11.03.2023 - 19:03:56 - 	at PlaceholderAPI-2.11.2.jar//me.clip.placeholderapi.PlaceholderAPI.setPlaceholders(PlaceholderAPI.java:71)
11.03.2023 - 19:03:56 - 	at PlaceholderAPI-2.11.2.jar//me.clip.placeholderapi.PlaceholderAPI.setPlaceholders(PlaceholderAPI.java:99)
11.03.2023 - 19:03:56 - 	at TAB.v3.2.4.jar//me.neznamy.tab.platforms.bukkit.BukkitPlatform.lambda$registerUnknownPlaceholder$2(BukkitPlatform.java:179)
11.03.2023 - 19:03:56 - 	at TAB.v3.2.4.jar//me.neznamy.tab.shared.placeholders.PlayerPlaceholderImpl.request(PlayerPlaceholderImpl.java:130)
11.03.2023 - 19:03:56 - 	at TAB.v3.2.4.jar//me.neznamy.tab.shared.placeholders.PlayerPlaceholderImpl.update(PlayerPlaceholderImpl.java:53)
11.03.2023 - 19:03:56 - 	at TAB.v3.2.4.jar//me.neznamy.tab.shared.features.PlaceholderManagerImpl.updatePlayerPlaceholder(PlaceholderManagerImpl.java:117)
11.03.2023 - 19:03:56 - 	at TAB.v3.2.4.jar//me.neznamy.tab.shared.features.PlaceholderManagerImpl.refresh(PlaceholderManagerImpl.java:68)
11.03.2023 - 19:03:56 - 	at TAB.v3.2.4.jar//me.neznamy.tab.shared.CpuManager.lambda$runMeasuredTask$8(CpuManager.java:354)
11.03.2023 - 19:03:56 - 	at TAB.v3.2.4.jar//me.neznamy.tab.shared.CpuManager.lambda$submit$1(CpuManager.java:111)
11.03.2023 - 19:03:56 - 	at java.base/java.util.concurrent.Executors$RunnableAdapter.call(Executors.java:539)
11.03.2023 - 19:03:56 - 	at java.base/java.util.concurrent.FutureTask.run(FutureTask.java:264)
11.03.2023 - 19:03:56 - 	at java.base/java.util.concurrent.ThreadPoolExecutor.runWorker(ThreadPoolExecutor.java:1136)
11.03.2023 - 19:03:56 - 	at java.base/java.util.concurrent.ThreadPoolExecutor$Worker.run(ThreadPoolExecutor.java:635)
11.03.2023 - 19:03:56 - 	at java.base/java.lang.Thread.run(Thread.java:833)
11.03.2023 - 19:03:57 - [TAB v3.2.4] Player placeholder %spbuild_getstagestring% generated an error when setting for player Dalynkaa
11.03.2023 - 19:03:57 - java.lang.IllegalStateException: zip file closed
11.03.2023 - 19:03:57 - 	at java.base/java.util.zip.ZipFile.ensureOpen(ZipFile.java:831)
11.03.2023 - 19:03:57 - 	at java.base/java.util.zip.ZipFile.getEntry(ZipFile.java:330)
11.03.2023 - 19:03:57 - 	at java.base/java.util.jar.JarFile.getEntry(JarFile.java:518)
11.03.2023 - 19:03:57 - 	at java.base/java.util.jar.JarFile.getJarEntry(JarFile.java:473)
11.03.2023 - 19:03:57 - 	at org.bukkit.plugin.java.PluginClassLoader.findClass(PluginClassLoader.java:189)
11.03.2023 - 19:03:57 - 	at java.base/java.lang.ClassLoader.loadClass(ClassLoader.java:587)
11.03.2023 - 19:03:57 - 	at org.bukkit.plugin.java.PluginClassLoader.loadClass0(PluginClassLoader.java:129)
11.03.2023 - 19:03:57 - 	at org.bukkit.plugin.java.PluginClassLoader.loadClass(PluginClassLoader.java:124)
11.03.2023 - 19:03:57 - 	at java.base/java.lang.ClassLoader.loadClass(ClassLoader.java:520)
11.03.2023 - 19:03:57 - 	at spworlds-1.0-SNAPSHOT.jar//com.spworlds.utils.PlaceholderApis.onRequest(PlaceholderApis.java:33)
11.03.2023 - 19:03:57 - 	at PlaceholderAPI-2.11.2.jar//me.clip.placeholderapi.replacer.CharsReplacer.apply(CharsReplacer.java:119)
11.03.2023 - 19:03:57 - 	at PlaceholderAPI-2.11.2.jar//me.clip.placeholderapi.PlaceholderAPI.setPlaceholders(PlaceholderAPI.java:71)
11.03.2023 - 19:03:57 - 	at PlaceholderAPI-2.11.2.jar//me.clip.placeholderapi.PlaceholderAPI.setPlaceholders(PlaceholderAPI.java:99)
11.03.2023 - 19:03:57 - 	at TAB.v3.2.4.jar//me.neznamy.tab.platforms.bukkit.BukkitPlatform.lambda$registerUnknownPlaceholder$2(BukkitPlatform.java:179)
11.03.2023 - 19:03:57 - 	at TAB.v3.2.4.jar//me.neznamy.tab.shared.placeholders.PlayerPlaceholderImpl.request(PlayerPlaceholderImpl.java:130)
11.03.2023 - 19:03:57 - 	at TAB.v3.2.4.jar//me.neznamy.tab.shared.placeholders.PlayerPlaceholderImpl.update(PlayerPlaceholderImpl.java:53)
11.03.2023 - 19:03:57 - 	at TAB.v3.2.4.jar//me.neznamy.tab.shared.features.PlaceholderManagerImpl.updatePlayerPlaceholder(PlaceholderManagerImpl.java:117)
11.03.2023 - 19:03:57 - 	at TAB.v3.2.4.jar//me.neznamy.tab.shared.features.PlaceholderManagerImpl.refresh(PlaceholderManagerImpl.java:68)
11.03.2023 - 19:03:57 - 	at TAB.v3.2.4.jar//me.neznamy.tab.shared.CpuManager.lambda$runMeasuredTask$8(CpuManager.java:354)
11.03.2023 - 19:03:57 - 	at TAB.v3.2.4.jar//me.neznamy.tab.shared.CpuManager.lambda$submit$1(CpuManager.java:111)
11.03.2023 - 19:03:57 - 	at java.base/java.util.concurrent.Executors$RunnableAdapter.call(Executors.java:539)
11.03.2023 - 19:03:57 - 	at java.base/java.util.concurrent.FutureTask.run(FutureTask.java:264)
11.03.2023 - 19:03:57 - 	at java.base/java.util.concurrent.ThreadPoolExecutor.runWorker(ThreadPoolExecutor.java:1136)
11.03.2023 - 19:03:57 - 	at java.base/java.util.concurrent.ThreadPoolExecutor$Worker.run(ThreadPoolExecutor.java:635)
11.03.2023 - 19:03:57 - 	at java.base/java.lang.Thread.run(Thread.java:833)
11.03.2023 - 19:03:57 - [TAB v3.2.4] Player placeholder %spbuild_getstagestring% generated an error when setting for player Dalynkaa
11.03.2023 - 19:03:57 - java.lang.IllegalStateException: zip file closed
11.03.2023 - 19:03:57 - 	at java.base/java.util.zip.ZipFile.ensureOpen(ZipFile.java:831)
11.03.2023 - 19:03:57 - 	at java.base/java.util.zip.ZipFile.getEntry(ZipFile.java:330)
11.03.2023 - 19:03:57 - 	at java.base/java.util.jar.JarFile.getEntry(JarFile.java:518)
11.03.2023 - 19:03:57 - 	at java.base/java.util.jar.JarFile.getJarEntry(JarFile.java:473)
11.03.2023 - 19:03:57 - 	at org.bukkit.plugin.java.PluginClassLoader.findClass(PluginClassLoader.java:189)
11.03.2023 - 19:03:57 - 	at java.base/java.lang.ClassLoader.loadClass(ClassLoader.java:587)
11.03.2023 - 19:03:57 - 	at org.bukkit.plugin.java.PluginClassLoader.loadClass0(PluginClassLoader.java:129)
11.03.2023 - 19:03:57 - 	at org.bukkit.plugin.java.PluginClassLoader.loadClass(PluginClassLoader.java:124)
11.03.2023 - 19:03:57 - 	at java.base/java.lang.ClassLoader.loadClass(ClassLoader.java:520)
11.03.2023 - 19:03:57 - 	at spworlds-1.0-SNAPSHOT.jar//com.spworlds.utils.PlaceholderApis.onRequest(PlaceholderApis.java:33)
11.03.2023 - 19:03:57 - 	at PlaceholderAPI-2.11.2.jar//me.clip.placeholderapi.replacer.CharsReplacer.apply(CharsReplacer.java:119)
11.03.2023 - 19:03:57 - 	at PlaceholderAPI-2.11.2.jar//me.clip.placeholderapi.PlaceholderAPI.setPlaceholders(PlaceholderAPI.java:71)
11.03.2023 - 19:03:57 - 	at PlaceholderAPI-2.11.2.jar//me.clip.placeholderapi.PlaceholderAPI.setPlaceholders(PlaceholderAPI.java:99)
11.03.2023 - 19:03:57 - 	at TAB.v3.2.4.jar//me.neznamy.tab.platforms.bukkit.BukkitPlatform.lambda$registerUnknownPlaceholder$2(BukkitPlatform.java:179)
11.03.2023 - 19:03:57 - 	at TAB.v3.2.4.jar//me.neznamy.tab.shared.placeholders.PlayerPlaceholderImpl.request(PlayerPlaceholderImpl.java:130)
11.03.2023 - 19:03:57 - 	at TAB.v3.2.4.jar//me.neznamy.tab.shared.placeholders.PlayerPlaceholderImpl.update(PlayerPlaceholderImpl.java:53)
11.03.2023 - 19:03:57 - 	at TAB.v3.2.4.jar//me.neznamy.tab.shared.features.PlaceholderManagerImpl.updatePlayerPlaceholder(PlaceholderManagerImpl.java:117)
11.03.2023 - 19:03:57 - 	at TAB.v3.2.4.jar//me.neznamy.tab.shared.features.PlaceholderManagerImpl.refresh(PlaceholderManagerImpl.java:68)
11.03.2023 - 19:03:57 - 	at TAB.v3.2.4.jar//me.neznamy.tab.shared.CpuManager.lambda$runMeasuredTask$8(CpuManager.java:354)
11.03.2023 - 19:03:57 - 	at TAB.v3.2.4.jar//me.neznamy.tab.shared.CpuManager.lambda$submit$1(CpuManager.java:111)
11.03.2023 - 19:03:57 - 	at java.base/java.util.concurrent.Executors$RunnableAdapter.call(Executors.java:539)
11.03.2023 - 19:03:57 - 	at java.base/java.util.concurrent.FutureTask.run(FutureTask.java:264)
11.03.2023 - 19:03:57 - 	at java.base/java.util.concurrent.ThreadPoolExecutor.runWorker(ThreadPoolExecutor.java:1136)
11.03.2023 - 19:03:57 - 	at java.base/java.util.concurrent.ThreadPoolExecutor$Worker.run(ThreadPoolExecutor.java:635)
11.03.2023 - 19:03:57 - 	at java.base/java.lang.Thread.run(Thread.java:833)
11.03.2023 - 19:03:58 - [TAB v3.2.4] Player placeholder %spbuild_getstagestring% generated an error when setting for player Dalynkaa
11.03.2023 - 19:03:58 - java.lang.IllegalStateException: zip file closed
11.03.2023 - 19:03:58 - 	at java.base/java.util.zip.ZipFile.ensureOpen(ZipFile.java:831)
11.03.2023 - 19:03:58 - 	at java.base/java.util.zip.ZipFile.getEntry(ZipFile.java:330)
11.03.2023 - 19:03:58 - 	at java.base/java.util.jar.JarFile.getEntry(JarFile.java:518)
11.03.2023 - 19:03:58 - 	at java.base/java.util.jar.JarFile.getJarEntry(JarFile.java:473)
11.03.2023 - 19:03:58 - 	at org.bukkit.plugin.java.PluginClassLoader.findClass(PluginClassLoader.java:189)
11.03.2023 - 19:03:58 - 	at java.base/java.lang.ClassLoader.loadClass(ClassLoader.java:587)
11.03.2023 - 19:03:58 - 	at org.bukkit.plugin.java.PluginClassLoader.loadClass0(PluginClassLoader.java:129)
11.03.2023 - 19:03:58 - 	at org.bukkit.plugin.java.PluginClassLoader.loadClass(PluginClassLoader.java:124)
11.03.2023 - 19:03:58 - 	at java.base/java.lang.ClassLoader.loadClass(ClassLoader.java:520)
11.03.2023 - 19:03:58 - 	at spworlds-1.0-SNAPSHOT.jar//com.spworlds.utils.PlaceholderApis.onRequest(PlaceholderApis.java:33)
11.03.2023 - 19:03:58 - 	at PlaceholderAPI-2.11.2.jar//me.clip.placeholderapi.replacer.CharsReplacer.apply(CharsReplacer.java:119)
11.03.2023 - 19:03:58 - 	at PlaceholderAPI-2.11.2.jar//me.clip.placeholderapi.PlaceholderAPI.setPlaceholders(PlaceholderAPI.java:71)
11.03.2023 - 19:03:58 - 	at PlaceholderAPI-2.11.2.jar//me.clip.placeholderapi.PlaceholderAPI.setPlaceholders(PlaceholderAPI.java:99)
11.03.2023 - 19:03:58 - 	at TAB.v3.2.4.jar//me.neznamy.tab.platforms.bukkit.BukkitPlatform.lambda$registerUnknownPlaceholder$2(BukkitPlatform.java:179)
11.03.2023 - 19:03:58 - 	at TAB.v3.2.4.jar//me.neznamy.tab.shared.placeholders.PlayerPlaceholderImpl.request(PlayerPlaceholderImpl.java:130)
11.03.2023 - 19:03:58 - 	at TAB.v3.2.4.jar//me.neznamy.tab.shared.placeholders.PlayerPlaceholderImpl.update(PlayerPlaceholderImpl.java:53)
11.03.2023 - 19:03:58 - 	at TAB.v3.2.4.jar//me.neznamy.tab.shared.features.PlaceholderManagerImpl.updatePlayerPlaceholder(PlaceholderManagerImpl.java:117)
11.03.2023 - 19:03:58 - 	at TAB.v3.2.4.jar//me.neznamy.tab.shared.features.PlaceholderManagerImpl.refresh(PlaceholderManagerImpl.java:68)
11.03.2023 - 19:03:58 - 	at TAB.v3.2.4.jar//me.neznamy.tab.shared.CpuManager.lambda$runMeasuredTask$8(CpuManager.java:354)
11.03.2023 - 19:03:58 - 	at TAB.v3.2.4.jar//me.neznamy.tab.shared.CpuManager.lambda$submit$1(CpuManager.java:111)
11.03.2023 - 19:03:58 - 	at java.base/java.util.concurrent.Executors$RunnableAdapter.call(Executors.java:539)
11.03.2023 - 19:03:58 - 	at java.base/java.util.concurrent.FutureTask.run(FutureTask.java:264)
11.03.2023 - 19:03:58 - 	at java.base/java.util.concurrent.ThreadPoolExecutor.runWorker(ThreadPoolExecutor.java:1136)
11.03.2023 - 19:03:58 - 	at java.base/java.util.concurrent.ThreadPoolExecutor$Worker.run(ThreadPoolExecutor.java:635)
11.03.2023 - 19:03:58 - 	at java.base/java.lang.Thread.run(Thread.java:833)
11.03.2023 - 19:03:58 - [TAB v3.2.4] Player placeholder %spbuild_getstagestring% generated an error when setting for player Dalynkaa
11.03.2023 - 19:03:58 - java.lang.IllegalStateException: zip file closed
11.03.2023 - 19:03:58 - 	at java.base/java.util.zip.ZipFile.ensureOpen(ZipFile.java:831)
11.03.2023 - 19:03:58 - 	at java.base/java.util.zip.ZipFile.getEntry(ZipFile.java:330)
11.03.2023 - 19:03:58 - 	at java.base/java.util.jar.JarFile.getEntry(JarFile.java:518)
11.03.2023 - 19:03:58 - 	at java.base/java.util.jar.JarFile.getJarEntry(JarFile.java:473)
11.03.2023 - 19:03:58 - 	at org.bukkit.plugin.java.PluginClassLoader.findClass(PluginClassLoader.java:189)
11.03.2023 - 19:03:58 - 	at java.base/java.lang.ClassLoader.loadClass(ClassLoader.java:587)
11.03.2023 - 19:03:58 - 	at org.bukkit.plugin.java.PluginClassLoader.loadClass0(PluginClassLoader.java:129)
11.03.2023 - 19:03:58 - 	at org.bukkit.plugin.java.PluginClassLoader.loadClass(PluginClassLoader.java:124)
11.03.2023 - 19:03:58 - 	at java.base/java.lang.ClassLoader.loadClass(ClassLoader.java:520)
11.03.2023 - 19:03:58 - 	at spworlds-1.0-SNAPSHOT.jar//com.spworlds.utils.PlaceholderApis.onRequest(PlaceholderApis.java:33)
11.03.2023 - 19:03:58 - 	at PlaceholderAPI-2.11.2.jar//me.clip.placeholderapi.replacer.CharsReplacer.apply(CharsReplacer.java:119)
11.03.2023 - 19:03:58 - 	at PlaceholderAPI-2.11.2.jar//me.clip.placeholderapi.PlaceholderAPI.setPlaceholders(PlaceholderAPI.java:71)
11.03.2023 - 19:03:58 - 	at PlaceholderAPI-2.11.2.jar//me.clip.placeholderapi.PlaceholderAPI.setPlaceholders(PlaceholderAPI.java:99)
11.03.2023 - 19:03:58 - 	at TAB.v3.2.4.jar//me.neznamy.tab.platforms.bukkit.BukkitPlatform.lambda$registerUnknownPlaceholder$2(BukkitPlatform.java:179)
11.03.2023 - 19:03:58 - 	at TAB.v3.2.4.jar//me.neznamy.tab.shared.placeholders.PlayerPlaceholderImpl.request(PlayerPlaceholderImpl.java:130)
11.03.2023 - 19:03:58 - 	at TAB.v3.2.4.jar//me.neznamy.tab.shared.placeholders.PlayerPlaceholderImpl.update(PlayerPlaceholderImpl.java:53)
11.03.2023 - 19:03:58 - 	at TAB.v3.2.4.jar//me.neznamy.tab.shared.features.PlaceholderManagerImpl.updatePlayerPlaceholder(PlaceholderManagerImpl.java:117)
11.03.2023 - 19:03:58 - 	at TAB.v3.2.4.jar//me.neznamy.tab.shared.features.PlaceholderManagerImpl.refresh(PlaceholderManagerImpl.java:68)
11.03.2023 - 19:03:58 - 	at TAB.v3.2.4.jar//me.neznamy.tab.shared.CpuManager.lambda$runMeasuredTask$8(CpuManager.java:354)
11.03.2023 - 19:03:58 - 	at TAB.v3.2.4.jar//me.neznamy.tab.shared.CpuManager.lambda$submit$1(CpuManager.java:111)
11.03.2023 - 19:03:58 - 	at java.base/java.util.concurrent.Executors$RunnableAdapter.call(Executors.java:539)
11.03.2023 - 19:03:58 - 	at java.base/java.util.concurrent.FutureTask.run(FutureTask.java:264)
11.03.2023 - 19:03:58 - 	at java.base/java.util.concurrent.ThreadPoolExecutor.runWorker(ThreadPoolExecutor.java:1136)
11.03.2023 - 19:03:58 - 	at java.base/java.util.concurrent.ThreadPoolExecutor$Worker.run(ThreadPoolExecutor.java:635)
11.03.2023 - 19:03:58 - 	at java.base/java.lang.Thread.run(Thread.java:833)
11.03.2023 - 19:03:59 - [TAB v3.2.4] Player placeholder %spbuild_getstagestring% generated an error when setting for player Dalynkaa
11.03.2023 - 19:03:59 - java.lang.IllegalStateException: zip file closed
11.03.2023 - 19:03:59 - 	at java.base/java.util.zip.ZipFile.ensureOpen(ZipFile.java:831)
11.03.2023 - 19:03:59 - 	at java.base/java.util.zip.ZipFile.getEntry(ZipFile.java:330)
11.03.2023 - 19:03:59 - 	at java.base/java.util.jar.JarFile.getEntry(JarFile.java:518)
11.03.2023 - 19:03:59 - 	at java.base/java.util.jar.JarFile.getJarEntry(JarFile.java:473)
11.03.2023 - 19:03:59 - 	at org.bukkit.plugin.java.PluginClassLoader.findClass(PluginClassLoader.java:189)
11.03.2023 - 19:03:59 - 	at java.base/java.lang.ClassLoader.loadClass(ClassLoader.java:587)
11.03.2023 - 19:03:59 - 	at org.bukkit.plugin.java.PluginClassLoader.loadClass0(PluginClassLoader.java:129)
11.03.2023 - 19:03:59 - 	at org.bukkit.plugin.java.PluginClassLoader.loadClass(PluginClassLoader.java:124)
11.03.2023 - 19:03:59 - 	at java.base/java.lang.ClassLoader.loadClass(ClassLoader.java:520)
11.03.2023 - 19:03:59 - 	at spworlds-1.0-SNAPSHOT.jar//com.spworlds.utils.PlaceholderApis.onRequest(PlaceholderApis.java:33)
11.03.2023 - 19:03:59 - 	at PlaceholderAPI-2.11.2.jar//me.clip.placeholderapi.replacer.CharsReplacer.apply(CharsReplacer.java:119)
11.03.2023 - 19:03:59 - 	at PlaceholderAPI-2.11.2.jar//me.clip.placeholderapi.PlaceholderAPI.setPlaceholders(PlaceholderAPI.java:71)
11.03.2023 - 19:03:59 - 	at PlaceholderAPI-2.11.2.jar//me.clip.placeholderapi.PlaceholderAPI.setPlaceholders(PlaceholderAPI.java:99)
11.03.2023 - 19:03:59 - 	at TAB.v3.2.4.jar//me.neznamy.tab.platforms.bukkit.BukkitPlatform.lambda$registerUnknownPlaceholder$2(BukkitPlatform.java:179)
11.03.2023 - 19:03:59 - 	at TAB.v3.2.4.jar//me.neznamy.tab.shared.placeholders.PlayerPlaceholderImpl.request(PlayerPlaceholderImpl.java:130)
11.03.2023 - 19:03:59 - 	at TAB.v3.2.4.jar//me.neznamy.tab.shared.placeholders.PlayerPlaceholderImpl.update(PlayerPlaceholderImpl.java:53)
11.03.2023 - 19:03:59 - 	at TAB.v3.2.4.jar//me.neznamy.tab.shared.features.PlaceholderManagerImpl.updatePlayerPlaceholder(PlaceholderManagerImpl.java:117)
11.03.2023 - 19:03:59 - 	at TAB.v3.2.4.jar//me.neznamy.tab.shared.features.PlaceholderManagerImpl.refresh(PlaceholderManagerImpl.java:68)
11.03.2023 - 19:03:59 - 	at TAB.v3.2.4.jar//me.neznamy.tab.shared.CpuManager.lambda$runMeasuredTask$8(CpuManager.java:354)
11.03.2023 - 19:03:59 - 	at TAB.v3.2.4.jar//me.neznamy.tab.shared.CpuManager.lambda$submit$1(CpuManager.java:111)
11.03.2023 - 19:03:59 - 	at java.base/java.util.concurrent.Executors$RunnableAdapter.call(Executors.java:539)
11.03.2023 - 19:03:59 - 	at java.base/java.util.concurrent.FutureTask.run(FutureTask.java:264)
11.03.2023 - 19:03:59 - 	at java.base/java.util.concurrent.ThreadPoolExecutor.runWorker(ThreadPoolExecutor.java:1136)
11.03.2023 - 19:03:59 - 	at java.base/java.util.concurrent.ThreadPoolExecutor$Worker.run(ThreadPoolExecutor.java:635)
11.03.2023 - 19:03:59 - 	at java.base/java.lang.Thread.run(Thread.java:833)
11.03.2023 - 19:03:59 - [TAB v3.2.4] Player placeholder %spbuild_getstagestring% generated an error when setting for player Dalynkaa
11.03.2023 - 19:03:59 - java.lang.IllegalStateException: zip file closed
11.03.2023 - 19:03:59 - 	at java.base/java.util.zip.ZipFile.ensureOpen(ZipFile.java:831)
11.03.2023 - 19:03:59 - 	at java.base/java.util.zip.ZipFile.getEntry(ZipFile.java:330)
11.03.2023 - 19:03:59 - 	at java.base/java.util.jar.JarFile.getEntry(JarFile.java:518)
11.03.2023 - 19:03:59 - 	at java.base/java.util.jar.JarFile.getJarEntry(JarFile.java:473)
11.03.2023 - 19:03:59 - 	at org.bukkit.plugin.java.PluginClassLoader.findClass(PluginClassLoader.java:189)
11.03.2023 - 19:03:59 - 	at java.base/java.lang.ClassLoader.loadClass(ClassLoader.java:587)
11.03.2023 - 19:03:59 - 	at org.bukkit.plugin.java.PluginClassLoader.loadClass0(PluginClassLoader.java:129)
11.03.2023 - 19:03:59 - 	at org.bukkit.plugin.java.PluginClassLoader.loadClass(PluginClassLoader.java:124)
11.03.2023 - 19:03:59 - 	at java.base/java.lang.ClassLoader.loadClass(ClassLoader.java:520)
11.03.2023 - 19:03:59 - 	at spworlds-1.0-SNAPSHOT.jar//com.spworlds.utils.PlaceholderApis.onRequest(PlaceholderApis.java:33)
11.03.2023 - 19:03:59 - 	at PlaceholderAPI-2.11.2.jar//me.clip.placeholderapi.replacer.CharsReplacer.apply(CharsReplacer.java:119)
11.03.2023 - 19:03:59 - 	at PlaceholderAPI-2.11.2.jar//me.clip.placeholderapi.PlaceholderAPI.setPlaceholders(PlaceholderAPI.java:71)
11.03.2023 - 19:03:59 - 	at PlaceholderAPI-2.11.2.jar//me.clip.placeholderapi.PlaceholderAPI.setPlaceholders(PlaceholderAPI.java:99)
11.03.2023 - 19:03:59 - 	at TAB.v3.2.4.jar//me.neznamy.tab.platforms.bukkit.BukkitPlatform.lambda$registerUnknownPlaceholder$2(BukkitPlatform.java:179)
11.03.2023 - 19:03:59 - 	at TAB.v3.2.4.jar//me.neznamy.tab.shared.placeholders.PlayerPlaceholderImpl.request(PlayerPlaceholderImpl.java:130)
11.03.2023 - 19:03:59 - 	at TAB.v3.2.4.jar//me.neznamy.tab.shared.placeholders.PlayerPlaceholderImpl.update(PlayerPlaceholderImpl.java:53)
11.03.2023 - 19:03:59 - 	at TAB.v3.2.4.jar//me.neznamy.tab.shared.features.PlaceholderManagerImpl.updatePlayerPlaceholder(PlaceholderManagerImpl.java:117)
11.03.2023 - 19:03:59 - 	at TAB.v3.2.4.jar//me.neznamy.tab.shared.features.PlaceholderManagerImpl.refresh(PlaceholderManagerImpl.java:68)
11.03.2023 - 19:03:59 - 	at TAB.v3.2.4.jar//me.neznamy.tab.shared.CpuManager.lambda$runMeasuredTask$8(CpuManager.java:354)
11.03.2023 - 19:03:59 - 	at TAB.v3.2.4.jar//me.neznamy.tab.shared.CpuManager.lambda$submit$1(CpuManager.java:111)
11.03.2023 - 19:03:59 - 	at java.base/java.util.concurrent.Executors$RunnableAdapter.call(Executors.java:539)
11.03.2023 - 19:03:59 - 	at java.base/java.util.concurrent.FutureTask.run(FutureTask.java:264)
11.03.2023 - 19:03:59 - 	at java.base/java.util.concurrent.ThreadPoolExecutor.runWorker(ThreadPoolExecutor.java:1136)
11.03.2023 - 19:03:59 - 	at java.base/java.util.concurrent.ThreadPoolExecutor$Worker.run(ThreadPoolExecutor.java:635)
11.03.2023 - 19:03:59 - 	at java.base/java.lang.Thread.run(Thread.java:833)
11.03.2023 - 19:04:00 - [TAB v3.2.4] Player placeholder %spbuild_getstagestring% generated an error when setting for player Dalynkaa
11.03.2023 - 19:04:00 - java.lang.IllegalStateException: zip file closed
11.03.2023 - 19:04:00 - 	at java.base/java.util.zip.ZipFile.ensureOpen(ZipFile.java:831)
11.03.2023 - 19:04:00 - 	at java.base/java.util.zip.ZipFile.getEntry(ZipFile.java:330)
11.03.2023 - 19:04:00 - 	at java.base/java.util.jar.JarFile.getEntry(JarFile.java:518)
11.03.2023 - 19:04:00 - 	at java.base/java.util.jar.JarFile.getJarEntry(JarFile.java:473)
11.03.2023 - 19:04:00 - 	at org.bukkit.plugin.java.PluginClassLoader.findClass(PluginClassLoader.java:189)
11.03.2023 - 19:04:00 - 	at java.base/java.lang.ClassLoader.loadClass(ClassLoader.java:587)
11.03.2023 - 19:04:00 - 	at org.bukkit.plugin.java.PluginClassLoader.loadClass0(PluginClassLoader.java:129)
11.03.2023 - 19:04:00 - 	at org.bukkit.plugin.java.PluginClassLoader.loadClass(PluginClassLoader.java:124)
11.03.2023 - 19:04:00 - 	at java.base/java.lang.ClassLoader.loadClass(ClassLoader.java:520)
11.03.2023 - 19:04:00 - 	at spworlds-1.0-SNAPSHOT.jar//com.spworlds.utils.PlaceholderApis.onRequest(PlaceholderApis.java:33)
11.03.2023 - 19:04:00 - 	at PlaceholderAPI-2.11.2.jar//me.clip.placeholderapi.replacer.CharsReplacer.apply(CharsReplacer.java:119)
11.03.2023 - 19:04:00 - 	at PlaceholderAPI-2.11.2.jar//me.clip.placeholderapi.PlaceholderAPI.setPlaceholders(PlaceholderAPI.java:71)
11.03.2023 - 19:04:00 - 	at PlaceholderAPI-2.11.2.jar//me.clip.placeholderapi.PlaceholderAPI.setPlaceholders(PlaceholderAPI.java:99)
11.03.2023 - 19:04:00 - 	at TAB.v3.2.4.jar//me.neznamy.tab.platforms.bukkit.BukkitPlatform.lambda$registerUnknownPlaceholder$2(BukkitPlatform.java:179)
11.03.2023 - 19:04:00 - 	at TAB.v3.2.4.jar//me.neznamy.tab.shared.placeholders.PlayerPlaceholderImpl.request(PlayerPlaceholderImpl.java:130)
11.03.2023 - 19:04:00 - 	at TAB.v3.2.4.jar//me.neznamy.tab.shared.placeholders.PlayerPlaceholderImpl.update(PlayerPlaceholderImpl.java:53)
11.03.2023 - 19:04:00 - 	at TAB.v3.2.4.jar//me.neznamy.tab.shared.features.PlaceholderManagerImpl.updatePlayerPlaceholder(PlaceholderManagerImpl.java:117)
11.03.2023 - 19:04:00 - 	at TAB.v3.2.4.jar//me.neznamy.tab.shared.features.PlaceholderManagerImpl.refresh(PlaceholderManagerImpl.java:68)
11.03.2023 - 19:04:00 - 	at TAB.v3.2.4.jar//me.neznamy.tab.shared.CpuManager.lambda$runMeasuredTask$8(CpuManager.java:354)
11.03.2023 - 19:04:00 - 	at TAB.v3.2.4.jar//me.neznamy.tab.shared.CpuManager.lambda$submit$1(CpuManager.java:111)
11.03.2023 - 19:04:00 - 	at java.base/java.util.concurrent.Executors$RunnableAdapter.call(Executors.java:539)
11.03.2023 - 19:04:00 - 	at java.base/java.util.concurrent.FutureTask.run(FutureTask.java:264)
11.03.2023 - 19:04:00 - 	at java.base/java.util.concurrent.ThreadPoolExecutor.runWorker(ThreadPoolExecutor.java:1136)
11.03.2023 - 19:04:00 - 	at java.base/java.util.concurrent.ThreadPoolExecutor$Worker.run(ThreadPoolExecutor.java:635)
11.03.2023 - 19:04:00 - 	at java.base/java.lang.Thread.run(Thread.java:833)
11.03.2023 - 19:04:00 - [TAB v3.2.4] Player placeholder %spbuild_getstagestring% generated an error when setting for player Dalynkaa
11.03.2023 - 19:04:00 - java.lang.IllegalStateException: zip file closed
11.03.2023 - 19:04:00 - 	at java.base/java.util.zip.ZipFile.ensureOpen(ZipFile.java:831)
11.03.2023 - 19:04:00 - 	at java.base/java.util.zip.ZipFile.getEntry(ZipFile.java:330)
11.03.2023 - 19:04:00 - 	at java.base/java.util.jar.JarFile.getEntry(JarFile.java:518)
11.03.2023 - 19:04:00 - 	at java.base/java.util.jar.JarFile.getJarEntry(JarFile.java:473)
11.03.2023 - 19:04:00 - 	at org.bukkit.plugin.java.PluginClassLoader.findClass(PluginClassLoader.java:189)
11.03.2023 - 19:04:00 - 	at java.base/java.lang.ClassLoader.loadClass(ClassLoader.java:587)
11.03.2023 - 19:04:00 - 	at org.bukkit.plugin.java.PluginClassLoader.loadClass0(PluginClassLoader.java:129)
11.03.2023 - 19:04:00 - 	at org.bukkit.plugin.java.PluginClassLoader.loadClass(PluginClassLoader.java:124)
11.03.2023 - 19:04:00 - 	at java.base/java.lang.ClassLoader.loadClass(ClassLoader.java:520)
11.03.2023 - 19:04:00 - 	at spworlds-1.0-SNAPSHOT.jar//com.spworlds.utils.PlaceholderApis.onRequest(PlaceholderApis.java:33)
11.03.2023 - 19:04:00 - 	at PlaceholderAPI-2.11.2.jar//me.clip.placeholderapi.replacer.CharsReplacer.apply(CharsReplacer.java:119)
11.03.2023 - 19:04:00 - 	at PlaceholderAPI-2.11.2.jar//me.clip.placeholderapi.PlaceholderAPI.setPlaceholders(PlaceholderAPI.java:71)
11.03.2023 - 19:04:00 - 	at PlaceholderAPI-2.11.2.jar//me.clip.placeholderapi.PlaceholderAPI.setPlaceholders(PlaceholderAPI.java:99)
11.03.2023 - 19:04:00 - 	at TAB.v3.2.4.jar//me.neznamy.tab.platforms.bukkit.BukkitPlatform.lambda$registerUnknownPlaceholder$2(BukkitPlatform.java:179)
11.03.2023 - 19:04:00 - 	at TAB.v3.2.4.jar//me.neznamy.tab.shared.placeholders.PlayerPlaceholderImpl.request(PlayerPlaceholderImpl.java:130)
11.03.2023 - 19:04:00 - 	at TAB.v3.2.4.jar//me.neznamy.tab.shared.placeholders.PlayerPlaceholderImpl.update(PlayerPlaceholderImpl.java:53)
11.03.2023 - 19:04:00 - 	at TAB.v3.2.4.jar//me.neznamy.tab.shared.features.PlaceholderManagerImpl.updatePlayerPlaceholder(PlaceholderManagerImpl.java:117)
11.03.2023 - 19:04:00 - 	at TAB.v3.2.4.jar//me.neznamy.tab.shared.features.PlaceholderManagerImpl.refresh(PlaceholderManagerImpl.java:68)
11.03.2023 - 19:04:00 - 	at TAB.v3.2.4.jar//me.neznamy.tab.shared.CpuManager.lambda$runMeasuredTask$8(CpuManager.java:354)
11.03.2023 - 19:04:00 - 	at TAB.v3.2.4.jar//me.neznamy.tab.shared.CpuManager.lambda$submit$1(CpuManager.java:111)
11.03.2023 - 19:04:00 - 	at java.base/java.util.concurrent.Executors$RunnableAdapter.call(Executors.java:539)
11.03.2023 - 19:04:00 - 	at java.base/java.util.concurrent.FutureTask.run(FutureTask.java:264)
11.03.2023 - 19:04:00 - 	at java.base/java.util.concurrent.ThreadPoolExecutor.runWorker(ThreadPoolExecutor.java:1136)
11.03.2023 - 19:04:00 - 	at java.base/java.util.concurrent.ThreadPoolExecutor$Worker.run(ThreadPoolExecutor.java:635)
11.03.2023 - 19:04:00 - 	at java.base/java.lang.Thread.run(Thread.java:833)
11.03.2023 - 19:04:01 - [TAB v3.2.4] Player placeholder %spbuild_getstagestring% generated an error when setting for player Dalynkaa
11.03.2023 - 19:04:01 - java.lang.IllegalStateException: zip file closed
11.03.2023 - 19:04:01 - 	at java.base/java.util.zip.ZipFile.ensureOpen(ZipFile.java:831)
11.03.2023 - 19:04:01 - 	at java.base/java.util.zip.ZipFile.getEntry(ZipFile.java:330)
11.03.2023 - 19:04:01 - 	at java.base/java.util.jar.JarFile.getEntry(JarFile.java:518)
11.03.2023 - 19:04:01 - 	at java.base/java.util.jar.JarFile.getJarEntry(JarFile.java:473)
11.03.2023 - 19:04:01 - 	at org.bukkit.plugin.java.PluginClassLoader.findClass(PluginClassLoader.java:189)
11.03.2023 - 19:04:01 - 	at java.base/java.lang.ClassLoader.loadClass(ClassLoader.java:587)
11.03.2023 - 19:04:01 - 	at org.bukkit.plugin.java.PluginClassLoader.loadClass0(PluginClassLoader.java:129)
11.03.2023 - 19:04:01 - 	at org.bukkit.plugin.java.PluginClassLoader.loadClass(PluginClassLoader.java:124)
11.03.2023 - 19:04:01 - 	at java.base/java.lang.ClassLoader.loadClass(ClassLoader.java:520)
11.03.2023 - 19:04:01 - 	at spworlds-1.0-SNAPSHOT.jar//com.spworlds.utils.PlaceholderApis.onRequest(PlaceholderApis.java:33)
11.03.2023 - 19:04:01 - 	at PlaceholderAPI-2.11.2.jar//me.clip.placeholderapi.replacer.CharsReplacer.apply(CharsReplacer.java:119)
11.03.2023 - 19:04:01 - 	at PlaceholderAPI-2.11.2.jar//me.clip.placeholderapi.PlaceholderAPI.setPlaceholders(PlaceholderAPI.java:71)
11.03.2023 - 19:04:01 - 	at PlaceholderAPI-2.11.2.jar//me.clip.placeholderapi.PlaceholderAPI.setPlaceholders(PlaceholderAPI.java:99)
11.03.2023 - 19:04:01 - 	at TAB.v3.2.4.jar//me.neznamy.tab.platforms.bukkit.BukkitPlatform.lambda$registerUnknownPlaceholder$2(BukkitPlatform.java:179)
11.03.2023 - 19:04:01 - 	at TAB.v3.2.4.jar//me.neznamy.tab.shared.placeholders.PlayerPlaceholderImpl.request(PlayerPlaceholderImpl.java:130)
11.03.2023 - 19:04:01 - 	at TAB.v3.2.4.jar//me.neznamy.tab.shared.placeholders.PlayerPlaceholderImpl.update(PlayerPlaceholderImpl.java:53)
11.03.2023 - 19:04:01 - 	at TAB.v3.2.4.jar//me.neznamy.tab.shared.features.PlaceholderManagerImpl.updatePlayerPlaceholder(PlaceholderManagerImpl.java:117)
11.03.2023 - 19:04:01 - 	at TAB.v3.2.4.jar//me.neznamy.tab.shared.features.PlaceholderManagerImpl.refresh(PlaceholderManagerImpl.java:68)
11.03.2023 - 19:04:01 - 	at TAB.v3.2.4.jar//me.neznamy.tab.shared.CpuManager.lambda$runMeasuredTask$8(CpuManager.java:354)
11.03.2023 - 19:04:01 - 	at TAB.v3.2.4.jar//me.neznamy.tab.shared.CpuManager.lambda$submit$1(CpuManager.java:111)
11.03.2023 - 19:04:01 - 	at java.base/java.util.concurrent.Executors$RunnableAdapter.call(Executors.java:539)
11.03.2023 - 19:04:01 - 	at java.base/java.util.concurrent.FutureTask.run(FutureTask.java:264)
11.03.2023 - 19:04:01 - 	at java.base/java.util.concurrent.ThreadPoolExecutor.runWorker(ThreadPoolExecutor.java:1136)
11.03.2023 - 19:04:01 - 	at java.base/java.util.concurrent.ThreadPoolExecutor$Worker.run(ThreadPoolExecutor.java:635)
11.03.2023 - 19:04:01 - 	at java.base/java.lang.Thread.run(Thread.java:833)
11.03.2023 - 19:04:01 - [TAB v3.2.4] Player placeholder %spbuild_getstagestring% generated an error when setting for player Dalynkaa
11.03.2023 - 19:04:01 - java.lang.IllegalStateException: zip file closed
11.03.2023 - 19:04:01 - 	at java.base/java.util.zip.ZipFile.ensureOpen(ZipFile.java:831)
11.03.2023 - 19:04:01 - 	at java.base/java.util.zip.ZipFile.getEntry(ZipFile.java:330)
11.03.2023 - 19:04:01 - 	at java.base/java.util.jar.JarFile.getEntry(JarFile.java:518)
11.03.2023 - 19:04:01 - 	at java.base/java.util.jar.JarFile.getJarEntry(JarFile.java:473)
11.03.2023 - 19:04:01 - 	at org.bukkit.plugin.java.PluginClassLoader.findClass(PluginClassLoader.java:189)
11.03.2023 - 19:04:01 - 	at java.base/java.lang.ClassLoader.loadClass(ClassLoader.java:587)
11.03.2023 - 19:04:01 - 	at org.bukkit.plugin.java.PluginClassLoader.loadClass0(PluginClassLoader.java:129)
11.03.2023 - 19:04:01 - 	at org.bukkit.plugin.java.PluginClassLoader.loadClass(PluginClassLoader.java:124)
11.03.2023 - 19:04:01 - 	at java.base/java.lang.ClassLoader.loadClass(ClassLoader.java:520)
11.03.2023 - 19:04:01 - 	at spworlds-1.0-SNAPSHOT.jar//com.spworlds.utils.PlaceholderApis.onRequest(PlaceholderApis.java:33)
11.03.2023 - 19:04:01 - 	at PlaceholderAPI-2.11.2.jar//me.clip.placeholderapi.replacer.CharsReplacer.apply(CharsReplacer.java:119)
11.03.2023 - 19:04:01 - 	at PlaceholderAPI-2.11.2.jar//me.clip.placeholderapi.PlaceholderAPI.setPlaceholders(PlaceholderAPI.java:71)
11.03.2023 - 19:04:01 - 	at PlaceholderAPI-2.11.2.jar//me.clip.placeholderapi.PlaceholderAPI.setPlaceholders(PlaceholderAPI.java:99)
11.03.2023 - 19:04:01 - 	at TAB.v3.2.4.jar//me.neznamy.tab.platforms.bukkit.BukkitPlatform.lambda$registerUnknownPlaceholder$2(BukkitPlatform.java:179)
11.03.2023 - 19:04:01 - 	at TAB.v3.2.4.jar//me.neznamy.tab.shared.placeholders.PlayerPlaceholderImpl.request(PlayerPlaceholderImpl.java:130)
11.03.2023 - 19:04:01 - 	at TAB.v3.2.4.jar//me.neznamy.tab.shared.placeholders.PlayerPlaceholderImpl.update(PlayerPlaceholderImpl.java:53)
11.03.2023 - 19:04:01 - 	at TAB.v3.2.4.jar//me.neznamy.tab.shared.features.PlaceholderManagerImpl.updatePlayerPlaceholder(PlaceholderManagerImpl.java:117)
11.03.2023 - 19:04:01 - 	at TAB.v3.2.4.jar//me.neznamy.tab.shared.features.PlaceholderManagerImpl.refresh(PlaceholderManagerImpl.java:68)
11.03.2023 - 19:04:01 - 	at TAB.v3.2.4.jar//me.neznamy.tab.shared.CpuManager.lambda$runMeasuredTask$8(CpuManager.java:354)
11.03.2023 - 19:04:01 - 	at TAB.v3.2.4.jar//me.neznamy.tab.shared.CpuManager.lambda$submit$1(CpuManager.java:111)
11.03.2023 - 19:04:01 - 	at java.base/java.util.concurrent.Executors$RunnableAdapter.call(Executors.java:539)
11.03.2023 - 19:04:01 - 	at java.base/java.util.concurrent.FutureTask.run(FutureTask.java:264)
11.03.2023 - 19:04:01 - 	at java.base/java.util.concurrent.ThreadPoolExecutor.runWorker(ThreadPoolExecutor.java:1136)
11.03.2023 - 19:04:01 - 	at java.base/java.util.concurrent.ThreadPoolExecutor$Worker.run(ThreadPoolExecutor.java:635)
11.03.2023 - 19:04:01 - 	at java.base/java.lang.Thread.run(Thread.java:833)
11.03.2023 - 19:04:02 - [TAB v3.2.4] Player placeholder %spbuild_getstagestring% generated an error when setting for player Dalynkaa
11.03.2023 - 19:04:02 - java.lang.IllegalStateException: zip file closed
11.03.2023 - 19:04:02 - 	at java.base/java.util.zip.ZipFile.ensureOpen(ZipFile.java:831)
11.03.2023 - 19:04:02 - 	at java.base/java.util.zip.ZipFile.getEntry(ZipFile.java:330)
11.03.2023 - 19:04:02 - 	at java.base/java.util.jar.JarFile.getEntry(JarFile.java:518)
11.03.2023 - 19:04:02 - 	at java.base/java.util.jar.JarFile.getJarEntry(JarFile.java:473)
11.03.2023 - 19:04:02 - 	at org.bukkit.plugin.java.PluginClassLoader.findClass(PluginClassLoader.java:189)
11.03.2023 - 19:04:02 - 	at java.base/java.lang.ClassLoader.loadClass(ClassLoader.java:587)
11.03.2023 - 19:04:02 - 	at org.bukkit.plugin.java.PluginClassLoader.loadClass0(PluginClassLoader.java:129)
11.03.2023 - 19:04:02 - 	at org.bukkit.plugin.java.PluginClassLoader.loadClass(PluginClassLoader.java:124)
11.03.2023 - 19:04:02 - 	at java.base/java.lang.ClassLoader.loadClass(ClassLoader.java:520)
11.03.2023 - 19:04:02 - 	at spworlds-1.0-SNAPSHOT.jar//com.spworlds.utils.PlaceholderApis.onRequest(PlaceholderApis.java:33)
11.03.2023 - 19:04:02 - 	at PlaceholderAPI-2.11.2.jar//me.clip.placeholderapi.replacer.CharsReplacer.apply(CharsReplacer.java:119)
11.03.2023 - 19:04:02 - 	at PlaceholderAPI-2.11.2.jar//me.clip.placeholderapi.PlaceholderAPI.setPlaceholders(PlaceholderAPI.java:71)
11.03.2023 - 19:04:02 - 	at PlaceholderAPI-2.11.2.jar//me.clip.placeholderapi.PlaceholderAPI.setPlaceholders(PlaceholderAPI.java:99)
11.03.2023 - 19:04:02 - 	at TAB.v3.2.4.jar//me.neznamy.tab.platforms.bukkit.BukkitPlatform.lambda$registerUnknownPlaceholder$2(BukkitPlatform.java:179)
11.03.2023 - 19:04:02 - 	at TAB.v3.2.4.jar//me.neznamy.tab.shared.placeholders.PlayerPlaceholderImpl.request(PlayerPlaceholderImpl.java:130)
11.03.2023 - 19:04:02 - 	at TAB.v3.2.4.jar//me.neznamy.tab.shared.placeholders.PlayerPlaceholderImpl.update(PlayerPlaceholderImpl.java:53)
11.03.2023 - 19:04:02 - 	at TAB.v3.2.4.jar//me.neznamy.tab.shared.features.PlaceholderManagerImpl.updatePlayerPlaceholder(PlaceholderManagerImpl.java:117)
11.03.2023 - 19:04:02 - 	at TAB.v3.2.4.jar//me.neznamy.tab.shared.features.PlaceholderManagerImpl.refresh(PlaceholderManagerImpl.java:68)
11.03.2023 - 19:04:02 - 	at TAB.v3.2.4.jar//me.neznamy.tab.shared.CpuManager.lambda$runMeasuredTask$8(CpuManager.java:354)
11.03.2023 - 19:04:02 - 	at TAB.v3.2.4.jar//me.neznamy.tab.shared.CpuManager.lambda$submit$1(CpuManager.java:111)
11.03.2023 - 19:04:02 - 	at java.base/java.util.concurrent.Executors$RunnableAdapter.call(Executors.java:539)
11.03.2023 - 19:04:02 - 	at java.base/java.util.concurrent.FutureTask.run(FutureTask.java:264)
11.03.2023 - 19:04:02 - 	at java.base/java.util.concurrent.ThreadPoolExecutor.runWorker(ThreadPoolExecutor.java:1136)
11.03.2023 - 19:04:02 - 	at java.base/java.util.concurrent.ThreadPoolExecutor$Worker.run(ThreadPoolExecutor.java:635)
11.03.2023 - 19:04:02 - 	at java.base/java.lang.Thread.run(Thread.java:833)
11.03.2023 - 19:04:02 - [TAB v3.2.4] Player placeholder %spbuild_getstagestring% generated an error when setting for player Dalynkaa
11.03.2023 - 19:04:02 - java.lang.IllegalStateException: zip file closed
11.03.2023 - 19:04:02 - 	at java.base/java.util.zip.ZipFile.ensureOpen(ZipFile.java:831)
11.03.2023 - 19:04:02 - 	at java.base/java.util.zip.ZipFile.getEntry(ZipFile.java:330)
11.03.2023 - 19:04:02 - 	at java.base/java.util.jar.JarFile.getEntry(JarFile.java:518)
11.03.2023 - 19:04:02 - 	at java.base/java.util.jar.JarFile.getJarEntry(JarFile.java:473)
11.03.2023 - 19:04:02 - 	at org.bukkit.plugin.java.PluginClassLoader.findClass(PluginClassLoader.java:189)
11.03.2023 - 19:04:02 - 	at java.base/java.lang.ClassLoader.loadClass(ClassLoader.java:587)
11.03.2023 - 19:04:02 - 	at org.bukkit.plugin.java.PluginClassLoader.loadClass0(PluginClassLoader.java:129)
11.03.2023 - 19:04:02 - 	at org.bukkit.plugin.java.PluginClassLoader.loadClass(PluginClassLoader.java:124)
11.03.2023 - 19:04:02 - 	at java.base/java.lang.ClassLoader.loadClass(ClassLoader.java:520)
11.03.2023 - 19:04:02 - 	at spworlds-1.0-SNAPSHOT.jar//com.spworlds.utils.PlaceholderApis.onRequest(PlaceholderApis.java:33)
11.03.2023 - 19:04:02 - 	at PlaceholderAPI-2.11.2.jar//me.clip.placeholderapi.replacer.CharsReplacer.apply(CharsReplacer.java:119)
11.03.2023 - 19:04:02 - 	at PlaceholderAPI-2.11.2.jar//me.clip.placeholderapi.PlaceholderAPI.setPlaceholders(PlaceholderAPI.java:71)
11.03.2023 - 19:04:02 - 	at PlaceholderAPI-2.11.2.jar//me.clip.placeholderapi.PlaceholderAPI.setPlaceholders(PlaceholderAPI.java:99)
11.03.2023 - 19:04:02 - 	at TAB.v3.2.4.jar//me.neznamy.tab.platforms.bukkit.BukkitPlatform.lambda$registerUnknownPlaceholder$2(BukkitPlatform.java:179)
11.03.2023 - 19:04:02 - 	at TAB.v3.2.4.jar//me.neznamy.tab.shared.placeholders.PlayerPlaceholderImpl.request(PlayerPlaceholderImpl.java:130)
11.03.2023 - 19:04:02 - 	at TAB.v3.2.4.jar//me.neznamy.tab.shared.placeholders.PlayerPlaceholderImpl.update(PlayerPlaceholderImpl.java:53)
11.03.2023 - 19:04:02 - 	at TAB.v3.2.4.jar//me.neznamy.tab.shared.features.PlaceholderManagerImpl.updatePlayerPlaceholder(PlaceholderManagerImpl.java:117)
11.03.2023 - 19:04:02 - 	at TAB.v3.2.4.jar//me.neznamy.tab.shared.features.PlaceholderManagerImpl.refresh(PlaceholderManagerImpl.java:68)
11.03.2023 - 19:04:02 - 	at TAB.v3.2.4.jar//me.neznamy.tab.shared.CpuManager.lambda$runMeasuredTask$8(CpuManager.java:354)
11.03.2023 - 19:04:02 - 	at TAB.v3.2.4.jar//me.neznamy.tab.shared.CpuManager.lambda$submit$1(CpuManager.java:111)
11.03.2023 - 19:04:02 - 	at java.base/java.util.concurrent.Executors$RunnableAdapter.call(Executors.java:539)
11.03.2023 - 19:04:02 - 	at java.base/java.util.concurrent.FutureTask.run(FutureTask.java:264)
11.03.2023 - 19:04:02 - 	at java.base/java.util.concurrent.ThreadPoolExecutor.runWorker(ThreadPoolExecutor.java:1136)
11.03.2023 - 19:04:02 - 	at java.base/java.util.concurrent.ThreadPoolExecutor$Worker.run(ThreadPoolExecutor.java:635)
11.03.2023 - 19:04:02 - 	at java.base/java.lang.Thread.run(Thread.java:833)
11.03.2023 - 19:04:03 - [TAB v3.2.4] Player placeholder %spbuild_getstagestring% generated an error when setting for player Dalynkaa
11.03.2023 - 19:04:03 - java.lang.IllegalStateException: zip file closed
11.03.2023 - 19:04:03 - 	at java.base/java.util.zip.ZipFile.ensureOpen(ZipFile.java:831)
11.03.2023 - 19:04:03 - 	at java.base/java.util.zip.ZipFile.getEntry(ZipFile.java:330)
11.03.2023 - 19:04:03 - 	at java.base/java.util.jar.JarFile.getEntry(JarFile.java:518)
11.03.2023 - 19:04:03 - 	at java.base/java.util.jar.JarFile.getJarEntry(JarFile.java:473)
11.03.2023 - 19:04:03 - 	at org.bukkit.plugin.java.PluginClassLoader.findClass(PluginClassLoader.java:189)
11.03.2023 - 19:04:03 - 	at java.base/java.lang.ClassLoader.loadClass(ClassLoader.java:587)
11.03.2023 - 19:04:03 - 	at org.bukkit.plugin.java.PluginClassLoader.loadClass0(PluginClassLoader.java:129)
11.03.2023 - 19:04:03 - 	at org.bukkit.plugin.java.PluginClassLoader.loadClass(PluginClassLoader.java:124)
11.03.2023 - 19:04:03 - 	at java.base/java.lang.ClassLoader.loadClass(ClassLoader.java:520)
11.03.2023 - 19:04:03 - 	at spworlds-1.0-SNAPSHOT.jar//com.spworlds.utils.PlaceholderApis.onRequest(PlaceholderApis.java:33)
11.03.2023 - 19:04:03 - 	at PlaceholderAPI-2.11.2.jar//me.clip.placeholderapi.replacer.CharsReplacer.apply(CharsReplacer.java:119)
11.03.2023 - 19:04:03 - 	at PlaceholderAPI-2.11.2.jar//me.clip.placeholderapi.PlaceholderAPI.setPlaceholders(PlaceholderAPI.java:71)
11.03.2023 - 19:04:03 - 	at PlaceholderAPI-2.11.2.jar//me.clip.placeholderapi.PlaceholderAPI.setPlaceholders(PlaceholderAPI.java:99)
11.03.2023 - 19:04:03 - 	at TAB.v3.2.4.jar//me.neznamy.tab.platforms.bukkit.BukkitPlatform.lambda$registerUnknownPlaceholder$2(BukkitPlatform.java:179)
11.03.2023 - 19:04:03 - 	at TAB.v3.2.4.jar//me.neznamy.tab.shared.placeholders.PlayerPlaceholderImpl.request(PlayerPlaceholderImpl.java:130)
11.03.2023 - 19:04:03 - 	at TAB.v3.2.4.jar//me.neznamy.tab.shared.placeholders.PlayerPlaceholderImpl.update(PlayerPlaceholderImpl.java:53)
11.03.2023 - 19:04:03 - 	at TAB.v3.2.4.jar//me.neznamy.tab.shared.features.PlaceholderManagerImpl.updatePlayerPlaceholder(PlaceholderManagerImpl.java:117)
11.03.2023 - 19:04:03 - 	at TAB.v3.2.4.jar//me.neznamy.tab.shared.features.PlaceholderManagerImpl.refresh(PlaceholderManagerImpl.java:68)
11.03.2023 - 19:04:03 - 	at TAB.v3.2.4.jar//me.neznamy.tab.shared.CpuManager.lambda$runMeasuredTask$8(CpuManager.java:354)
11.03.2023 - 19:04:03 - 	at TAB.v3.2.4.jar//me.neznamy.tab.shared.CpuManager.lambda$submit$1(CpuManager.java:111)
11.03.2023 - 19:04:03 - 	at java.base/java.util.concurrent.Executors$RunnableAdapter.call(Executors.java:539)
11.03.2023 - 19:04:03 - 	at java.base/java.util.concurrent.FutureTask.run(FutureTask.java:264)
11.03.2023 - 19:04:03 - 	at java.base/java.util.concurrent.ThreadPoolExecutor.runWorker(ThreadPoolExecutor.java:1136)
11.03.2023 - 19:04:03 - 	at java.base/java.util.concurrent.ThreadPoolExecutor$Worker.run(ThreadPoolExecutor.java:635)
11.03.2023 - 19:04:03 - 	at java.base/java.lang.Thread.run(Thread.java:833)
11.03.2023 - 19:04:03 - [TAB v3.2.4] Player placeholder %spbuild_getstagestring% generated an error when setting for player Dalynkaa
11.03.2023 - 19:04:03 - java.lang.IllegalStateException: zip file closed
11.03.2023 - 19:04:03 - 	at java.base/java.util.zip.ZipFile.ensureOpen(ZipFile.java:831)
11.03.2023 - 19:04:03 - 	at java.base/java.util.zip.ZipFile.getEntry(ZipFile.java:330)
11.03.2023 - 19:04:03 - 	at java.base/java.util.jar.JarFile.getEntry(JarFile.java:518)
11.03.2023 - 19:04:03 - 	at java.base/java.util.jar.JarFile.getJarEntry(JarFile.java:473)
11.03.2023 - 19:04:03 - 	at org.bukkit.plugin.java.PluginClassLoader.findClass(PluginClassLoader.java:189)
11.03.2023 - 19:04:03 - 	at java.base/java.lang.ClassLoader.loadClass(ClassLoader.java:587)
11.03.2023 - 19:04:03 - 	at org.bukkit.plugin.java.PluginClassLoader.loadClass0(PluginClassLoader.java:129)
11.03.2023 - 19:04:03 - 	at org.bukkit.plugin.java.PluginClassLoader.loadClass(PluginClassLoader.java:124)
11.03.2023 - 19:04:03 - 	at java.base/java.lang.ClassLoader.loadClass(ClassLoader.java:520)
11.03.2023 - 19:04:03 - 	at spworlds-1.0-SNAPSHOT.jar//com.spworlds.utils.PlaceholderApis.onRequest(PlaceholderApis.java:33)
11.03.2023 - 19:04:03 - 	at PlaceholderAPI-2.11.2.jar//me.clip.placeholderapi.replacer.CharsReplacer.apply(CharsReplacer.java:119)
11.03.2023 - 19:04:03 - 	at PlaceholderAPI-2.11.2.jar//me.clip.placeholderapi.PlaceholderAPI.setPlaceholders(PlaceholderAPI.java:71)
11.03.2023 - 19:04:03 - 	at PlaceholderAPI-2.11.2.jar//me.clip.placeholderapi.PlaceholderAPI.setPlaceholders(PlaceholderAPI.java:99)
11.03.2023 - 19:04:03 - 	at TAB.v3.2.4.jar//me.neznamy.tab.platforms.bukkit.BukkitPlatform.lambda$registerUnknownPlaceholder$2(BukkitPlatform.java:179)
11.03.2023 - 19:04:03 - 	at TAB.v3.2.4.jar//me.neznamy.tab.shared.placeholders.PlayerPlaceholderImpl.request(PlayerPlaceholderImpl.java:130)
11.03.2023 - 19:04:03 - 	at TAB.v3.2.4.jar//me.neznamy.tab.shared.placeholders.PlayerPlaceholderImpl.update(PlayerPlaceholderImpl.java:53)
11.03.2023 - 19:04:03 - 	at TAB.v3.2.4.jar//me.neznamy.tab.shared.features.PlaceholderManagerImpl.updatePlayerPlaceholder(PlaceholderManagerImpl.java:117)
11.03.2023 - 19:04:03 - 	at TAB.v3.2.4.jar//me.neznamy.tab.shared.features.PlaceholderManagerImpl.refresh(PlaceholderManagerImpl.java:68)
11.03.2023 - 19:04:03 - 	at TAB.v3.2.4.jar//me.neznamy.tab.shared.CpuManager.lambda$runMeasuredTask$8(CpuManager.java:354)
11.03.2023 - 19:04:03 - 	at TAB.v3.2.4.jar//me.neznamy.tab.shared.CpuManager.lambda$submit$1(CpuManager.java:111)
11.03.2023 - 19:04:03 - 	at java.base/java.util.concurrent.Executors$RunnableAdapter.call(Executors.java:539)
11.03.2023 - 19:04:03 - 	at java.base/java.util.concurrent.FutureTask.run(FutureTask.java:264)
11.03.2023 - 19:04:03 - 	at java.base/java.util.concurrent.ThreadPoolExecutor.runWorker(ThreadPoolExecutor.java:1136)
11.03.2023 - 19:04:03 - 	at java.base/java.util.concurrent.ThreadPoolExecutor$Worker.run(ThreadPoolExecutor.java:635)
11.03.2023 - 19:04:03 - 	at java.base/java.lang.Thread.run(Thread.java:833)
11.03.2023 - 19:04:04 - [TAB v3.2.4] Player placeholder %spbuild_getstagestring% generated an error when setting for player Dalynkaa
11.03.2023 - 19:04:04 - java.lang.IllegalStateException: zip file closed
11.03.2023 - 19:04:04 - 	at java.base/java.util.zip.ZipFile.ensureOpen(ZipFile.java:831)
11.03.2023 - 19:04:04 - 	at java.base/java.util.zip.ZipFile.getEntry(ZipFile.java:330)
11.03.2023 - 19:04:04 - 	at java.base/java.util.jar.JarFile.getEntry(JarFile.java:518)
11.03.2023 - 19:04:04 - 	at java.base/java.util.jar.JarFile.getJarEntry(JarFile.java:473)
11.03.2023 - 19:04:04 - 	at org.bukkit.plugin.java.PluginClassLoader.findClass(PluginClassLoader.java:189)
11.03.2023 - 19:04:04 - 	at java.base/java.lang.ClassLoader.loadClass(ClassLoader.java:587)
11.03.2023 - 19:04:04 - 	at org.bukkit.plugin.java.PluginClassLoader.loadClass0(PluginClassLoader.java:129)
11.03.2023 - 19:04:04 - 	at org.bukkit.plugin.java.PluginClassLoader.loadClass(PluginClassLoader.java:124)
11.03.2023 - 19:04:04 - 	at java.base/java.lang.ClassLoader.loadClass(ClassLoader.java:520)
11.03.2023 - 19:04:04 - 	at spworlds-1.0-SNAPSHOT.jar//com.spworlds.utils.PlaceholderApis.onRequest(PlaceholderApis.java:33)
11.03.2023 - 19:04:04 - 	at PlaceholderAPI-2.11.2.jar//me.clip.placeholderapi.replacer.CharsReplacer.apply(CharsReplacer.java:119)
11.03.2023 - 19:04:04 - 	at PlaceholderAPI-2.11.2.jar//me.clip.placeholderapi.PlaceholderAPI.setPlaceholders(PlaceholderAPI.java:71)
11.03.2023 - 19:04:04 - 	at PlaceholderAPI-2.11.2.jar//me.clip.placeholderapi.PlaceholderAPI.setPlaceholders(PlaceholderAPI.java:99)
11.03.2023 - 19:04:04 - 	at TAB.v3.2.4.jar//me.neznamy.tab.platforms.bukkit.BukkitPlatform.lambda$registerUnknownPlaceholder$2(BukkitPlatform.java:179)
11.03.2023 - 19:04:04 - 	at TAB.v3.2.4.jar//me.neznamy.tab.shared.placeholders.PlayerPlaceholderImpl.request(PlayerPlaceholderImpl.java:130)
11.03.2023 - 19:04:04 - 	at TAB.v3.2.4.jar//me.neznamy.tab.shared.placeholders.PlayerPlaceholderImpl.update(PlayerPlaceholderImpl.java:53)
11.03.2023 - 19:04:04 - 	at TAB.v3.2.4.jar//me.neznamy.tab.shared.features.PlaceholderManagerImpl.updatePlayerPlaceholder(PlaceholderManagerImpl.java:117)
11.03.2023 - 19:04:04 - 	at TAB.v3.2.4.jar//me.neznamy.tab.shared.features.PlaceholderManagerImpl.refresh(PlaceholderManagerImpl.java:68)
11.03.2023 - 19:04:04 - 	at TAB.v3.2.4.jar//me.neznamy.tab.shared.CpuManager.lambda$runMeasuredTask$8(CpuManager.java:354)
11.03.2023 - 19:04:04 - 	at TAB.v3.2.4.jar//me.neznamy.tab.shared.CpuManager.lambda$submit$1(CpuManager.java:111)
11.03.2023 - 19:04:04 - 	at java.base/java.util.concurrent.Executors$RunnableAdapter.call(Executors.java:539)
11.03.2023 - 19:04:04 - 	at java.base/java.util.concurrent.FutureTask.run(FutureTask.java:264)
11.03.2023 - 19:04:04 - 	at java.base/java.util.concurrent.ThreadPoolExecutor.runWorker(ThreadPoolExecutor.java:1136)
11.03.2023 - 19:04:04 - 	at java.base/java.util.concurrent.ThreadPoolExecutor$Worker.run(ThreadPoolExecutor.java:635)
11.03.2023 - 19:04:04 - 	at java.base/java.lang.Thread.run(Thread.java:833)
11.03.2023 - 19:04:04 - [TAB v3.2.4] Player placeholder %spbuild_getstagestring% generated an error when setting for player Dalynkaa
11.03.2023 - 19:04:04 - java.lang.IllegalStateException: zip file closed
11.03.2023 - 19:04:04 - 	at java.base/java.util.zip.ZipFile.ensureOpen(ZipFile.java:831)
11.03.2023 - 19:04:04 - 	at java.base/java.util.zip.ZipFile.getEntry(ZipFile.java:330)
11.03.2023 - 19:04:04 - 	at java.base/java.util.jar.JarFile.getEntry(JarFile.java:518)
11.03.2023 - 19:04:04 - 	at java.base/java.util.jar.JarFile.getJarEntry(JarFile.java:473)
11.03.2023 - 19:04:04 - 	at org.bukkit.plugin.java.PluginClassLoader.findClass(PluginClassLoader.java:189)
11.03.2023 - 19:04:04 - 	at java.base/java.lang.ClassLoader.loadClass(ClassLoader.java:587)
11.03.2023 - 19:04:04 - 	at org.bukkit.plugin.java.PluginClassLoader.loadClass0(PluginClassLoader.java:129)
11.03.2023 - 19:04:04 - 	at org.bukkit.plugin.java.PluginClassLoader.loadClass(PluginClassLoader.java:124)
11.03.2023 - 19:04:04 - 	at java.base/java.lang.ClassLoader.loadClass(ClassLoader.java:520)
11.03.2023 - 19:04:04 - 	at spworlds-1.0-SNAPSHOT.jar//com.spworlds.utils.PlaceholderApis.onRequest(PlaceholderApis.java:33)
11.03.2023 - 19:04:04 - 	at PlaceholderAPI-2.11.2.jar//me.clip.placeholderapi.replacer.CharsReplacer.apply(CharsReplacer.java:119)
11.03.2023 - 19:04:04 - 	at PlaceholderAPI-2.11.2.jar//me.clip.placeholderapi.PlaceholderAPI.setPlaceholders(PlaceholderAPI.java:71)
11.03.2023 - 19:04:04 - 	at PlaceholderAPI-2.11.2.jar//me.clip.placeholderapi.PlaceholderAPI.setPlaceholders(PlaceholderAPI.java:99)
11.03.2023 - 19:04:04 - 	at TAB.v3.2.4.jar//me.neznamy.tab.platforms.bukkit.BukkitPlatform.lambda$registerUnknownPlaceholder$2(BukkitPlatform.java:179)
11.03.2023 - 19:04:04 - 	at TAB.v3.2.4.jar//me.neznamy.tab.shared.placeholders.PlayerPlaceholderImpl.request(PlayerPlaceholderImpl.java:130)
11.03.2023 - 19:04:04 - 	at TAB.v3.2.4.jar//me.neznamy.tab.shared.placeholders.PlayerPlaceholderImpl.update(PlayerPlaceholderImpl.java:53)
11.03.2023 - 19:04:04 - 	at TAB.v3.2.4.jar//me.neznamy.tab.shared.features.PlaceholderManagerImpl.updatePlayerPlaceholder(PlaceholderManagerImpl.java:117)
11.03.2023 - 19:04:04 - 	at TAB.v3.2.4.jar//me.neznamy.tab.shared.features.PlaceholderManagerImpl.refresh(PlaceholderManagerImpl.java:68)
11.03.2023 - 19:04:04 - 	at TAB.v3.2.4.jar//me.neznamy.tab.shared.CpuManager.lambda$runMeasuredTask$8(CpuManager.java:354)
11.03.2023 - 19:04:04 - 	at TAB.v3.2.4.jar//me.neznamy.tab.shared.CpuManager.lambda$submit$1(CpuManager.java:111)
11.03.2023 - 19:04:04 - 	at java.base/java.util.concurrent.Executors$RunnableAdapter.call(Executors.java:539)
11.03.2023 - 19:04:04 - 	at java.base/java.util.concurrent.FutureTask.run(FutureTask.java:264)
11.03.2023 - 19:04:04 - 	at java.base/java.util.concurrent.ThreadPoolExecutor.runWorker(ThreadPoolExecutor.java:1136)
11.03.2023 - 19:04:04 - 	at java.base/java.util.concurrent.ThreadPoolExecutor$Worker.run(ThreadPoolExecutor.java:635)
11.03.2023 - 19:04:04 - 	at java.base/java.lang.Thread.run(Thread.java:833)
11.03.2023 - 19:04:05 - [TAB v3.2.4] Player placeholder %spbuild_getstagestring% generated an error when setting for player Dalynkaa
11.03.2023 - 19:04:05 - java.lang.IllegalStateException: zip file closed
11.03.2023 - 19:04:05 - 	at java.base/java.util.zip.ZipFile.ensureOpen(ZipFile.java:831)
11.03.2023 - 19:04:05 - 	at java.base/java.util.zip.ZipFile.getEntry(ZipFile.java:330)
11.03.2023 - 19:04:05 - 	at java.base/java.util.jar.JarFile.getEntry(JarFile.java:518)
11.03.2023 - 19:04:05 - 	at java.base/java.util.jar.JarFile.getJarEntry(JarFile.java:473)
11.03.2023 - 19:04:05 - 	at org.bukkit.plugin.java.PluginClassLoader.findClass(PluginClassLoader.java:189)
11.03.2023 - 19:04:05 - 	at java.base/java.lang.ClassLoader.loadClass(ClassLoader.java:587)
11.03.2023 - 19:04:05 - 	at org.bukkit.plugin.java.PluginClassLoader.loadClass0(PluginClassLoader.java:129)
11.03.2023 - 19:04:05 - 	at org.bukkit.plugin.java.PluginClassLoader.loadClass(PluginClassLoader.java:124)
11.03.2023 - 19:04:05 - 	at java.base/java.lang.ClassLoader.loadClass(ClassLoader.java:520)
11.03.2023 - 19:04:05 - 	at spworlds-1.0-SNAPSHOT.jar//com.spworlds.utils.PlaceholderApis.onRequest(PlaceholderApis.java:33)
11.03.2023 - 19:04:05 - 	at PlaceholderAPI-2.11.2.jar//me.clip.placeholderapi.replacer.CharsReplacer.apply(CharsReplacer.java:119)
11.03.2023 - 19:04:05 - 	at PlaceholderAPI-2.11.2.jar//me.clip.placeholderapi.PlaceholderAPI.setPlaceholders(PlaceholderAPI.java:71)
11.03.2023 - 19:04:05 - 	at PlaceholderAPI-2.11.2.jar//me.clip.placeholderapi.PlaceholderAPI.setPlaceholders(PlaceholderAPI.java:99)
11.03.2023 - 19:04:05 - 	at TAB.v3.2.4.jar//me.neznamy.tab.platforms.bukkit.BukkitPlatform.lambda$registerUnknownPlaceholder$2(BukkitPlatform.java:179)
11.03.2023 - 19:04:05 - 	at TAB.v3.2.4.jar//me.neznamy.tab.shared.placeholders.PlayerPlaceholderImpl.request(PlayerPlaceholderImpl.java:130)
11.03.2023 - 19:04:05 - 	at TAB.v3.2.4.jar//me.neznamy.tab.shared.placeholders.PlayerPlaceholderImpl.update(PlayerPlaceholderImpl.java:53)
11.03.2023 - 19:04:05 - 	at TAB.v3.2.4.jar//me.neznamy.tab.shared.features.PlaceholderManagerImpl.updatePlayerPlaceholder(PlaceholderManagerImpl.java:117)
11.03.2023 - 19:04:05 - 	at TAB.v3.2.4.jar//me.neznamy.tab.shared.features.PlaceholderManagerImpl.refresh(PlaceholderManagerImpl.java:68)
11.03.2023 - 19:04:05 - 	at TAB.v3.2.4.jar//me.neznamy.tab.shared.CpuManager.lambda$runMeasuredTask$8(CpuManager.java:354)
11.03.2023 - 19:04:05 - 	at TAB.v3.2.4.jar//me.neznamy.tab.shared.CpuManager.lambda$submit$1(CpuManager.java:111)
11.03.2023 - 19:04:05 - 	at java.base/java.util.concurrent.Executors$RunnableAdapter.call(Executors.java:539)
11.03.2023 - 19:04:05 - 	at java.base/java.util.concurrent.FutureTask.run(FutureTask.java:264)
11.03.2023 - 19:04:05 - 	at java.base/java.util.concurrent.ThreadPoolExecutor.runWorker(ThreadPoolExecutor.java:1136)
11.03.2023 - 19:04:05 - 	at java.base/java.util.concurrent.ThreadPoolExecutor$Worker.run(ThreadPoolExecutor.java:635)
11.03.2023 - 19:04:05 - 	at java.base/java.lang.Thread.run(Thread.java:833)
11.03.2023 - 19:04:05 - [TAB v3.2.4] Player placeholder %spbuild_getstagestring% generated an error when setting for player Dalynkaa
11.03.2023 - 19:04:05 - java.lang.IllegalStateException: zip file closed
11.03.2023 - 19:04:05 - 	at java.base/java.util.zip.ZipFile.ensureOpen(ZipFile.java:831)
11.03.2023 - 19:04:05 - 	at java.base/java.util.zip.ZipFile.getEntry(ZipFile.java:330)
11.03.2023 - 19:04:05 - 	at java.base/java.util.jar.JarFile.getEntry(JarFile.java:518)
11.03.2023 - 19:04:05 - 	at java.base/java.util.jar.JarFile.getJarEntry(JarFile.java:473)
11.03.2023 - 19:04:05 - 	at org.bukkit.plugin.java.PluginClassLoader.findClass(PluginClassLoader.java:189)
11.03.2023 - 19:04:05 - 	at java.base/java.lang.ClassLoader.loadClass(ClassLoader.java:587)
11.03.2023 - 19:04:05 - 	at org.bukkit.plugin.java.PluginClassLoader.loadClass0(PluginClassLoader.java:129)
11.03.2023 - 19:04:05 - 	at org.bukkit.plugin.java.PluginClassLoader.loadClass(PluginClassLoader.java:124)
11.03.2023 - 19:04:05 - 	at java.base/java.lang.ClassLoader.loadClass(ClassLoader.java:520)
11.03.2023 - 19:04:05 - 	at spworlds-1.0-SNAPSHOT.jar//com.spworlds.utils.PlaceholderApis.onRequest(PlaceholderApis.java:33)
11.03.2023 - 19:04:05 - 	at PlaceholderAPI-2.11.2.jar//me.clip.placeholderapi.replacer.CharsReplacer.apply(CharsReplacer.java:119)
11.03.2023 - 19:04:05 - 	at PlaceholderAPI-2.11.2.jar//me.clip.placeholderapi.PlaceholderAPI.setPlaceholders(PlaceholderAPI.java:71)
11.03.2023 - 19:04:05 - 	at PlaceholderAPI-2.11.2.jar//me.clip.placeholderapi.PlaceholderAPI.setPlaceholders(PlaceholderAPI.java:99)
11.03.2023 - 19:04:05 - 	at TAB.v3.2.4.jar//me.neznamy.tab.platforms.bukkit.BukkitPlatform.lambda$registerUnknownPlaceholder$2(BukkitPlatform.java:179)
11.03.2023 - 19:04:05 - 	at TAB.v3.2.4.jar//me.neznamy.tab.shared.placeholders.PlayerPlaceholderImpl.request(PlayerPlaceholderImpl.java:130)
11.03.2023 - 19:04:05 - 	at TAB.v3.2.4.jar//me.neznamy.tab.shared.placeholders.PlayerPlaceholderImpl.update(PlayerPlaceholderImpl.java:53)
11.03.2023 - 19:04:05 - 	at TAB.v3.2.4.jar//me.neznamy.tab.shared.features.PlaceholderManagerImpl.updatePlayerPlaceholder(PlaceholderManagerImpl.java:117)
11.03.2023 - 19:04:05 - 	at TAB.v3.2.4.jar//me.neznamy.tab.shared.features.PlaceholderManagerImpl.refresh(PlaceholderManagerImpl.java:68)
11.03.2023 - 19:04:05 - 	at TAB.v3.2.4.jar//me.neznamy.tab.shared.CpuManager.lambda$runMeasuredTask$8(CpuManager.java:354)
11.03.2023 - 19:04:05 - 	at TAB.v3.2.4.jar//me.neznamy.tab.shared.CpuManager.lambda$submit$1(CpuManager.java:111)
11.03.2023 - 19:04:05 - 	at java.base/java.util.concurrent.Executors$RunnableAdapter.call(Executors.java:539)
11.03.2023 - 19:04:05 - 	at java.base/java.util.concurrent.FutureTask.run(FutureTask.java:264)
11.03.2023 - 19:04:05 - 	at java.base/java.util.concurrent.ThreadPoolExecutor.runWorker(ThreadPoolExecutor.java:1136)
11.03.2023 - 19:04:05 - 	at java.base/java.util.concurrent.ThreadPoolExecutor$Worker.run(ThreadPoolExecutor.java:635)
11.03.2023 - 19:04:05 - 	at java.base/java.lang.Thread.run(Thread.java:833)
11.03.2023 - 19:04:06 - [TAB v3.2.4] Player placeholder %spbuild_getstagestring% generated an error when setting for player Dalynkaa
11.03.2023 - 19:04:06 - java.lang.IllegalStateException: zip file closed
11.03.2023 - 19:04:06 - 	at java.base/java.util.zip.ZipFile.ensureOpen(ZipFile.java:831)
11.03.2023 - 19:04:06 - 	at java.base/java.util.zip.ZipFile.getEntry(ZipFile.java:330)
11.03.2023 - 19:04:06 - 	at java.base/java.util.jar.JarFile.getEntry(JarFile.java:518)
11.03.2023 - 19:04:06 - 	at java.base/java.util.jar.JarFile.getJarEntry(JarFile.java:473)
11.03.2023 - 19:04:06 - 	at org.bukkit.plugin.java.PluginClassLoader.findClass(PluginClassLoader.java:189)
11.03.2023 - 19:04:06 - 	at java.base/java.lang.ClassLoader.loadClass(ClassLoader.java:587)
11.03.2023 - 19:04:06 - 	at org.bukkit.plugin.java.PluginClassLoader.loadClass0(PluginClassLoader.java:129)
11.03.2023 - 19:04:06 - 	at org.bukkit.plugin.java.PluginClassLoader.loadClass(PluginClassLoader.java:124)
11.03.2023 - 19:04:06 - 	at java.base/java.lang.ClassLoader.loadClass(ClassLoader.java:520)
11.03.2023 - 19:04:06 - 	at spworlds-1.0-SNAPSHOT.jar//com.spworlds.utils.PlaceholderApis.onRequest(PlaceholderApis.java:33)
11.03.2023 - 19:04:06 - 	at PlaceholderAPI-2.11.2.jar//me.clip.placeholderapi.replacer.CharsReplacer.apply(CharsReplacer.java:119)
11.03.2023 - 19:04:06 - 	at PlaceholderAPI-2.11.2.jar//me.clip.placeholderapi.PlaceholderAPI.setPlaceholders(PlaceholderAPI.java:71)
11.03.2023 - 19:04:06 - 	at PlaceholderAPI-2.11.2.jar//me.clip.placeholderapi.PlaceholderAPI.setPlaceholders(PlaceholderAPI.java:99)
11.03.2023 - 19:04:06 - 	at TAB.v3.2.4.jar//me.neznamy.tab.platforms.bukkit.BukkitPlatform.lambda$registerUnknownPlaceholder$2(BukkitPlatform.java:179)
11.03.2023 - 19:04:06 - 	at TAB.v3.2.4.jar//me.neznamy.tab.shared.placeholders.PlayerPlaceholderImpl.request(PlayerPlaceholderImpl.java:130)
11.03.2023 - 19:04:06 - 	at TAB.v3.2.4.jar//me.neznamy.tab.shared.placeholders.PlayerPlaceholderImpl.update(PlayerPlaceholderImpl.java:53)
11.03.2023 - 19:04:06 - 	at TAB.v3.2.4.jar//me.neznamy.tab.shared.features.PlaceholderManagerImpl.updatePlayerPlaceholder(PlaceholderManagerImpl.java:117)
11.03.2023 - 19:04:06 - 	at TAB.v3.2.4.jar//me.neznamy.tab.shared.features.PlaceholderManagerImpl.refresh(PlaceholderManagerImpl.java:68)
11.03.2023 - 19:04:06 - 	at TAB.v3.2.4.jar//me.neznamy.tab.shared.CpuManager.lambda$runMeasuredTask$8(CpuManager.java:354)
11.03.2023 - 19:04:06 - 	at TAB.v3.2.4.jar//me.neznamy.tab.shared.CpuManager.lambda$submit$1(CpuManager.java:111)
11.03.2023 - 19:04:06 - 	at java.base/java.util.concurrent.Executors$RunnableAdapter.call(Executors.java:539)
11.03.2023 - 19:04:06 - 	at java.base/java.util.concurrent.FutureTask.run(FutureTask.java:264)
11.03.2023 - 19:04:06 - 	at java.base/java.util.concurrent.ThreadPoolExecutor.runWorker(ThreadPoolExecutor.java:1136)
11.03.2023 - 19:04:06 - 	at java.base/java.util.concurrent.ThreadPoolExecutor$Worker.run(ThreadPoolExecutor.java:635)
11.03.2023 - 19:04:06 - 	at java.base/java.lang.Thread.run(Thread.java:833)
11.03.2023 - 19:04:06 - [TAB v3.2.4] Player placeholder %spbuild_getstagestring% generated an error when setting for player Dalynkaa
11.03.2023 - 19:04:06 - java.lang.IllegalStateException: zip file closed
11.03.2023 - 19:04:06 - 	at java.base/java.util.zip.ZipFile.ensureOpen(ZipFile.java:831)
11.03.2023 - 19:04:06 - 	at java.base/java.util.zip.ZipFile.getEntry(ZipFile.java:330)
11.03.2023 - 19:04:06 - 	at java.base/java.util.jar.JarFile.getEntry(JarFile.java:518)
11.03.2023 - 19:04:06 - 	at java.base/java.util.jar.JarFile.getJarEntry(JarFile.java:473)
11.03.2023 - 19:04:06 - 	at org.bukkit.plugin.java.PluginClassLoader.findClass(PluginClassLoader.java:189)
11.03.2023 - 19:04:06 - 	at java.base/java.lang.ClassLoader.loadClass(ClassLoader.java:587)
11.03.2023 - 19:04:06 - 	at org.bukkit.plugin.java.PluginClassLoader.loadClass0(PluginClassLoader.java:129)
11.03.2023 - 19:04:06 - 	at org.bukkit.plugin.java.PluginClassLoader.loadClass(PluginClassLoader.java:124)
11.03.2023 - 19:04:06 - 	at java.base/java.lang.ClassLoader.loadClass(ClassLoader.java:520)
11.03.2023 - 19:04:06 - 	at spworlds-1.0-SNAPSHOT.jar//com.spworlds.utils.PlaceholderApis.onRequest(PlaceholderApis.java:33)
11.03.2023 - 19:04:06 - 	at PlaceholderAPI-2.11.2.jar//me.clip.placeholderapi.replacer.CharsReplacer.apply(CharsReplacer.java:119)
11.03.2023 - 19:04:06 - 	at PlaceholderAPI-2.11.2.jar//me.clip.placeholderapi.PlaceholderAPI.setPlaceholders(PlaceholderAPI.java:71)
11.03.2023 - 19:04:06 - 	at PlaceholderAPI-2.11.2.jar//me.clip.placeholderapi.PlaceholderAPI.setPlaceholders(PlaceholderAPI.java:99)
11.03.2023 - 19:04:06 - 	at TAB.v3.2.4.jar//me.neznamy.tab.platforms.bukkit.BukkitPlatform.lambda$registerUnknownPlaceholder$2(BukkitPlatform.java:179)
11.03.2023 - 19:04:06 - 	at TAB.v3.2.4.jar//me.neznamy.tab.shared.placeholders.PlayerPlaceholderImpl.request(PlayerPlaceholderImpl.java:130)
11.03.2023 - 19:04:06 - 	at TAB.v3.2.4.jar//me.neznamy.tab.shared.placeholders.PlayerPlaceholderImpl.update(PlayerPlaceholderImpl.java:53)
11.03.2023 - 19:04:06 - 	at TAB.v3.2.4.jar//me.neznamy.tab.shared.features.PlaceholderManagerImpl.updatePlayerPlaceholder(PlaceholderManagerImpl.java:117)
11.03.2023 - 19:04:06 - 	at TAB.v3.2.4.jar//me.neznamy.tab.shared.features.PlaceholderManagerImpl.refresh(PlaceholderManagerImpl.java:68)
11.03.2023 - 19:04:06 - 	at TAB.v3.2.4.jar//me.neznamy.tab.shared.CpuManager.lambda$runMeasuredTask$8(CpuManager.java:354)
11.03.2023 - 19:04:06 - 	at TAB.v3.2.4.jar//me.neznamy.tab.shared.CpuManager.lambda$submit$1(CpuManager.java:111)
11.03.2023 - 19:04:06 - 	at java.base/java.util.concurrent.Executors$RunnableAdapter.call(Executors.java:539)
11.03.2023 - 19:04:06 - 	at java.base/java.util.concurrent.FutureTask.run(FutureTask.java:264)
11.03.2023 - 19:04:06 - 	at java.base/java.util.concurrent.ThreadPoolExecutor.runWorker(ThreadPoolExecutor.java:1136)
11.03.2023 - 19:04:06 - 	at java.base/java.util.concurrent.ThreadPoolExecutor$Worker.run(ThreadPoolExecutor.java:635)
11.03.2023 - 19:04:06 - 	at java.base/java.lang.Thread.run(Thread.java:833)
11.03.2023 - 19:04:07 - [TAB v3.2.4] Player placeholder %spbuild_getstagestring% generated an error when setting for player Dalynkaa
11.03.2023 - 19:04:07 - java.lang.IllegalStateException: zip file closed
11.03.2023 - 19:04:07 - 	at java.base/java.util.zip.ZipFile.ensureOpen(ZipFile.java:831)
11.03.2023 - 19:04:07 - 	at java.base/java.util.zip.ZipFile.getEntry(ZipFile.java:330)
11.03.2023 - 19:04:07 - 	at java.base/java.util.jar.JarFile.getEntry(JarFile.java:518)
11.03.2023 - 19:04:07 - 	at java.base/java.util.jar.JarFile.getJarEntry(JarFile.java:473)
11.03.2023 - 19:04:07 - 	at org.bukkit.plugin.java.PluginClassLoader.findClass(PluginClassLoader.java:189)
11.03.2023 - 19:04:07 - 	at java.base/java.lang.ClassLoader.loadClass(ClassLoader.java:587)
11.03.2023 - 19:04:07 - 	at org.bukkit.plugin.java.PluginClassLoader.loadClass0(PluginClassLoader.java:129)
11.03.2023 - 19:04:07 - 	at org.bukkit.plugin.java.PluginClassLoader.loadClass(PluginClassLoader.java:124)
11.03.2023 - 19:04:07 - 	at java.base/java.lang.ClassLoader.loadClass(ClassLoader.java:520)
11.03.2023 - 19:04:07 - 	at spworlds-1.0-SNAPSHOT.jar//com.spworlds.utils.PlaceholderApis.onRequest(PlaceholderApis.java:33)
11.03.2023 - 19:04:07 - 	at PlaceholderAPI-2.11.2.jar//me.clip.placeholderapi.replacer.CharsReplacer.apply(CharsReplacer.java:119)
11.03.2023 - 19:04:07 - 	at PlaceholderAPI-2.11.2.jar//me.clip.placeholderapi.PlaceholderAPI.setPlaceholders(PlaceholderAPI.java:71)
11.03.2023 - 19:04:07 - 	at PlaceholderAPI-2.11.2.jar//me.clip.placeholderapi.PlaceholderAPI.setPlaceholders(PlaceholderAPI.java:99)
11.03.2023 - 19:04:07 - 	at TAB.v3.2.4.jar//me.neznamy.tab.platforms.bukkit.BukkitPlatform.lambda$registerUnknownPlaceholder$2(BukkitPlatform.java:179)
11.03.2023 - 19:04:07 - 	at TAB.v3.2.4.jar//me.neznamy.tab.shared.placeholders.PlayerPlaceholderImpl.request(PlayerPlaceholderImpl.java:130)
11.03.2023 - 19:04:07 - 	at TAB.v3.2.4.jar//me.neznamy.tab.shared.placeholders.PlayerPlaceholderImpl.update(PlayerPlaceholderImpl.java:53)
11.03.2023 - 19:04:07 - 	at TAB.v3.2.4.jar//me.neznamy.tab.shared.features.PlaceholderManagerImpl.updatePlayerPlaceholder(PlaceholderManagerImpl.java:117)
11.03.2023 - 19:04:07 - 	at TAB.v3.2.4.jar//me.neznamy.tab.shared.features.PlaceholderManagerImpl.refresh(PlaceholderManagerImpl.java:68)
11.03.2023 - 19:04:07 - 	at TAB.v3.2.4.jar//me.neznamy.tab.shared.CpuManager.lambda$runMeasuredTask$8(CpuManager.java:354)
11.03.2023 - 19:04:07 - 	at TAB.v3.2.4.jar//me.neznamy.tab.shared.CpuManager.lambda$submit$1(CpuManager.java:111)
11.03.2023 - 19:04:07 - 	at java.base/java.util.concurrent.Executors$RunnableAdapter.call(Executors.java:539)
11.03.2023 - 19:04:07 - 	at java.base/java.util.concurrent.FutureTask.run(FutureTask.java:264)
11.03.2023 - 19:04:07 - 	at java.base/java.util.concurrent.ThreadPoolExecutor.runWorker(ThreadPoolExecutor.java:1136)
11.03.2023 - 19:04:07 - 	at java.base/java.util.concurrent.ThreadPoolExecutor$Worker.run(ThreadPoolExecutor.java:635)
11.03.2023 - 19:04:07 - 	at java.base/java.lang.Thread.run(Thread.java:833)
11.03.2023 - 19:04:07 - [TAB v3.2.4] Player placeholder %spbuild_getstagestring% generated an error when setting for player Dalynkaa
11.03.2023 - 19:04:07 - java.lang.IllegalStateException: zip file closed
11.03.2023 - 19:04:07 - 	at java.base/java.util.zip.ZipFile.ensureOpen(ZipFile.java:831)
11.03.2023 - 19:04:07 - 	at java.base/java.util.zip.ZipFile.getEntry(ZipFile.java:330)
11.03.2023 - 19:04:07 - 	at java.base/java.util.jar.JarFile.getEntry(JarFile.java:518)
11.03.2023 - 19:04:07 - 	at java.base/java.util.jar.JarFile.getJarEntry(JarFile.java:473)
11.03.2023 - 19:04:07 - 	at org.bukkit.plugin.java.PluginClassLoader.findClass(PluginClassLoader.java:189)
11.03.2023 - 19:04:07 - 	at java.base/java.lang.ClassLoader.loadClass(ClassLoader.java:587)
11.03.2023 - 19:04:07 - 	at org.bukkit.plugin.java.PluginClassLoader.loadClass0(PluginClassLoader.java:129)
11.03.2023 - 19:04:07 - 	at org.bukkit.plugin.java.PluginClassLoader.loadClass(PluginClassLoader.java:124)
11.03.2023 - 19:04:07 - 	at java.base/java.lang.ClassLoader.loadClass(ClassLoader.java:520)
11.03.2023 - 19:04:07 - 	at spworlds-1.0-SNAPSHOT.jar//com.spworlds.utils.PlaceholderApis.onRequest(PlaceholderApis.java:33)
11.03.2023 - 19:04:07 - 	at PlaceholderAPI-2.11.2.jar//me.clip.placeholderapi.replacer.CharsReplacer.apply(CharsReplacer.java:119)
11.03.2023 - 19:04:07 - 	at PlaceholderAPI-2.11.2.jar//me.clip.placeholderapi.PlaceholderAPI.setPlaceholders(PlaceholderAPI.java:71)
11.03.2023 - 19:04:07 - 	at PlaceholderAPI-2.11.2.jar//me.clip.placeholderapi.PlaceholderAPI.setPlaceholders(PlaceholderAPI.java:99)
11.03.2023 - 19:04:07 - 	at TAB.v3.2.4.jar//me.neznamy.tab.platforms.bukkit.BukkitPlatform.lambda$registerUnknownPlaceholder$2(BukkitPlatform.java:179)
11.03.2023 - 19:04:07 - 	at TAB.v3.2.4.jar//me.neznamy.tab.shared.placeholders.PlayerPlaceholderImpl.request(PlayerPlaceholderImpl.java:130)
11.03.2023 - 19:04:07 - 	at TAB.v3.2.4.jar//me.neznamy.tab.shared.placeholders.PlayerPlaceholderImpl.update(PlayerPlaceholderImpl.java:53)
11.03.2023 - 19:04:07 - 	at TAB.v3.2.4.jar//me.neznamy.tab.shared.features.PlaceholderManagerImpl.updatePlayerPlaceholder(PlaceholderManagerImpl.java:117)
11.03.2023 - 19:04:07 - 	at TAB.v3.2.4.jar//me.neznamy.tab.shared.features.PlaceholderManagerImpl.refresh(PlaceholderManagerImpl.java:68)
11.03.2023 - 19:04:07 - 	at TAB.v3.2.4.jar//me.neznamy.tab.shared.CpuManager.lambda$runMeasuredTask$8(CpuManager.java:354)
11.03.2023 - 19:04:07 - 	at TAB.v3.2.4.jar//me.neznamy.tab.shared.CpuManager.lambda$submit$1(CpuManager.java:111)
11.03.2023 - 19:04:07 - 	at java.base/java.util.concurrent.Executors$RunnableAdapter.call(Executors.java:539)
11.03.2023 - 19:04:07 - 	at java.base/java.util.concurrent.FutureTask.run(FutureTask.java:264)
11.03.2023 - 19:04:07 - 	at java.base/java.util.concurrent.ThreadPoolExecutor.runWorker(ThreadPoolExecutor.java:1136)
11.03.2023 - 19:04:07 - 	at java.base/java.util.concurrent.ThreadPoolExecutor$Worker.run(ThreadPoolExecutor.java:635)
11.03.2023 - 19:04:07 - 	at java.base/java.lang.Thread.run(Thread.java:833)
11.03.2023 - 19:04:08 - [TAB v3.2.4] Player placeholder %spbuild_getstagestring% generated an error when setting for player Dalynkaa
11.03.2023 - 19:04:08 - java.lang.IllegalStateException: zip file closed
11.03.2023 - 19:04:08 - 	at java.base/java.util.zip.ZipFile.ensureOpen(ZipFile.java:831)
11.03.2023 - 19:04:08 - 	at java.base/java.util.zip.ZipFile.getEntry(ZipFile.java:330)
11.03.2023 - 19:04:08 - 	at java.base/java.util.jar.JarFile.getEntry(JarFile.java:518)
11.03.2023 - 19:04:08 - 	at java.base/java.util.jar.JarFile.getJarEntry(JarFile.java:473)
11.03.2023 - 19:04:08 - 	at org.bukkit.plugin.java.PluginClassLoader.findClass(PluginClassLoader.java:189)
11.03.2023 - 19:04:08 - 	at java.base/java.lang.ClassLoader.loadClass(ClassLoader.java:587)
11.03.2023 - 19:04:08 - 	at org.bukkit.plugin.java.PluginClassLoader.loadClass0(PluginClassLoader.java:129)
11.03.2023 - 19:04:08 - 	at org.bukkit.plugin.java.PluginClassLoader.loadClass(PluginClassLoader.java:124)
11.03.2023 - 19:04:08 - 	at java.base/java.lang.ClassLoader.loadClass(ClassLoader.java:520)
11.03.2023 - 19:04:08 - 	at spworlds-1.0-SNAPSHOT.jar//com.spworlds.utils.PlaceholderApis.onRequest(PlaceholderApis.java:33)
11.03.2023 - 19:04:08 - 	at PlaceholderAPI-2.11.2.jar//me.clip.placeholderapi.replacer.CharsReplacer.apply(CharsReplacer.java:119)
11.03.2023 - 19:04:08 - 	at PlaceholderAPI-2.11.2.jar//me.clip.placeholderapi.PlaceholderAPI.setPlaceholders(PlaceholderAPI.java:71)
11.03.2023 - 19:04:08 - 	at PlaceholderAPI-2.11.2.jar//me.clip.placeholderapi.PlaceholderAPI.setPlaceholders(PlaceholderAPI.java:99)
11.03.2023 - 19:04:08 - 	at TAB.v3.2.4.jar//me.neznamy.tab.platforms.bukkit.BukkitPlatform.lambda$registerUnknownPlaceholder$2(BukkitPlatform.java:179)
11.03.2023 - 19:04:08 - 	at TAB.v3.2.4.jar//me.neznamy.tab.shared.placeholders.PlayerPlaceholderImpl.request(PlayerPlaceholderImpl.java:130)
11.03.2023 - 19:04:08 - 	at TAB.v3.2.4.jar//me.neznamy.tab.shared.placeholders.PlayerPlaceholderImpl.update(PlayerPlaceholderImpl.java:53)
11.03.2023 - 19:04:08 - 	at TAB.v3.2.4.jar//me.neznamy.tab.shared.features.PlaceholderManagerImpl.updatePlayerPlaceholder(PlaceholderManagerImpl.java:117)
11.03.2023 - 19:04:08 - 	at TAB.v3.2.4.jar//me.neznamy.tab.shared.features.PlaceholderManagerImpl.refresh(PlaceholderManagerImpl.java:68)
11.03.2023 - 19:04:08 - 	at TAB.v3.2.4.jar//me.neznamy.tab.shared.CpuManager.lambda$runMeasuredTask$8(CpuManager.java:354)
11.03.2023 - 19:04:08 - 	at TAB.v3.2.4.jar//me.neznamy.tab.shared.CpuManager.lambda$submit$1(CpuManager.java:111)
11.03.2023 - 19:04:08 - 	at java.base/java.util.concurrent.Executors$RunnableAdapter.call(Executors.java:539)
11.03.2023 - 19:04:08 - 	at java.base/java.util.concurrent.FutureTask.run(FutureTask.java:264)
11.03.2023 - 19:04:08 - 	at java.base/java.util.concurrent.ThreadPoolExecutor.runWorker(ThreadPoolExecutor.java:1136)
11.03.2023 - 19:04:08 - 	at java.base/java.util.concurrent.ThreadPoolExecutor$Worker.run(ThreadPoolExecutor.java:635)
11.03.2023 - 19:04:08 - 	at java.base/java.lang.Thread.run(Thread.java:833)
11.03.2023 - 19:04:08 - [TAB v3.2.4] Player placeholder %spbuild_getstagestring% generated an error when setting for player Dalynkaa
11.03.2023 - 19:04:08 - java.lang.IllegalStateException: zip file closed
11.03.2023 - 19:04:08 - 	at java.base/java.util.zip.ZipFile.ensureOpen(ZipFile.java:831)
11.03.2023 - 19:04:08 - 	at java.base/java.util.zip.ZipFile.getEntry(ZipFile.java:330)
11.03.2023 - 19:04:08 - 	at java.base/java.util.jar.JarFile.getEntry(JarFile.java:518)
11.03.2023 - 19:04:08 - 	at java.base/java.util.jar.JarFile.getJarEntry(JarFile.java:473)
11.03.2023 - 19:04:08 - 	at org.bukkit.plugin.java.PluginClassLoader.findClass(PluginClassLoader.java:189)
11.03.2023 - 19:04:08 - 	at java.base/java.lang.ClassLoader.loadClass(ClassLoader.java:587)
11.03.2023 - 19:04:08 - 	at org.bukkit.plugin.java.PluginClassLoader.loadClass0(PluginClassLoader.java:129)
11.03.2023 - 19:04:08 - 	at org.bukkit.plugin.java.PluginClassLoader.loadClass(PluginClassLoader.java:124)
11.03.2023 - 19:04:08 - 	at java.base/java.lang.ClassLoader.loadClass(ClassLoader.java:520)
11.03.2023 - 19:04:08 - 	at spworlds-1.0-SNAPSHOT.jar//com.spworlds.utils.PlaceholderApis.onRequest(PlaceholderApis.java:33)
11.03.2023 - 19:04:08 - 	at PlaceholderAPI-2.11.2.jar//me.clip.placeholderapi.replacer.CharsReplacer.apply(CharsReplacer.java:119)
11.03.2023 - 19:04:08 - 	at PlaceholderAPI-2.11.2.jar//me.clip.placeholderapi.PlaceholderAPI.setPlaceholders(PlaceholderAPI.java:71)
11.03.2023 - 19:04:08 - 	at PlaceholderAPI-2.11.2.jar//me.clip.placeholderapi.PlaceholderAPI.setPlaceholders(PlaceholderAPI.java:99)
11.03.2023 - 19:04:08 - 	at TAB.v3.2.4.jar//me.neznamy.tab.platforms.bukkit.BukkitPlatform.lambda$registerUnknownPlaceholder$2(BukkitPlatform.java:179)
11.03.2023 - 19:04:08 - 	at TAB.v3.2.4.jar//me.neznamy.tab.shared.placeholders.PlayerPlaceholderImpl.request(PlayerPlaceholderImpl.java:130)
11.03.2023 - 19:04:08 - 	at TAB.v3.2.4.jar//me.neznamy.tab.shared.placeholders.PlayerPlaceholderImpl.update(PlayerPlaceholderImpl.java:53)
11.03.2023 - 19:04:08 - 	at TAB.v3.2.4.jar//me.neznamy.tab.shared.features.PlaceholderManagerImpl.updatePlayerPlaceholder(PlaceholderManagerImpl.java:117)
11.03.2023 - 19:04:08 - 	at TAB.v3.2.4.jar//me.neznamy.tab.shared.features.PlaceholderManagerImpl.refresh(PlaceholderManagerImpl.java:68)
11.03.2023 - 19:04:08 - 	at TAB.v3.2.4.jar//me.neznamy.tab.shared.CpuManager.lambda$runMeasuredTask$8(CpuManager.java:354)
11.03.2023 - 19:04:08 - 	at TAB.v3.2.4.jar//me.neznamy.tab.shared.CpuManager.lambda$submit$1(CpuManager.java:111)
11.03.2023 - 19:04:08 - 	at java.base/java.util.concurrent.Executors$RunnableAdapter.call(Executors.java:539)
11.03.2023 - 19:04:08 - 	at java.base/java.util.concurrent.FutureTask.run(FutureTask.java:264)
11.03.2023 - 19:04:08 - 	at java.base/java.util.concurrent.ThreadPoolExecutor.runWorker(ThreadPoolExecutor.java:1136)
11.03.2023 - 19:04:08 - 	at java.base/java.util.concurrent.ThreadPoolExecutor$Worker.run(ThreadPoolExecutor.java:635)
11.03.2023 - 19:04:08 - 	at java.base/java.lang.Thread.run(Thread.java:833)
11.03.2023 - 19:04:09 - [TAB v3.2.4] Player placeholder %spbuild_getstagestring% generated an error when setting for player Dalynkaa
11.03.2023 - 19:04:09 - java.lang.IllegalStateException: zip file closed
11.03.2023 - 19:04:09 - 	at java.base/java.util.zip.ZipFile.ensureOpen(ZipFile.java:831)
11.03.2023 - 19:04:09 - 	at java.base/java.util.zip.ZipFile.getEntry(ZipFile.java:330)
11.03.2023 - 19:04:09 - 	at java.base/java.util.jar.JarFile.getEntry(JarFile.java:518)
11.03.2023 - 19:04:09 - 	at java.base/java.util.jar.JarFile.getJarEntry(JarFile.java:473)
11.03.2023 - 19:04:09 - 	at org.bukkit.plugin.java.PluginClassLoader.findClass(PluginClassLoader.java:189)
11.03.2023 - 19:04:09 - 	at java.base/java.lang.ClassLoader.loadClass(ClassLoader.java:587)
11.03.2023 - 19:04:09 - 	at org.bukkit.plugin.java.PluginClassLoader.loadClass0(PluginClassLoader.java:129)
11.03.2023 - 19:04:09 - 	at org.bukkit.plugin.java.PluginClassLoader.loadClass(PluginClassLoader.java:124)
11.03.2023 - 19:04:09 - 	at java.base/java.lang.ClassLoader.loadClass(ClassLoader.java:520)
11.03.2023 - 19:04:09 - 	at spworlds-1.0-SNAPSHOT.jar//com.spworlds.utils.PlaceholderApis.onRequest(PlaceholderApis.java:33)
11.03.2023 - 19:04:09 - 	at PlaceholderAPI-2.11.2.jar//me.clip.placeholderapi.replacer.CharsReplacer.apply(CharsReplacer.java:119)
11.03.2023 - 19:04:09 - 	at PlaceholderAPI-2.11.2.jar//me.clip.placeholderapi.PlaceholderAPI.setPlaceholders(PlaceholderAPI.java:71)
11.03.2023 - 19:04:09 - 	at PlaceholderAPI-2.11.2.jar//me.clip.placeholderapi.PlaceholderAPI.setPlaceholders(PlaceholderAPI.java:99)
11.03.2023 - 19:04:09 - 	at TAB.v3.2.4.jar//me.neznamy.tab.platforms.bukkit.BukkitPlatform.lambda$registerUnknownPlaceholder$2(BukkitPlatform.java:179)
11.03.2023 - 19:04:09 - 	at TAB.v3.2.4.jar//me.neznamy.tab.shared.placeholders.PlayerPlaceholderImpl.request(PlayerPlaceholderImpl.java:130)
11.03.2023 - 19:04:09 - 	at TAB.v3.2.4.jar//me.neznamy.tab.shared.placeholders.PlayerPlaceholderImpl.update(PlayerPlaceholderImpl.java:53)
11.03.2023 - 19:04:09 - 	at TAB.v3.2.4.jar//me.neznamy.tab.shared.features.PlaceholderManagerImpl.updatePlayerPlaceholder(PlaceholderManagerImpl.java:117)
11.03.2023 - 19:04:09 - 	at TAB.v3.2.4.jar//me.neznamy.tab.shared.features.PlaceholderManagerImpl.refresh(PlaceholderManagerImpl.java:68)
11.03.2023 - 19:04:09 - 	at TAB.v3.2.4.jar//me.neznamy.tab.shared.CpuManager.lambda$runMeasuredTask$8(CpuManager.java:354)
11.03.2023 - 19:04:09 - 	at TAB.v3.2.4.jar//me.neznamy.tab.shared.CpuManager.lambda$submit$1(CpuManager.java:111)
11.03.2023 - 19:04:09 - 	at java.base/java.util.concurrent.Executors$RunnableAdapter.call(Executors.java:539)
11.03.2023 - 19:04:09 - 	at java.base/java.util.concurrent.FutureTask.run(FutureTask.java:264)
11.03.2023 - 19:04:09 - 	at java.base/java.util.concurrent.ThreadPoolExecutor.runWorker(ThreadPoolExecutor.java:1136)
11.03.2023 - 19:04:09 - 	at java.base/java.util.concurrent.ThreadPoolExecutor$Worker.run(ThreadPoolExecutor.java:635)
11.03.2023 - 19:04:09 - 	at java.base/java.lang.Thread.run(Thread.java:833)
11.03.2023 - 19:04:09 - [TAB v3.2.4] Player placeholder %spbuild_getstagestring% generated an error when setting for player Dalynkaa
11.03.2023 - 19:04:09 - java.lang.IllegalStateException: zip file closed
11.03.2023 - 19:04:09 - 	at java.base/java.util.zip.ZipFile.ensureOpen(ZipFile.java:831)
11.03.2023 - 19:04:09 - 	at java.base/java.util.zip.ZipFile.getEntry(ZipFile.java:330)
11.03.2023 - 19:04:09 - 	at java.base/java.util.jar.JarFile.getEntry(JarFile.java:518)
11.03.2023 - 19:04:09 - 	at java.base/java.util.jar.JarFile.getJarEntry(JarFile.java:473)
11.03.2023 - 19:04:09 - 	at org.bukkit.plugin.java.PluginClassLoader.findClass(PluginClassLoader.java:189)
11.03.2023 - 19:04:09 - 	at java.base/java.lang.ClassLoader.loadClass(ClassLoader.java:587)
11.03.2023 - 19:04:09 - 	at org.bukkit.plugin.java.PluginClassLoader.loadClass0(PluginClassLoader.java:129)
11.03.2023 - 19:04:09 - 	at org.bukkit.plugin.java.PluginClassLoader.loadClass(PluginClassLoader.java:124)
11.03.2023 - 19:04:09 - 	at java.base/java.lang.ClassLoader.loadClass(ClassLoader.java:520)
11.03.2023 - 19:04:09 - 	at spworlds-1.0-SNAPSHOT.jar//com.spworlds.utils.PlaceholderApis.onRequest(PlaceholderApis.java:33)
11.03.2023 - 19:04:09 - 	at PlaceholderAPI-2.11.2.jar//me.clip.placeholderapi.replacer.CharsReplacer.apply(CharsReplacer.java:119)
11.03.2023 - 19:04:09 - 	at PlaceholderAPI-2.11.2.jar//me.clip.placeholderapi.PlaceholderAPI.setPlaceholders(PlaceholderAPI.java:71)
11.03.2023 - 19:04:09 - 	at PlaceholderAPI-2.11.2.jar//me.clip.placeholderapi.PlaceholderAPI.setPlaceholders(PlaceholderAPI.java:99)
11.03.2023 - 19:04:09 - 	at TAB.v3.2.4.jar//me.neznamy.tab.platforms.bukkit.BukkitPlatform.lambda$registerUnknownPlaceholder$2(BukkitPlatform.java:179)
11.03.2023 - 19:04:09 - 	at TAB.v3.2.4.jar//me.neznamy.tab.shared.placeholders.PlayerPlaceholderImpl.request(PlayerPlaceholderImpl.java:130)
11.03.2023 - 19:04:09 - 	at TAB.v3.2.4.jar//me.neznamy.tab.shared.placeholders.PlayerPlaceholderImpl.update(PlayerPlaceholderImpl.java:53)
11.03.2023 - 19:04:09 - 	at TAB.v3.2.4.jar//me.neznamy.tab.shared.features.PlaceholderManagerImpl.updatePlayerPlaceholder(PlaceholderManagerImpl.java:117)
11.03.2023 - 19:04:09 - 	at TAB.v3.2.4.jar//me.neznamy.tab.shared.features.PlaceholderManagerImpl.refresh(PlaceholderManagerImpl.java:68)
11.03.2023 - 19:04:09 - 	at TAB.v3.2.4.jar//me.neznamy.tab.shared.CpuManager.lambda$runMeasuredTask$8(CpuManager.java:354)
11.03.2023 - 19:04:09 - 	at TAB.v3.2.4.jar//me.neznamy.tab.shared.CpuManager.lambda$submit$1(CpuManager.java:111)
11.03.2023 - 19:04:09 - 	at java.base/java.util.concurrent.Executors$RunnableAdapter.call(Executors.java:539)
11.03.2023 - 19:04:09 - 	at java.base/java.util.concurrent.FutureTask.run(FutureTask.java:264)
11.03.2023 - 19:04:09 - 	at java.base/java.util.concurrent.ThreadPoolExecutor.runWorker(ThreadPoolExecutor.java:1136)
11.03.2023 - 19:04:09 - 	at java.base/java.util.concurrent.ThreadPoolExecutor$Worker.run(ThreadPoolExecutor.java:635)
11.03.2023 - 19:04:09 - 	at java.base/java.lang.Thread.run(Thread.java:833)
11.03.2023 - 19:04:10 - [TAB v3.2.4] Player placeholder %spbuild_getstagestring% generated an error when setting for player Dalynkaa
11.03.2023 - 19:04:10 - java.lang.IllegalStateException: zip file closed
11.03.2023 - 19:04:10 - 	at java.base/java.util.zip.ZipFile.ensureOpen(ZipFile.java:831)
11.03.2023 - 19:04:10 - 	at java.base/java.util.zip.ZipFile.getEntry(ZipFile.java:330)
11.03.2023 - 19:04:10 - 	at java.base/java.util.jar.JarFile.getEntry(JarFile.java:518)
11.03.2023 - 19:04:10 - 	at java.base/java.util.jar.JarFile.getJarEntry(JarFile.java:473)
11.03.2023 - 19:04:10 - 	at org.bukkit.plugin.java.PluginClassLoader.findClass(PluginClassLoader.java:189)
11.03.2023 - 19:04:10 - 	at java.base/java.lang.ClassLoader.loadClass(ClassLoader.java:587)
11.03.2023 - 19:04:10 - 	at org.bukkit.plugin.java.PluginClassLoader.loadClass0(PluginClassLoader.java:129)
11.03.2023 - 19:04:10 - 	at org.bukkit.plugin.java.PluginClassLoader.loadClass(PluginClassLoader.java:124)
11.03.2023 - 19:04:10 - 	at java.base/java.lang.ClassLoader.loadClass(ClassLoader.java:520)
11.03.2023 - 19:04:10 - 	at spworlds-1.0-SNAPSHOT.jar//com.spworlds.utils.PlaceholderApis.onRequest(PlaceholderApis.java:33)
11.03.2023 - 19:04:10 - 	at PlaceholderAPI-2.11.2.jar//me.clip.placeholderapi.replacer.CharsReplacer.apply(CharsReplacer.java:119)
11.03.2023 - 19:04:10 - 	at PlaceholderAPI-2.11.2.jar//me.clip.placeholderapi.PlaceholderAPI.setPlaceholders(PlaceholderAPI.java:71)
11.03.2023 - 19:04:10 - 	at PlaceholderAPI-2.11.2.jar//me.clip.placeholderapi.PlaceholderAPI.setPlaceholders(PlaceholderAPI.java:99)
11.03.2023 - 19:04:10 - 	at TAB.v3.2.4.jar//me.neznamy.tab.platforms.bukkit.BukkitPlatform.lambda$registerUnknownPlaceholder$2(BukkitPlatform.java:179)
11.03.2023 - 19:04:10 - 	at TAB.v3.2.4.jar//me.neznamy.tab.shared.placeholders.PlayerPlaceholderImpl.request(PlayerPlaceholderImpl.java:130)
11.03.2023 - 19:04:10 - 	at TAB.v3.2.4.jar//me.neznamy.tab.shared.placeholders.PlayerPlaceholderImpl.update(PlayerPlaceholderImpl.java:53)
11.03.2023 - 19:04:10 - 	at TAB.v3.2.4.jar//me.neznamy.tab.shared.features.PlaceholderManagerImpl.updatePlayerPlaceholder(PlaceholderManagerImpl.java:117)
11.03.2023 - 19:04:10 - 	at TAB.v3.2.4.jar//me.neznamy.tab.shared.features.PlaceholderManagerImpl.refresh(PlaceholderManagerImpl.java:68)
11.03.2023 - 19:04:10 - 	at TAB.v3.2.4.jar//me.neznamy.tab.shared.CpuManager.lambda$runMeasuredTask$8(CpuManager.java:354)
11.03.2023 - 19:04:10 - 	at TAB.v3.2.4.jar//me.neznamy.tab.shared.CpuManager.lambda$submit$1(CpuManager.java:111)
11.03.2023 - 19:04:10 - 	at java.base/java.util.concurrent.Executors$RunnableAdapter.call(Executors.java:539)
11.03.2023 - 19:04:10 - 	at java.base/java.util.concurrent.FutureTask.run(FutureTask.java:264)
11.03.2023 - 19:04:10 - 	at java.base/java.util.concurrent.ThreadPoolExecutor.runWorker(ThreadPoolExecutor.java:1136)
11.03.2023 - 19:04:10 - 	at java.base/java.util.concurrent.ThreadPoolExecutor$Worker.run(ThreadPoolExecutor.java:635)
11.03.2023 - 19:04:10 - 	at java.base/java.lang.Thread.run(Thread.java:833)
11.03.2023 - 19:04:10 - [TAB v3.2.4] Player placeholder %spbuild_getstagestring% generated an error when setting for player Dalynkaa
11.03.2023 - 19:04:10 - java.lang.IllegalStateException: zip file closed
11.03.2023 - 19:04:10 - 	at java.base/java.util.zip.ZipFile.ensureOpen(ZipFile.java:831)
11.03.2023 - 19:04:10 - 	at java.base/java.util.zip.ZipFile.getEntry(ZipFile.java:330)
11.03.2023 - 19:04:10 - 	at java.base/java.util.jar.JarFile.getEntry(JarFile.java:518)
11.03.2023 - 19:04:10 - 	at java.base/java.util.jar.JarFile.getJarEntry(JarFile.java:473)
11.03.2023 - 19:04:10 - 	at org.bukkit.plugin.java.PluginClassLoader.findClass(PluginClassLoader.java:189)
11.03.2023 - 19:04:10 - 	at java.base/java.lang.ClassLoader.loadClass(ClassLoader.java:587)
11.03.2023 - 19:04:10 - 	at org.bukkit.plugin.java.PluginClassLoader.loadClass0(PluginClassLoader.java:129)
11.03.2023 - 19:04:10 - 	at org.bukkit.plugin.java.PluginClassLoader.loadClass(PluginClassLoader.java:124)
11.03.2023 - 19:04:10 - 	at java.base/java.lang.ClassLoader.loadClass(ClassLoader.java:520)
11.03.2023 - 19:04:10 - 	at spworlds-1.0-SNAPSHOT.jar//com.spworlds.utils.PlaceholderApis.onRequest(PlaceholderApis.java:33)
11.03.2023 - 19:04:10 - 	at PlaceholderAPI-2.11.2.jar//me.clip.placeholderapi.replacer.CharsReplacer.apply(CharsReplacer.java:119)
11.03.2023 - 19:04:10 - 	at PlaceholderAPI-2.11.2.jar//me.clip.placeholderapi.PlaceholderAPI.setPlaceholders(PlaceholderAPI.java:71)
11.03.2023 - 19:04:10 - 	at PlaceholderAPI-2.11.2.jar//me.clip.placeholderapi.PlaceholderAPI.setPlaceholders(PlaceholderAPI.java:99)
11.03.2023 - 19:04:10 - 	at TAB.v3.2.4.jar//me.neznamy.tab.platforms.bukkit.BukkitPlatform.lambda$registerUnknownPlaceholder$2(BukkitPlatform.java:179)
11.03.2023 - 19:04:10 - 	at TAB.v3.2.4.jar//me.neznamy.tab.shared.placeholders.PlayerPlaceholderImpl.request(PlayerPlaceholderImpl.java:130)
11.03.2023 - 19:04:10 - 	at TAB.v3.2.4.jar//me.neznamy.tab.shared.placeholders.PlayerPlaceholderImpl.update(PlayerPlaceholderImpl.java:53)
11.03.2023 - 19:04:10 - 	at TAB.v3.2.4.jar//me.neznamy.tab.shared.features.PlaceholderManagerImpl.updatePlayerPlaceholder(PlaceholderManagerImpl.java:117)
11.03.2023 - 19:04:10 - 	at TAB.v3.2.4.jar//me.neznamy.tab.shared.features.PlaceholderManagerImpl.refresh(PlaceholderManagerImpl.java:68)
11.03.2023 - 19:04:10 - 	at TAB.v3.2.4.jar//me.neznamy.tab.shared.CpuManager.lambda$runMeasuredTask$8(CpuManager.java:354)
11.03.2023 - 19:04:10 - 	at TAB.v3.2.4.jar//me.neznamy.tab.shared.CpuManager.lambda$submit$1(CpuManager.java:111)
11.03.2023 - 19:04:10 - 	at java.base/java.util.concurrent.Executors$RunnableAdapter.call(Executors.java:539)
11.03.2023 - 19:04:10 - 	at java.base/java.util.concurrent.FutureTask.run(FutureTask.java:264)
11.03.2023 - 19:04:10 - 	at java.base/java.util.concurrent.ThreadPoolExecutor.runWorker(ThreadPoolExecutor.java:1136)
11.03.2023 - 19:04:10 - 	at java.base/java.util.concurrent.ThreadPoolExecutor$Worker.run(ThreadPoolExecutor.java:635)
11.03.2023 - 19:04:10 - 	at java.base/java.lang.Thread.run(Thread.java:833)
11.03.2023 - 19:04:11 - [TAB v3.2.4] Player placeholder %spbuild_getstagestring% generated an error when setting for player Dalynkaa
11.03.2023 - 19:04:11 - java.lang.IllegalStateException: zip file closed
11.03.2023 - 19:04:11 - 	at java.base/java.util.zip.ZipFile.ensureOpen(ZipFile.java:831)
11.03.2023 - 19:04:11 - 	at java.base/java.util.zip.ZipFile.getEntry(ZipFile.java:330)
11.03.2023 - 19:04:11 - 	at java.base/java.util.jar.JarFile.getEntry(JarFile.java:518)
11.03.2023 - 19:04:11 - 	at java.base/java.util.jar.JarFile.getJarEntry(JarFile.java:473)
11.03.2023 - 19:04:11 - 	at org.bukkit.plugin.java.PluginClassLoader.findClass(PluginClassLoader.java:189)
11.03.2023 - 19:04:11 - 	at java.base/java.lang.ClassLoader.loadClass(ClassLoader.java:587)
11.03.2023 - 19:04:11 - 	at org.bukkit.plugin.java.PluginClassLoader.loadClass0(PluginClassLoader.java:129)
11.03.2023 - 19:04:11 - 	at org.bukkit.plugin.java.PluginClassLoader.loadClass(PluginClassLoader.java:124)
11.03.2023 - 19:04:11 - 	at java.base/java.lang.ClassLoader.loadClass(ClassLoader.java:520)
11.03.2023 - 19:04:11 - 	at spworlds-1.0-SNAPSHOT.jar//com.spworlds.utils.PlaceholderApis.onRequest(PlaceholderApis.java:33)
11.03.2023 - 19:04:11 - 	at PlaceholderAPI-2.11.2.jar//me.clip.placeholderapi.replacer.CharsReplacer.apply(CharsReplacer.java:119)
11.03.2023 - 19:04:11 - 	at PlaceholderAPI-2.11.2.jar//me.clip.placeholderapi.PlaceholderAPI.setPlaceholders(PlaceholderAPI.java:71)
11.03.2023 - 19:04:11 - 	at PlaceholderAPI-2.11.2.jar//me.clip.placeholderapi.PlaceholderAPI.setPlaceholders(PlaceholderAPI.java:99)
11.03.2023 - 19:04:11 - 	at TAB.v3.2.4.jar//me.neznamy.tab.platforms.bukkit.BukkitPlatform.lambda$registerUnknownPlaceholder$2(BukkitPlatform.java:179)
11.03.2023 - 19:04:11 - 	at TAB.v3.2.4.jar//me.neznamy.tab.shared.placeholders.PlayerPlaceholderImpl.request(PlayerPlaceholderImpl.java:130)
11.03.2023 - 19:04:11 - 	at TAB.v3.2.4.jar//me.neznamy.tab.shared.placeholders.PlayerPlaceholderImpl.update(PlayerPlaceholderImpl.java:53)
11.03.2023 - 19:04:11 - 	at TAB.v3.2.4.jar//me.neznamy.tab.shared.features.PlaceholderManagerImpl.updatePlayerPlaceholder(PlaceholderManagerImpl.java:117)
11.03.2023 - 19:04:11 - 	at TAB.v3.2.4.jar//me.neznamy.tab.shared.features.PlaceholderManagerImpl.refresh(PlaceholderManagerImpl.java:68)
11.03.2023 - 19:04:11 - 	at TAB.v3.2.4.jar//me.neznamy.tab.shared.CpuManager.lambda$runMeasuredTask$8(CpuManager.java:354)
11.03.2023 - 19:04:11 - 	at TAB.v3.2.4.jar//me.neznamy.tab.shared.CpuManager.lambda$submit$1(CpuManager.java:111)
11.03.2023 - 19:04:11 - 	at java.base/java.util.concurrent.Executors$RunnableAdapter.call(Executors.java:539)
11.03.2023 - 19:04:11 - 	at java.base/java.util.concurrent.FutureTask.run(FutureTask.java:264)
11.03.2023 - 19:04:11 - 	at java.base/java.util.concurrent.ThreadPoolExecutor.runWorker(ThreadPoolExecutor.java:1136)
11.03.2023 - 19:04:11 - 	at java.base/java.util.concurrent.ThreadPoolExecutor$Worker.run(ThreadPoolExecutor.java:635)
11.03.2023 - 19:04:11 - 	at java.base/java.lang.Thread.run(Thread.java:833)
11.03.2023 - 19:04:11 - [TAB v3.2.4] Player placeholder %spbuild_getstagestring% generated an error when setting for player Dalynkaa
11.03.2023 - 19:04:11 - java.lang.IllegalStateException: zip file closed
11.03.2023 - 19:04:11 - 	at java.base/java.util.zip.ZipFile.ensureOpen(ZipFile.java:831)
11.03.2023 - 19:04:11 - 	at java.base/java.util.zip.ZipFile.getEntry(ZipFile.java:330)
11.03.2023 - 19:04:11 - 	at java.base/java.util.jar.JarFile.getEntry(JarFile.java:518)
11.03.2023 - 19:04:11 - 	at java.base/java.util.jar.JarFile.getJarEntry(JarFile.java:473)
11.03.2023 - 19:04:11 - 	at org.bukkit.plugin.java.PluginClassLoader.findClass(PluginClassLoader.java:189)
11.03.2023 - 19:04:11 - 	at java.base/java.lang.ClassLoader.loadClass(ClassLoader.java:587)
11.03.2023 - 19:04:11 - 	at org.bukkit.plugin.java.PluginClassLoader.loadClass0(PluginClassLoader.java:129)
11.03.2023 - 19:04:11 - 	at org.bukkit.plugin.java.PluginClassLoader.loadClass(PluginClassLoader.java:124)
11.03.2023 - 19:04:11 - 	at java.base/java.lang.ClassLoader.loadClass(ClassLoader.java:520)
11.03.2023 - 19:04:11 - 	at spworlds-1.0-SNAPSHOT.jar//com.spworlds.utils.PlaceholderApis.onRequest(PlaceholderApis.java:33)
11.03.2023 - 19:04:11 - 	at PlaceholderAPI-2.11.2.jar//me.clip.placeholderapi.replacer.CharsReplacer.apply(CharsReplacer.java:119)
11.03.2023 - 19:04:11 - 	at PlaceholderAPI-2.11.2.jar//me.clip.placeholderapi.PlaceholderAPI.setPlaceholders(PlaceholderAPI.java:71)
11.03.2023 - 19:04:11 - 	at PlaceholderAPI-2.11.2.jar//me.clip.placeholderapi.PlaceholderAPI.setPlaceholders(PlaceholderAPI.java:99)
11.03.2023 - 19:04:11 - 	at TAB.v3.2.4.jar//me.neznamy.tab.platforms.bukkit.BukkitPlatform.lambda$registerUnknownPlaceholder$2(BukkitPlatform.java:179)
11.03.2023 - 19:04:11 - 	at TAB.v3.2.4.jar//me.neznamy.tab.shared.placeholders.PlayerPlaceholderImpl.request(PlayerPlaceholderImpl.java:130)
11.03.2023 - 19:04:11 - 	at TAB.v3.2.4.jar//me.neznamy.tab.shared.placeholders.PlayerPlaceholderImpl.update(PlayerPlaceholderImpl.java:53)
11.03.2023 - 19:04:11 - 	at TAB.v3.2.4.jar//me.neznamy.tab.shared.features.PlaceholderManagerImpl.updatePlayerPlaceholder(PlaceholderManagerImpl.java:117)
11.03.2023 - 19:04:11 - 	at TAB.v3.2.4.jar//me.neznamy.tab.shared.features.PlaceholderManagerImpl.refresh(PlaceholderManagerImpl.java:68)
11.03.2023 - 19:04:11 - 	at TAB.v3.2.4.jar//me.neznamy.tab.shared.CpuManager.lambda$runMeasuredTask$8(CpuManager.java:354)
11.03.2023 - 19:04:11 - 	at TAB.v3.2.4.jar//me.neznamy.tab.shared.CpuManager.lambda$submit$1(CpuManager.java:111)
11.03.2023 - 19:04:11 - 	at java.base/java.util.concurrent.Executors$RunnableAdapter.call(Executors.java:539)
11.03.2023 - 19:04:11 - 	at java.base/java.util.concurrent.FutureTask.run(FutureTask.java:264)
11.03.2023 - 19:04:11 - 	at java.base/java.util.concurrent.ThreadPoolExecutor.runWorker(ThreadPoolExecutor.java:1136)
11.03.2023 - 19:04:11 - 	at java.base/java.util.concurrent.ThreadPoolExecutor$Worker.run(ThreadPoolExecutor.java:635)
11.03.2023 - 19:04:11 - 	at java.base/java.lang.Thread.run(Thread.java:833)
11.03.2023 - 19:04:12 - [TAB v3.2.4] Player placeholder %spbuild_getstagestring% generated an error when setting for player Dalynkaa
11.03.2023 - 19:04:12 - java.lang.IllegalStateException: zip file closed
11.03.2023 - 19:04:12 - 	at java.base/java.util.zip.ZipFile.ensureOpen(ZipFile.java:831)
11.03.2023 - 19:04:12 - 	at java.base/java.util.zip.ZipFile.getEntry(ZipFile.java:330)
11.03.2023 - 19:04:12 - 	at java.base/java.util.jar.JarFile.getEntry(JarFile.java:518)
11.03.2023 - 19:04:12 - 	at java.base/java.util.jar.JarFile.getJarEntry(JarFile.java:473)
11.03.2023 - 19:04:12 - 	at org.bukkit.plugin.java.PluginClassLoader.findClass(PluginClassLoader.java:189)
11.03.2023 - 19:04:12 - 	at java.base/java.lang.ClassLoader.loadClass(ClassLoader.java:587)
11.03.2023 - 19:04:12 - 	at org.bukkit.plugin.java.PluginClassLoader.loadClass0(PluginClassLoader.java:129)
11.03.2023 - 19:04:12 - 	at org.bukkit.plugin.java.PluginClassLoader.loadClass(PluginClassLoader.java:124)
11.03.2023 - 19:04:12 - 	at java.base/java.lang.ClassLoader.loadClass(ClassLoader.java:520)
11.03.2023 - 19:04:12 - 	at spworlds-1.0-SNAPSHOT.jar//com.spworlds.utils.PlaceholderApis.onRequest(PlaceholderApis.java:33)
11.03.2023 - 19:04:12 - 	at PlaceholderAPI-2.11.2.jar//me.clip.placeholderapi.replacer.CharsReplacer.apply(CharsReplacer.java:119)
11.03.2023 - 19:04:12 - 	at PlaceholderAPI-2.11.2.jar//me.clip.placeholderapi.PlaceholderAPI.setPlaceholders(PlaceholderAPI.java:71)
11.03.2023 - 19:04:12 - 	at PlaceholderAPI-2.11.2.jar//me.clip.placeholderapi.PlaceholderAPI.setPlaceholders(PlaceholderAPI.java:99)
11.03.2023 - 19:04:12 - 	at TAB.v3.2.4.jar//me.neznamy.tab.platforms.bukkit.BukkitPlatform.lambda$registerUnknownPlaceholder$2(BukkitPlatform.java:179)
11.03.2023 - 19:04:12 - 	at TAB.v3.2.4.jar//me.neznamy.tab.shared.placeholders.PlayerPlaceholderImpl.request(PlayerPlaceholderImpl.java:130)
11.03.2023 - 19:04:12 - 	at TAB.v3.2.4.jar//me.neznamy.tab.shared.placeholders.PlayerPlaceholderImpl.update(PlayerPlaceholderImpl.java:53)
11.03.2023 - 19:04:12 - 	at TAB.v3.2.4.jar//me.neznamy.tab.shared.features.PlaceholderManagerImpl.updatePlayerPlaceholder(PlaceholderManagerImpl.java:117)
11.03.2023 - 19:04:12 - 	at TAB.v3.2.4.jar//me.neznamy.tab.shared.features.PlaceholderManagerImpl.refresh(PlaceholderManagerImpl.java:68)
11.03.2023 - 19:04:12 - 	at TAB.v3.2.4.jar//me.neznamy.tab.shared.CpuManager.lambda$runMeasuredTask$8(CpuManager.java:354)
11.03.2023 - 19:04:12 - 	at TAB.v3.2.4.jar//me.neznamy.tab.shared.CpuManager.lambda$submit$1(CpuManager.java:111)
11.03.2023 - 19:04:12 - 	at java.base/java.util.concurrent.Executors$RunnableAdapter.call(Executors.java:539)
11.03.2023 - 19:04:12 - 	at java.base/java.util.concurrent.FutureTask.run(FutureTask.java:264)
11.03.2023 - 19:04:12 - 	at java.base/java.util.concurrent.ThreadPoolExecutor.runWorker(ThreadPoolExecutor.java:1136)
11.03.2023 - 19:04:12 - 	at java.base/java.util.concurrent.ThreadPoolExecutor$Worker.run(ThreadPoolExecutor.java:635)
11.03.2023 - 19:04:12 - 	at java.base/java.lang.Thread.run(Thread.java:833)
11.03.2023 - 19:04:12 - [TAB v3.2.4] Player placeholder %spbuild_getstagestring% generated an error when setting for player Dalynkaa
11.03.2023 - 19:04:12 - java.lang.IllegalStateException: zip file closed
11.03.2023 - 19:04:12 - 	at java.base/java.util.zip.ZipFile.ensureOpen(ZipFile.java:831)
11.03.2023 - 19:04:12 - 	at java.base/java.util.zip.ZipFile.getEntry(ZipFile.java:330)
11.03.2023 - 19:04:12 - 	at java.base/java.util.jar.JarFile.getEntry(JarFile.java:518)
11.03.2023 - 19:04:12 - 	at java.base/java.util.jar.JarFile.getJarEntry(JarFile.java:473)
11.03.2023 - 19:04:12 - 	at org.bukkit.plugin.java.PluginClassLoader.findClass(PluginClassLoader.java:189)
11.03.2023 - 19:04:12 - 	at java.base/java.lang.ClassLoader.loadClass(ClassLoader.java:587)
11.03.2023 - 19:04:12 - 	at org.bukkit.plugin.java.PluginClassLoader.loadClass0(PluginClassLoader.java:129)
11.03.2023 - 19:04:12 - 	at org.bukkit.plugin.java.PluginClassLoader.loadClass(PluginClassLoader.java:124)
11.03.2023 - 19:04:12 - 	at java.base/java.lang.ClassLoader.loadClass(ClassLoader.java:520)
11.03.2023 - 19:04:12 - 	at spworlds-1.0-SNAPSHOT.jar//com.spworlds.utils.PlaceholderApis.onRequest(PlaceholderApis.java:33)
11.03.2023 - 19:04:12 - 	at PlaceholderAPI-2.11.2.jar//me.clip.placeholderapi.replacer.CharsReplacer.apply(CharsReplacer.java:119)
11.03.2023 - 19:04:12 - 	at PlaceholderAPI-2.11.2.jar//me.clip.placeholderapi.PlaceholderAPI.setPlaceholders(PlaceholderAPI.java:71)
11.03.2023 - 19:04:12 - 	at PlaceholderAPI-2.11.2.jar//me.clip.placeholderapi.PlaceholderAPI.setPlaceholders(PlaceholderAPI.java:99)
11.03.2023 - 19:04:12 - 	at TAB.v3.2.4.jar//me.neznamy.tab.platforms.bukkit.BukkitPlatform.lambda$registerUnknownPlaceholder$2(BukkitPlatform.java:179)
11.03.2023 - 19:04:12 - 	at TAB.v3.2.4.jar//me.neznamy.tab.shared.placeholders.PlayerPlaceholderImpl.request(PlayerPlaceholderImpl.java:130)
11.03.2023 - 19:04:12 - 	at TAB.v3.2.4.jar//me.neznamy.tab.shared.placeholders.PlayerPlaceholderImpl.update(PlayerPlaceholderImpl.java:53)
11.03.2023 - 19:04:12 - 	at TAB.v3.2.4.jar//me.neznamy.tab.shared.features.PlaceholderManagerImpl.updatePlayerPlaceholder(PlaceholderManagerImpl.java:117)
11.03.2023 - 19:04:12 - 	at TAB.v3.2.4.jar//me.neznamy.tab.shared.features.PlaceholderManagerImpl.refresh(PlaceholderManagerImpl.java:68)
11.03.2023 - 19:04:12 - 	at TAB.v3.2.4.jar//me.neznamy.tab.shared.CpuManager.lambda$runMeasuredTask$8(CpuManager.java:354)
11.03.2023 - 19:04:12 - 	at TAB.v3.2.4.jar//me.neznamy.tab.shared.CpuManager.lambda$submit$1(CpuManager.java:111)
11.03.2023 - 19:04:12 - 	at java.base/java.util.concurrent.Executors$RunnableAdapter.call(Executors.java:539)
11.03.2023 - 19:04:12 - 	at java.base/java.util.concurrent.FutureTask.run(FutureTask.java:264)
11.03.2023 - 19:04:12 - 	at java.base/java.util.concurrent.ThreadPoolExecutor.runWorker(ThreadPoolExecutor.java:1136)
11.03.2023 - 19:04:12 - 	at java.base/java.util.concurrent.ThreadPoolExecutor$Worker.run(ThreadPoolExecutor.java:635)
11.03.2023 - 19:04:12 - 	at java.base/java.lang.Thread.run(Thread.java:833)
11.03.2023 - 19:04:13 - [TAB v3.2.4] Player placeholder %spbuild_getstagestring% generated an error when setting for player Dalynkaa
11.03.2023 - 19:04:13 - java.lang.IllegalStateException: zip file closed
11.03.2023 - 19:04:13 - 	at java.base/java.util.zip.ZipFile.ensureOpen(ZipFile.java:831)
11.03.2023 - 19:04:13 - 	at java.base/java.util.zip.ZipFile.getEntry(ZipFile.java:330)
11.03.2023 - 19:04:13 - 	at java.base/java.util.jar.JarFile.getEntry(JarFile.java:518)
11.03.2023 - 19:04:13 - 	at java.base/java.util.jar.JarFile.getJarEntry(JarFile.java:473)
11.03.2023 - 19:04:13 - 	at org.bukkit.plugin.java.PluginClassLoader.findClass(PluginClassLoader.java:189)
11.03.2023 - 19:04:13 - 	at java.base/java.lang.ClassLoader.loadClass(ClassLoader.java:587)
11.03.2023 - 19:04:13 - 	at org.bukkit.plugin.java.PluginClassLoader.loadClass0(PluginClassLoader.java:129)
11.03.2023 - 19:04:13 - 	at org.bukkit.plugin.java.PluginClassLoader.loadClass(PluginClassLoader.java:124)
11.03.2023 - 19:04:13 - 	at java.base/java.lang.ClassLoader.loadClass(ClassLoader.java:520)
11.03.2023 - 19:04:13 - 	at spworlds-1.0-SNAPSHOT.jar//com.spworlds.utils.PlaceholderApis.onRequest(PlaceholderApis.java:33)
11.03.2023 - 19:04:13 - 	at PlaceholderAPI-2.11.2.jar//me.clip.placeholderapi.replacer.CharsReplacer.apply(CharsReplacer.java:119)
11.03.2023 - 19:04:13 - 	at PlaceholderAPI-2.11.2.jar//me.clip.placeholderapi.PlaceholderAPI.setPlaceholders(PlaceholderAPI.java:71)
11.03.2023 - 19:04:13 - 	at PlaceholderAPI-2.11.2.jar//me.clip.placeholderapi.PlaceholderAPI.setPlaceholders(PlaceholderAPI.java:99)
11.03.2023 - 19:04:13 - 	at TAB.v3.2.4.jar//me.neznamy.tab.platforms.bukkit.BukkitPlatform.lambda$registerUnknownPlaceholder$2(BukkitPlatform.java:179)
11.03.2023 - 19:04:13 - 	at TAB.v3.2.4.jar//me.neznamy.tab.shared.placeholders.PlayerPlaceholderImpl.request(PlayerPlaceholderImpl.java:130)
11.03.2023 - 19:04:13 - 	at TAB.v3.2.4.jar//me.neznamy.tab.shared.placeholders.PlayerPlaceholderImpl.update(PlayerPlaceholderImpl.java:53)
11.03.2023 - 19:04:13 - 	at TAB.v3.2.4.jar//me.neznamy.tab.shared.features.PlaceholderManagerImpl.updatePlayerPlaceholder(PlaceholderManagerImpl.java:117)
11.03.2023 - 19:04:13 - 	at TAB.v3.2.4.jar//me.neznamy.tab.shared.features.PlaceholderManagerImpl.refresh(PlaceholderManagerImpl.java:68)
11.03.2023 - 19:04:13 - 	at TAB.v3.2.4.jar//me.neznamy.tab.shared.CpuManager.lambda$runMeasuredTask$8(CpuManager.java:354)
11.03.2023 - 19:04:13 - 	at TAB.v3.2.4.jar//me.neznamy.tab.shared.CpuManager.lambda$submit$1(CpuManager.java:111)
11.03.2023 - 19:04:13 - 	at java.base/java.util.concurrent.Executors$RunnableAdapter.call(Executors.java:539)
11.03.2023 - 19:04:13 - 	at java.base/java.util.concurrent.FutureTask.run(FutureTask.java:264)
11.03.2023 - 19:04:13 - 	at java.base/java.util.concurrent.ThreadPoolExecutor.runWorker(ThreadPoolExecutor.java:1136)
11.03.2023 - 19:04:13 - 	at java.base/java.util.concurrent.ThreadPoolExecutor$Worker.run(ThreadPoolExecutor.java:635)
11.03.2023 - 19:04:13 - 	at java.base/java.lang.Thread.run(Thread.java:833)
11.03.2023 - 19:04:13 - [TAB v3.2.4] Player placeholder %spbuild_getstagestring% generated an error when setting for player Dalynkaa
11.03.2023 - 19:04:13 - java.lang.IllegalStateException: zip file closed
11.03.2023 - 19:04:13 - 	at java.base/java.util.zip.ZipFile.ensureOpen(ZipFile.java:831)
11.03.2023 - 19:04:13 - 	at java.base/java.util.zip.ZipFile.getEntry(ZipFile.java:330)
11.03.2023 - 19:04:13 - 	at java.base/java.util.jar.JarFile.getEntry(JarFile.java:518)
11.03.2023 - 19:04:13 - 	at java.base/java.util.jar.JarFile.getJarEntry(JarFile.java:473)
11.03.2023 - 19:04:13 - 	at org.bukkit.plugin.java.PluginClassLoader.findClass(PluginClassLoader.java:189)
11.03.2023 - 19:04:13 - 	at java.base/java.lang.ClassLoader.loadClass(ClassLoader.java:587)
11.03.2023 - 19:04:13 - 	at org.bukkit.plugin.java.PluginClassLoader.loadClass0(PluginClassLoader.java:129)
11.03.2023 - 19:04:13 - 	at org.bukkit.plugin.java.PluginClassLoader.loadClass(PluginClassLoader.java:124)
11.03.2023 - 19:04:13 - 	at java.base/java.lang.ClassLoader.loadClass(ClassLoader.java:520)
11.03.2023 - 19:04:13 - 	at spworlds-1.0-SNAPSHOT.jar//com.spworlds.utils.PlaceholderApis.onRequest(PlaceholderApis.java:33)
11.03.2023 - 19:04:13 - 	at PlaceholderAPI-2.11.2.jar//me.clip.placeholderapi.replacer.CharsReplacer.apply(CharsReplacer.java:119)
11.03.2023 - 19:04:13 - 	at PlaceholderAPI-2.11.2.jar//me.clip.placeholderapi.PlaceholderAPI.setPlaceholders(PlaceholderAPI.java:71)
11.03.2023 - 19:04:13 - 	at PlaceholderAPI-2.11.2.jar//me.clip.placeholderapi.PlaceholderAPI.setPlaceholders(PlaceholderAPI.java:99)
11.03.2023 - 19:04:13 - 	at TAB.v3.2.4.jar//me.neznamy.tab.platforms.bukkit.BukkitPlatform.lambda$registerUnknownPlaceholder$2(BukkitPlatform.java:179)
11.03.2023 - 19:04:13 - 	at TAB.v3.2.4.jar//me.neznamy.tab.shared.placeholders.PlayerPlaceholderImpl.request(PlayerPlaceholderImpl.java:130)
11.03.2023 - 19:04:13 - 	at TAB.v3.2.4.jar//me.neznamy.tab.shared.placeholders.PlayerPlaceholderImpl.update(PlayerPlaceholderImpl.java:53)
11.03.2023 - 19:04:13 - 	at TAB.v3.2.4.jar//me.neznamy.tab.shared.features.PlaceholderManagerImpl.updatePlayerPlaceholder(PlaceholderManagerImpl.java:117)
11.03.2023 - 19:04:13 - 	at TAB.v3.2.4.jar//me.neznamy.tab.shared.features.PlaceholderManagerImpl.refresh(PlaceholderManagerImpl.java:68)
11.03.2023 - 19:04:13 - 	at TAB.v3.2.4.jar//me.neznamy.tab.shared.CpuManager.lambda$runMeasuredTask$8(CpuManager.java:354)
11.03.2023 - 19:04:13 - 	at TAB.v3.2.4.jar//me.neznamy.tab.shared.CpuManager.lambda$submit$1(CpuManager.java:111)
11.03.2023 - 19:04:13 - 	at java.base/java.util.concurrent.Executors$RunnableAdapter.call(Executors.java:539)
11.03.2023 - 19:04:13 - 	at java.base/java.util.concurrent.FutureTask.run(FutureTask.java:264)
11.03.2023 - 19:04:13 - 	at java.base/java.util.concurrent.ThreadPoolExecutor.runWorker(ThreadPoolExecutor.java:1136)
11.03.2023 - 19:04:13 - 	at java.base/java.util.concurrent.ThreadPoolExecutor$Worker.run(ThreadPoolExecutor.java:635)
11.03.2023 - 19:04:13 - 	at java.base/java.lang.Thread.run(Thread.java:833)
11.03.2023 - 19:04:14 - [TAB v3.2.4] Player placeholder %spbuild_getstagestring% generated an error when setting for player Dalynkaa
11.03.2023 - 19:04:14 - java.lang.IllegalStateException: zip file closed
11.03.2023 - 19:04:14 - 	at java.base/java.util.zip.ZipFile.ensureOpen(ZipFile.java:831)
11.03.2023 - 19:04:14 - 	at java.base/java.util.zip.ZipFile.getEntry(ZipFile.java:330)
11.03.2023 - 19:04:14 - 	at java.base/java.util.jar.JarFile.getEntry(JarFile.java:518)
11.03.2023 - 19:04:14 - 	at java.base/java.util.jar.JarFile.getJarEntry(JarFile.java:473)
11.03.2023 - 19:04:14 - 	at org.bukkit.plugin.java.PluginClassLoader.findClass(PluginClassLoader.java:189)
11.03.2023 - 19:04:14 - 	at java.base/java.lang.ClassLoader.loadClass(ClassLoader.java:587)
11.03.2023 - 19:04:14 - 	at org.bukkit.plugin.java.PluginClassLoader.loadClass0(PluginClassLoader.java:129)
11.03.2023 - 19:04:14 - 	at org.bukkit.plugin.java.PluginClassLoader.loadClass(PluginClassLoader.java:124)
11.03.2023 - 19:04:14 - 	at java.base/java.lang.ClassLoader.loadClass(ClassLoader.java:520)
11.03.2023 - 19:04:14 - 	at spworlds-1.0-SNAPSHOT.jar//com.spworlds.utils.PlaceholderApis.onRequest(PlaceholderApis.java:33)
11.03.2023 - 19:04:14 - 	at PlaceholderAPI-2.11.2.jar//me.clip.placeholderapi.replacer.CharsReplacer.apply(CharsReplacer.java:119)
11.03.2023 - 19:04:14 - 	at PlaceholderAPI-2.11.2.jar//me.clip.placeholderapi.PlaceholderAPI.setPlaceholders(PlaceholderAPI.java:71)
11.03.2023 - 19:04:14 - 	at PlaceholderAPI-2.11.2.jar//me.clip.placeholderapi.PlaceholderAPI.setPlaceholders(PlaceholderAPI.java:99)
11.03.2023 - 19:04:14 - 	at TAB.v3.2.4.jar//me.neznamy.tab.platforms.bukkit.BukkitPlatform.lambda$registerUnknownPlaceholder$2(BukkitPlatform.java:179)
11.03.2023 - 19:04:14 - 	at TAB.v3.2.4.jar//me.neznamy.tab.shared.placeholders.PlayerPlaceholderImpl.request(PlayerPlaceholderImpl.java:130)
11.03.2023 - 19:04:14 - 	at TAB.v3.2.4.jar//me.neznamy.tab.shared.placeholders.PlayerPlaceholderImpl.update(PlayerPlaceholderImpl.java:53)
11.03.2023 - 19:04:14 - 	at TAB.v3.2.4.jar//me.neznamy.tab.shared.features.PlaceholderManagerImpl.updatePlayerPlaceholder(PlaceholderManagerImpl.java:117)
11.03.2023 - 19:04:14 - 	at TAB.v3.2.4.jar//me.neznamy.tab.shared.features.PlaceholderManagerImpl.refresh(PlaceholderManagerImpl.java:68)
11.03.2023 - 19:04:14 - 	at TAB.v3.2.4.jar//me.neznamy.tab.shared.CpuManager.lambda$runMeasuredTask$8(CpuManager.java:354)
11.03.2023 - 19:04:14 - 	at TAB.v3.2.4.jar//me.neznamy.tab.shared.CpuManager.lambda$submit$1(CpuManager.java:111)
11.03.2023 - 19:04:14 - 	at java.base/java.util.concurrent.Executors$RunnableAdapter.call(Executors.java:539)
11.03.2023 - 19:04:14 - 	at java.base/java.util.concurrent.FutureTask.run(FutureTask.java:264)
11.03.2023 - 19:04:14 - 	at java.base/java.util.concurrent.ThreadPoolExecutor.runWorker(ThreadPoolExecutor.java:1136)
11.03.2023 - 19:04:14 - 	at java.base/java.util.concurrent.ThreadPoolExecutor$Worker.run(ThreadPoolExecutor.java:635)
11.03.2023 - 19:04:14 - 	at java.base/java.lang.Thread.run(Thread.java:833)
11.03.2023 - 19:04:14 - [TAB v3.2.4] Player placeholder %spbuild_getstagestring% generated an error when setting for player Dalynkaa
11.03.2023 - 19:04:14 - java.lang.IllegalStateException: zip file closed
11.03.2023 - 19:04:14 - 	at java.base/java.util.zip.ZipFile.ensureOpen(ZipFile.java:831)
11.03.2023 - 19:04:14 - 	at java.base/java.util.zip.ZipFile.getEntry(ZipFile.java:330)
11.03.2023 - 19:04:14 - 	at java.base/java.util.jar.JarFile.getEntry(JarFile.java:518)
11.03.2023 - 19:04:14 - 	at java.base/java.util.jar.JarFile.getJarEntry(JarFile.java:473)
11.03.2023 - 19:04:14 - 	at org.bukkit.plugin.java.PluginClassLoader.findClass(PluginClassLoader.java:189)
11.03.2023 - 19:04:14 - 	at java.base/java.lang.ClassLoader.loadClass(ClassLoader.java:587)
11.03.2023 - 19:04:14 - 	at org.bukkit.plugin.java.PluginClassLoader.loadClass0(PluginClassLoader.java:129)
11.03.2023 - 19:04:14 - 	at org.bukkit.plugin.java.PluginClassLoader.loadClass(PluginClassLoader.java:124)
11.03.2023 - 19:04:14 - 	at java.base/java.lang.ClassLoader.loadClass(ClassLoader.java:520)
11.03.2023 - 19:04:14 - 	at spworlds-1.0-SNAPSHOT.jar//com.spworlds.utils.PlaceholderApis.onRequest(PlaceholderApis.java:33)
11.03.2023 - 19:04:14 - 	at PlaceholderAPI-2.11.2.jar//me.clip.placeholderapi.replacer.CharsReplacer.apply(CharsReplacer.java:119)
11.03.2023 - 19:04:14 - 	at PlaceholderAPI-2.11.2.jar//me.clip.placeholderapi.PlaceholderAPI.setPlaceholders(PlaceholderAPI.java:71)
11.03.2023 - 19:04:14 - 	at PlaceholderAPI-2.11.2.jar//me.clip.placeholderapi.PlaceholderAPI.setPlaceholders(PlaceholderAPI.java:99)
11.03.2023 - 19:04:14 - 	at TAB.v3.2.4.jar//me.neznamy.tab.platforms.bukkit.BukkitPlatform.lambda$registerUnknownPlaceholder$2(BukkitPlatform.java:179)
11.03.2023 - 19:04:14 - 	at TAB.v3.2.4.jar//me.neznamy.tab.shared.placeholders.PlayerPlaceholderImpl.request(PlayerPlaceholderImpl.java:130)
11.03.2023 - 19:04:14 - 	at TAB.v3.2.4.jar//me.neznamy.tab.shared.placeholders.PlayerPlaceholderImpl.update(PlayerPlaceholderImpl.java:53)
11.03.2023 - 19:04:14 - 	at TAB.v3.2.4.jar//me.neznamy.tab.shared.features.PlaceholderManagerImpl.updatePlayerPlaceholder(PlaceholderManagerImpl.java:117)
11.03.2023 - 19:04:14 - 	at TAB.v3.2.4.jar//me.neznamy.tab.shared.features.PlaceholderManagerImpl.refresh(PlaceholderManagerImpl.java:68)
11.03.2023 - 19:04:14 - 	at TAB.v3.2.4.jar//me.neznamy.tab.shared.CpuManager.lambda$runMeasuredTask$8(CpuManager.java:354)
11.03.2023 - 19:04:14 - 	at TAB.v3.2.4.jar//me.neznamy.tab.shared.CpuManager.lambda$submit$1(CpuManager.java:111)
11.03.2023 - 19:04:14 - 	at java.base/java.util.concurrent.Executors$RunnableAdapter.call(Executors.java:539)
11.03.2023 - 19:04:14 - 	at java.base/java.util.concurrent.FutureTask.run(FutureTask.java:264)
11.03.2023 - 19:04:14 - 	at java.base/java.util.concurrent.ThreadPoolExecutor.runWorker(ThreadPoolExecutor.java:1136)
11.03.2023 - 19:04:14 - 	at java.base/java.util.concurrent.ThreadPoolExecutor$Worker.run(ThreadPoolExecutor.java:635)
11.03.2023 - 19:04:14 - 	at java.base/java.lang.Thread.run(Thread.java:833)
11.03.2023 - 19:04:15 - [TAB v3.2.4] Player placeholder %spbuild_getstagestring% generated an error when setting for player Dalynkaa
11.03.2023 - 19:04:15 - java.lang.IllegalStateException: zip file closed
11.03.2023 - 19:04:15 - 	at java.base/java.util.zip.ZipFile.ensureOpen(ZipFile.java:831)
11.03.2023 - 19:04:15 - 	at java.base/java.util.zip.ZipFile.getEntry(ZipFile.java:330)
11.03.2023 - 19:04:15 - 	at java.base/java.util.jar.JarFile.getEntry(JarFile.java:518)
11.03.2023 - 19:04:15 - 	at java.base/java.util.jar.JarFile.getJarEntry(JarFile.java:473)
11.03.2023 - 19:04:15 - 	at org.bukkit.plugin.java.PluginClassLoader.findClass(PluginClassLoader.java:189)
11.03.2023 - 19:04:15 - 	at java.base/java.lang.ClassLoader.loadClass(ClassLoader.java:587)
11.03.2023 - 19:04:15 - 	at org.bukkit.plugin.java.PluginClassLoader.loadClass0(PluginClassLoader.java:129)
11.03.2023 - 19:04:15 - 	at org.bukkit.plugin.java.PluginClassLoader.loadClass(PluginClassLoader.java:124)
11.03.2023 - 19:04:15 - 	at java.base/java.lang.ClassLoader.loadClass(ClassLoader.java:520)
11.03.2023 - 19:04:15 - 	at spworlds-1.0-SNAPSHOT.jar//com.spworlds.utils.PlaceholderApis.onRequest(PlaceholderApis.java:33)
11.03.2023 - 19:04:15 - 	at PlaceholderAPI-2.11.2.jar//me.clip.placeholderapi.replacer.CharsReplacer.apply(CharsReplacer.java:119)
11.03.2023 - 19:04:15 - 	at PlaceholderAPI-2.11.2.jar//me.clip.placeholderapi.PlaceholderAPI.setPlaceholders(PlaceholderAPI.java:71)
11.03.2023 - 19:04:15 - 	at PlaceholderAPI-2.11.2.jar//me.clip.placeholderapi.PlaceholderAPI.setPlaceholders(PlaceholderAPI.java:99)
11.03.2023 - 19:04:15 - 	at TAB.v3.2.4.jar//me.neznamy.tab.platforms.bukkit.BukkitPlatform.lambda$registerUnknownPlaceholder$2(BukkitPlatform.java:179)
11.03.2023 - 19:04:15 - 	at TAB.v3.2.4.jar//me.neznamy.tab.shared.placeholders.PlayerPlaceholderImpl.request(PlayerPlaceholderImpl.java:130)
11.03.2023 - 19:04:15 - 	at TAB.v3.2.4.jar//me.neznamy.tab.shared.placeholders.PlayerPlaceholderImpl.update(PlayerPlaceholderImpl.java:53)
11.03.2023 - 19:04:15 - 	at TAB.v3.2.4.jar//me.neznamy.tab.shared.features.PlaceholderManagerImpl.updatePlayerPlaceholder(PlaceholderManagerImpl.java:117)
11.03.2023 - 19:04:15 - 	at TAB.v3.2.4.jar//me.neznamy.tab.shared.features.PlaceholderManagerImpl.refresh(PlaceholderManagerImpl.java:68)
11.03.2023 - 19:04:15 - 	at TAB.v3.2.4.jar//me.neznamy.tab.shared.CpuManager.lambda$runMeasuredTask$8(CpuManager.java:354)
11.03.2023 - 19:04:15 - 	at TAB.v3.2.4.jar//me.neznamy.tab.shared.CpuManager.lambda$submit$1(CpuManager.java:111)
11.03.2023 - 19:04:15 - 	at java.base/java.util.concurrent.Executors$RunnableAdapter.call(Executors.java:539)
11.03.2023 - 19:04:15 - 	at java.base/java.util.concurrent.FutureTask.run(FutureTask.java:264)
11.03.2023 - 19:04:15 - 	at java.base/java.util.concurrent.ThreadPoolExecutor.runWorker(ThreadPoolExecutor.java:1136)
11.03.2023 - 19:04:15 - 	at java.base/java.util.concurrent.ThreadPoolExecutor$Worker.run(ThreadPoolExecutor.java:635)
11.03.2023 - 19:04:15 - 	at java.base/java.lang.Thread.run(Thread.java:833)
11.03.2023 - 19:04:15 - [TAB v3.2.4] Player placeholder %spbuild_getstagestring% generated an error when setting for player Dalynkaa
11.03.2023 - 19:04:15 - java.lang.IllegalStateException: zip file closed
11.03.2023 - 19:04:15 - 	at java.base/java.util.zip.ZipFile.ensureOpen(ZipFile.java:831)
11.03.2023 - 19:04:15 - 	at java.base/java.util.zip.ZipFile.getEntry(ZipFile.java:330)
11.03.2023 - 19:04:15 - 	at java.base/java.util.jar.JarFile.getEntry(JarFile.java:518)
11.03.2023 - 19:04:15 - 	at java.base/java.util.jar.JarFile.getJarEntry(JarFile.java:473)
11.03.2023 - 19:04:15 - 	at org.bukkit.plugin.java.PluginClassLoader.findClass(PluginClassLoader.java:189)
11.03.2023 - 19:04:15 - 	at java.base/java.lang.ClassLoader.loadClass(ClassLoader.java:587)
11.03.2023 - 19:04:15 - 	at org.bukkit.plugin.java.PluginClassLoader.loadClass0(PluginClassLoader.java:129)
11.03.2023 - 19:04:15 - 	at org.bukkit.plugin.java.PluginClassLoader.loadClass(PluginClassLoader.java:124)
11.03.2023 - 19:04:15 - 	at java.base/java.lang.ClassLoader.loadClass(ClassLoader.java:520)
11.03.2023 - 19:04:15 - 	at spworlds-1.0-SNAPSHOT.jar//com.spworlds.utils.PlaceholderApis.onRequest(PlaceholderApis.java:33)
11.03.2023 - 19:04:15 - 	at PlaceholderAPI-2.11.2.jar//me.clip.placeholderapi.replacer.CharsReplacer.apply(CharsReplacer.java:119)
11.03.2023 - 19:04:15 - 	at PlaceholderAPI-2.11.2.jar//me.clip.placeholderapi.PlaceholderAPI.setPlaceholders(PlaceholderAPI.java:71)
11.03.2023 - 19:04:15 - 	at PlaceholderAPI-2.11.2.jar//me.clip.placeholderapi.PlaceholderAPI.setPlaceholders(PlaceholderAPI.java:99)
11.03.2023 - 19:04:15 - 	at TAB.v3.2.4.jar//me.neznamy.tab.platforms.bukkit.BukkitPlatform.lambda$registerUnknownPlaceholder$2(BukkitPlatform.java:179)
11.03.2023 - 19:04:15 - 	at TAB.v3.2.4.jar//me.neznamy.tab.shared.placeholders.PlayerPlaceholderImpl.request(PlayerPlaceholderImpl.java:130)
11.03.2023 - 19:04:15 - 	at TAB.v3.2.4.jar//me.neznamy.tab.shared.placeholders.PlayerPlaceholderImpl.update(PlayerPlaceholderImpl.java:53)
11.03.2023 - 19:04:15 - 	at TAB.v3.2.4.jar//me.neznamy.tab.shared.features.PlaceholderManagerImpl.updatePlayerPlaceholder(PlaceholderManagerImpl.java:117)
11.03.2023 - 19:04:15 - 	at TAB.v3.2.4.jar//me.neznamy.tab.shared.features.PlaceholderManagerImpl.refresh(PlaceholderManagerImpl.java:68)
11.03.2023 - 19:04:15 - 	at TAB.v3.2.4.jar//me.neznamy.tab.shared.CpuManager.lambda$runMeasuredTask$8(CpuManager.java:354)
11.03.2023 - 19:04:15 - 	at TAB.v3.2.4.jar//me.neznamy.tab.shared.CpuManager.lambda$submit$1(CpuManager.java:111)
11.03.2023 - 19:04:15 - 	at java.base/java.util.concurrent.Executors$RunnableAdapter.call(Executors.java:539)
11.03.2023 - 19:04:15 - 	at java.base/java.util.concurrent.FutureTask.run(FutureTask.java:264)
11.03.2023 - 19:04:15 - 	at java.base/java.util.concurrent.ThreadPoolExecutor.runWorker(ThreadPoolExecutor.java:1136)
11.03.2023 - 19:04:15 - 	at java.base/java.util.concurrent.ThreadPoolExecutor$Worker.run(ThreadPoolExecutor.java:635)
11.03.2023 - 19:04:15 - 	at java.base/java.lang.Thread.run(Thread.java:833)
11.03.2023 - 19:04:16 - [TAB v3.2.4] Player placeholder %spbuild_getstagestring% generated an error when setting for player Dalynkaa
11.03.2023 - 19:04:16 - java.lang.IllegalStateException: zip file closed
11.03.2023 - 19:04:16 - 	at java.base/java.util.zip.ZipFile.ensureOpen(ZipFile.java:831)
11.03.2023 - 19:04:16 - 	at java.base/java.util.zip.ZipFile.getEntry(ZipFile.java:330)
11.03.2023 - 19:04:16 - 	at java.base/java.util.jar.JarFile.getEntry(JarFile.java:518)
11.03.2023 - 19:04:16 - 	at java.base/java.util.jar.JarFile.getJarEntry(JarFile.java:473)
11.03.2023 - 19:04:16 - 	at org.bukkit.plugin.java.PluginClassLoader.findClass(PluginClassLoader.java:189)
11.03.2023 - 19:04:16 - 	at java.base/java.lang.ClassLoader.loadClass(ClassLoader.java:587)
11.03.2023 - 19:04:16 - 	at org.bukkit.plugin.java.PluginClassLoader.loadClass0(PluginClassLoader.java:129)
11.03.2023 - 19:04:16 - 	at org.bukkit.plugin.java.PluginClassLoader.loadClass(PluginClassLoader.java:124)
11.03.2023 - 19:04:16 - 	at java.base/java.lang.ClassLoader.loadClass(ClassLoader.java:520)
11.03.2023 - 19:04:16 - 	at spworlds-1.0-SNAPSHOT.jar//com.spworlds.utils.PlaceholderApis.onRequest(PlaceholderApis.java:33)
11.03.2023 - 19:04:16 - 	at PlaceholderAPI-2.11.2.jar//me.clip.placeholderapi.replacer.CharsReplacer.apply(CharsReplacer.java:119)
11.03.2023 - 19:04:16 - 	at PlaceholderAPI-2.11.2.jar//me.clip.placeholderapi.PlaceholderAPI.setPlaceholders(PlaceholderAPI.java:71)
11.03.2023 - 19:04:16 - 	at PlaceholderAPI-2.11.2.jar//me.clip.placeholderapi.PlaceholderAPI.setPlaceholders(PlaceholderAPI.java:99)
11.03.2023 - 19:04:16 - 	at TAB.v3.2.4.jar//me.neznamy.tab.platforms.bukkit.BukkitPlatform.lambda$registerUnknownPlaceholder$2(BukkitPlatform.java:179)
11.03.2023 - 19:04:16 - 	at TAB.v3.2.4.jar//me.neznamy.tab.shared.placeholders.PlayerPlaceholderImpl.request(PlayerPlaceholderImpl.java:130)
11.03.2023 - 19:04:16 - 	at TAB.v3.2.4.jar//me.neznamy.tab.shared.placeholders.PlayerPlaceholderImpl.update(PlayerPlaceholderImpl.java:53)
11.03.2023 - 19:04:16 - 	at TAB.v3.2.4.jar//me.neznamy.tab.shared.features.PlaceholderManagerImpl.updatePlayerPlaceholder(PlaceholderManagerImpl.java:117)
11.03.2023 - 19:04:16 - 	at TAB.v3.2.4.jar//me.neznamy.tab.shared.features.PlaceholderManagerImpl.refresh(PlaceholderManagerImpl.java:68)
11.03.2023 - 19:04:16 - 	at TAB.v3.2.4.jar//me.neznamy.tab.shared.CpuManager.lambda$runMeasuredTask$8(CpuManager.java:354)
11.03.2023 - 19:04:16 - 	at TAB.v3.2.4.jar//me.neznamy.tab.shared.CpuManager.lambda$submit$1(CpuManager.java:111)
11.03.2023 - 19:04:16 - 	at java.base/java.util.concurrent.Executors$RunnableAdapter.call(Executors.java:539)
11.03.2023 - 19:04:16 - 	at java.base/java.util.concurrent.FutureTask.run(FutureTask.java:264)
11.03.2023 - 19:04:16 - 	at java.base/java.util.concurrent.ThreadPoolExecutor.runWorker(ThreadPoolExecutor.java:1136)
11.03.2023 - 19:04:16 - 	at java.base/java.util.concurrent.ThreadPoolExecutor$Worker.run(ThreadPoolExecutor.java:635)
11.03.2023 - 19:04:16 - 	at java.base/java.lang.Thread.run(Thread.java:833)
11.03.2023 - 19:04:16 - [TAB v3.2.4] Player placeholder %spbuild_getstagestring% generated an error when setting for player Dalynkaa
11.03.2023 - 19:04:16 - java.lang.IllegalStateException: zip file closed
11.03.2023 - 19:04:16 - 	at java.base/java.util.zip.ZipFile.ensureOpen(ZipFile.java:831)
11.03.2023 - 19:04:16 - 	at java.base/java.util.zip.ZipFile.getEntry(ZipFile.java:330)
11.03.2023 - 19:04:16 - 	at java.base/java.util.jar.JarFile.getEntry(JarFile.java:518)
11.03.2023 - 19:04:16 - 	at java.base/java.util.jar.JarFile.getJarEntry(JarFile.java:473)
11.03.2023 - 19:04:16 - 	at org.bukkit.plugin.java.PluginClassLoader.findClass(PluginClassLoader.java:189)
11.03.2023 - 19:04:16 - 	at java.base/java.lang.ClassLoader.loadClass(ClassLoader.java:587)
11.03.2023 - 19:04:16 - 	at org.bukkit.plugin.java.PluginClassLoader.loadClass0(PluginClassLoader.java:129)
11.03.2023 - 19:04:16 - 	at org.bukkit.plugin.java.PluginClassLoader.loadClass(PluginClassLoader.java:124)
11.03.2023 - 19:04:16 - 	at java.base/java.lang.ClassLoader.loadClass(ClassLoader.java:520)
11.03.2023 - 19:04:16 - 	at spworlds-1.0-SNAPSHOT.jar//com.spworlds.utils.PlaceholderApis.onRequest(PlaceholderApis.java:33)
11.03.2023 - 19:04:16 - 	at PlaceholderAPI-2.11.2.jar//me.clip.placeholderapi.replacer.CharsReplacer.apply(CharsReplacer.java:119)
11.03.2023 - 19:04:16 - 	at PlaceholderAPI-2.11.2.jar//me.clip.placeholderapi.PlaceholderAPI.setPlaceholders(PlaceholderAPI.java:71)
11.03.2023 - 19:04:16 - 	at PlaceholderAPI-2.11.2.jar//me.clip.placeholderapi.PlaceholderAPI.setPlaceholders(PlaceholderAPI.java:99)
11.03.2023 - 19:04:16 - 	at TAB.v3.2.4.jar//me.neznamy.tab.platforms.bukkit.BukkitPlatform.lambda$registerUnknownPlaceholder$2(BukkitPlatform.java:179)
11.03.2023 - 19:04:16 - 	at TAB.v3.2.4.jar//me.neznamy.tab.shared.placeholders.PlayerPlaceholderImpl.request(PlayerPlaceholderImpl.java:130)
11.03.2023 - 19:04:16 - 	at TAB.v3.2.4.jar//me.neznamy.tab.shared.placeholders.PlayerPlaceholderImpl.update(PlayerPlaceholderImpl.java:53)
11.03.2023 - 19:04:16 - 	at TAB.v3.2.4.jar//me.neznamy.tab.shared.features.PlaceholderManagerImpl.updatePlayerPlaceholder(PlaceholderManagerImpl.java:117)
11.03.2023 - 19:04:16 - 	at TAB.v3.2.4.jar//me.neznamy.tab.shared.features.PlaceholderManagerImpl.refresh(PlaceholderManagerImpl.java:68)
11.03.2023 - 19:04:16 - 	at TAB.v3.2.4.jar//me.neznamy.tab.shared.CpuManager.lambda$runMeasuredTask$8(CpuManager.java:354)
11.03.2023 - 19:04:16 - 	at TAB.v3.2.4.jar//me.neznamy.tab.shared.CpuManager.lambda$submit$1(CpuManager.java:111)
11.03.2023 - 19:04:16 - 	at java.base/java.util.concurrent.Executors$RunnableAdapter.call(Executors.java:539)
11.03.2023 - 19:04:16 - 	at java.base/java.util.concurrent.FutureTask.run(FutureTask.java:264)
11.03.2023 - 19:04:16 - 	at java.base/java.util.concurrent.ThreadPoolExecutor.runWorker(ThreadPoolExecutor.java:1136)
11.03.2023 - 19:04:16 - 	at java.base/java.util.concurrent.ThreadPoolExecutor$Worker.run(ThreadPoolExecutor.java:635)
11.03.2023 - 19:04:16 - 	at java.base/java.lang.Thread.run(Thread.java:833)
11.03.2023 - 19:04:17 - [TAB v3.2.4] Player placeholder %spbuild_getstagestring% generated an error when setting for player Dalynkaa
11.03.2023 - 19:04:17 - java.lang.IllegalStateException: zip file closed
11.03.2023 - 19:04:17 - 	at java.base/java.util.zip.ZipFile.ensureOpen(ZipFile.java:831)
11.03.2023 - 19:04:17 - 	at java.base/java.util.zip.ZipFile.getEntry(ZipFile.java:330)
11.03.2023 - 19:04:17 - 	at java.base/java.util.jar.JarFile.getEntry(JarFile.java:518)
11.03.2023 - 19:04:17 - 	at java.base/java.util.jar.JarFile.getJarEntry(JarFile.java:473)
11.03.2023 - 19:04:17 - 	at org.bukkit.plugin.java.PluginClassLoader.findClass(PluginClassLoader.java:189)
11.03.2023 - 19:04:17 - 	at java.base/java.lang.ClassLoader.loadClass(ClassLoader.java:587)
11.03.2023 - 19:04:17 - 	at org.bukkit.plugin.java.PluginClassLoader.loadClass0(PluginClassLoader.java:129)
11.03.2023 - 19:04:17 - 	at org.bukkit.plugin.java.PluginClassLoader.loadClass(PluginClassLoader.java:124)
11.03.2023 - 19:04:17 - 	at java.base/java.lang.ClassLoader.loadClass(ClassLoader.java:520)
11.03.2023 - 19:04:17 - 	at spworlds-1.0-SNAPSHOT.jar//com.spworlds.utils.PlaceholderApis.onRequest(PlaceholderApis.java:33)
11.03.2023 - 19:04:17 - 	at PlaceholderAPI-2.11.2.jar//me.clip.placeholderapi.replacer.CharsReplacer.apply(CharsReplacer.java:119)
11.03.2023 - 19:04:17 - 	at PlaceholderAPI-2.11.2.jar//me.clip.placeholderapi.PlaceholderAPI.setPlaceholders(PlaceholderAPI.java:71)
11.03.2023 - 19:04:17 - 	at PlaceholderAPI-2.11.2.jar//me.clip.placeholderapi.PlaceholderAPI.setPlaceholders(PlaceholderAPI.java:99)
11.03.2023 - 19:04:17 - 	at TAB.v3.2.4.jar//me.neznamy.tab.platforms.bukkit.BukkitPlatform.lambda$registerUnknownPlaceholder$2(BukkitPlatform.java:179)
11.03.2023 - 19:04:17 - 	at TAB.v3.2.4.jar//me.neznamy.tab.shared.placeholders.PlayerPlaceholderImpl.request(PlayerPlaceholderImpl.java:130)
11.03.2023 - 19:04:17 - 	at TAB.v3.2.4.jar//me.neznamy.tab.shared.placeholders.PlayerPlaceholderImpl.update(PlayerPlaceholderImpl.java:53)
11.03.2023 - 19:04:17 - 	at TAB.v3.2.4.jar//me.neznamy.tab.shared.features.PlaceholderManagerImpl.updatePlayerPlaceholder(PlaceholderManagerImpl.java:117)
11.03.2023 - 19:04:17 - 	at TAB.v3.2.4.jar//me.neznamy.tab.shared.features.PlaceholderManagerImpl.refresh(PlaceholderManagerImpl.java:68)
11.03.2023 - 19:04:17 - 	at TAB.v3.2.4.jar//me.neznamy.tab.shared.CpuManager.lambda$runMeasuredTask$8(CpuManager.java:354)
11.03.2023 - 19:04:17 - 	at TAB.v3.2.4.jar//me.neznamy.tab.shared.CpuManager.lambda$submit$1(CpuManager.java:111)
11.03.2023 - 19:04:17 - 	at java.base/java.util.concurrent.Executors$RunnableAdapter.call(Executors.java:539)
11.03.2023 - 19:04:17 - 	at java.base/java.util.concurrent.FutureTask.run(FutureTask.java:264)
11.03.2023 - 19:04:17 - 	at java.base/java.util.concurrent.ThreadPoolExecutor.runWorker(ThreadPoolExecutor.java:1136)
11.03.2023 - 19:04:17 - 	at java.base/java.util.concurrent.ThreadPoolExecutor$Worker.run(ThreadPoolExecutor.java:635)
11.03.2023 - 19:04:17 - 	at java.base/java.lang.Thread.run(Thread.java:833)
11.03.2023 - 19:04:17 - [TAB v3.2.4] Player placeholder %spbuild_getstagestring% generated an error when setting for player Dalynkaa
11.03.2023 - 19:04:17 - java.lang.IllegalStateException: zip file closed
11.03.2023 - 19:04:17 - 	at java.base/java.util.zip.ZipFile.ensureOpen(ZipFile.java:831)
11.03.2023 - 19:04:17 - 	at java.base/java.util.zip.ZipFile.getEntry(ZipFile.java:330)
11.03.2023 - 19:04:17 - 	at java.base/java.util.jar.JarFile.getEntry(JarFile.java:518)
11.03.2023 - 19:04:17 - 	at java.base/java.util.jar.JarFile.getJarEntry(JarFile.java:473)
11.03.2023 - 19:04:17 - 	at org.bukkit.plugin.java.PluginClassLoader.findClass(PluginClassLoader.java:189)
11.03.2023 - 19:04:17 - 	at java.base/java.lang.ClassLoader.loadClass(ClassLoader.java:587)
11.03.2023 - 19:04:17 - 	at org.bukkit.plugin.java.PluginClassLoader.loadClass0(PluginClassLoader.java:129)
11.03.2023 - 19:04:17 - 	at org.bukkit.plugin.java.PluginClassLoader.loadClass(PluginClassLoader.java:124)
11.03.2023 - 19:04:17 - 	at java.base/java.lang.ClassLoader.loadClass(ClassLoader.java:520)
11.03.2023 - 19:04:17 - 	at spworlds-1.0-SNAPSHOT.jar//com.spworlds.utils.PlaceholderApis.onRequest(PlaceholderApis.java:33)
11.03.2023 - 19:04:17 - 	at PlaceholderAPI-2.11.2.jar//me.clip.placeholderapi.replacer.CharsReplacer.apply(CharsReplacer.java:119)
11.03.2023 - 19:04:17 - 	at PlaceholderAPI-2.11.2.jar//me.clip.placeholderapi.PlaceholderAPI.setPlaceholders(PlaceholderAPI.java:71)
11.03.2023 - 19:04:17 - 	at PlaceholderAPI-2.11.2.jar//me.clip.placeholderapi.PlaceholderAPI.setPlaceholders(PlaceholderAPI.java:99)
11.03.2023 - 19:04:17 - 	at TAB.v3.2.4.jar//me.neznamy.tab.platforms.bukkit.BukkitPlatform.lambda$registerUnknownPlaceholder$2(BukkitPlatform.java:179)
11.03.2023 - 19:04:17 - 	at TAB.v3.2.4.jar//me.neznamy.tab.shared.placeholders.PlayerPlaceholderImpl.request(PlayerPlaceholderImpl.java:130)
11.03.2023 - 19:04:17 - 	at TAB.v3.2.4.jar//me.neznamy.tab.shared.placeholders.PlayerPlaceholderImpl.update(PlayerPlaceholderImpl.java:53)
11.03.2023 - 19:04:17 - 	at TAB.v3.2.4.jar//me.neznamy.tab.shared.features.PlaceholderManagerImpl.updatePlayerPlaceholder(PlaceholderManagerImpl.java:117)
11.03.2023 - 19:04:17 - 	at TAB.v3.2.4.jar//me.neznamy.tab.shared.features.PlaceholderManagerImpl.refresh(PlaceholderManagerImpl.java:68)
11.03.2023 - 19:04:17 - 	at TAB.v3.2.4.jar//me.neznamy.tab.shared.CpuManager.lambda$runMeasuredTask$8(CpuManager.java:354)
11.03.2023 - 19:04:17 - 	at TAB.v3.2.4.jar//me.neznamy.tab.shared.CpuManager.lambda$submit$1(CpuManager.java:111)
11.03.2023 - 19:04:17 - 	at java.base/java.util.concurrent.Executors$RunnableAdapter.call(Executors.java:539)
11.03.2023 - 19:04:17 - 	at java.base/java.util.concurrent.FutureTask.run(FutureTask.java:264)
11.03.2023 - 19:04:17 - 	at java.base/java.util.concurrent.ThreadPoolExecutor.runWorker(ThreadPoolExecutor.java:1136)
11.03.2023 - 19:04:17 - 	at java.base/java.util.concurrent.ThreadPoolExecutor$Worker.run(ThreadPoolExecutor.java:635)
11.03.2023 - 19:04:17 - 	at java.base/java.lang.Thread.run(Thread.java:833)
11.03.2023 - 19:04:18 - [TAB v3.2.4] Player placeholder %spbuild_getstagestring% generated an error when setting for player Dalynkaa
11.03.2023 - 19:04:18 - java.lang.IllegalStateException: zip file closed
11.03.2023 - 19:04:18 - 	at java.base/java.util.zip.ZipFile.ensureOpen(ZipFile.java:831)
11.03.2023 - 19:04:18 - 	at java.base/java.util.zip.ZipFile.getEntry(ZipFile.java:330)
11.03.2023 - 19:04:18 - 	at java.base/java.util.jar.JarFile.getEntry(JarFile.java:518)
11.03.2023 - 19:04:18 - 	at java.base/java.util.jar.JarFile.getJarEntry(JarFile.java:473)
11.03.2023 - 19:04:18 - 	at org.bukkit.plugin.java.PluginClassLoader.findClass(PluginClassLoader.java:189)
11.03.2023 - 19:04:18 - 	at java.base/java.lang.ClassLoader.loadClass(ClassLoader.java:587)
11.03.2023 - 19:04:18 - 	at org.bukkit.plugin.java.PluginClassLoader.loadClass0(PluginClassLoader.java:129)
11.03.2023 - 19:04:18 - 	at org.bukkit.plugin.java.PluginClassLoader.loadClass(PluginClassLoader.java:124)
11.03.2023 - 19:04:18 - 	at java.base/java.lang.ClassLoader.loadClass(ClassLoader.java:520)
11.03.2023 - 19:04:18 - 	at spworlds-1.0-SNAPSHOT.jar//com.spworlds.utils.PlaceholderApis.onRequest(PlaceholderApis.java:33)
11.03.2023 - 19:04:18 - 	at PlaceholderAPI-2.11.2.jar//me.clip.placeholderapi.replacer.CharsReplacer.apply(CharsReplacer.java:119)
11.03.2023 - 19:04:18 - 	at PlaceholderAPI-2.11.2.jar//me.clip.placeholderapi.PlaceholderAPI.setPlaceholders(PlaceholderAPI.java:71)
11.03.2023 - 19:04:18 - 	at PlaceholderAPI-2.11.2.jar//me.clip.placeholderapi.PlaceholderAPI.setPlaceholders(PlaceholderAPI.java:99)
11.03.2023 - 19:04:18 - 	at TAB.v3.2.4.jar//me.neznamy.tab.platforms.bukkit.BukkitPlatform.lambda$registerUnknownPlaceholder$2(BukkitPlatform.java:179)
11.03.2023 - 19:04:18 - 	at TAB.v3.2.4.jar//me.neznamy.tab.shared.placeholders.PlayerPlaceholderImpl.request(PlayerPlaceholderImpl.java:130)
11.03.2023 - 19:04:18 - 	at TAB.v3.2.4.jar//me.neznamy.tab.shared.placeholders.PlayerPlaceholderImpl.update(PlayerPlaceholderImpl.java:53)
11.03.2023 - 19:04:18 - 	at TAB.v3.2.4.jar//me.neznamy.tab.shared.features.PlaceholderManagerImpl.updatePlayerPlaceholder(PlaceholderManagerImpl.java:117)
11.03.2023 - 19:04:18 - 	at TAB.v3.2.4.jar//me.neznamy.tab.shared.features.PlaceholderManagerImpl.refresh(PlaceholderManagerImpl.java:68)
11.03.2023 - 19:04:18 - 	at TAB.v3.2.4.jar//me.neznamy.tab.shared.CpuManager.lambda$runMeasuredTask$8(CpuManager.java:354)
11.03.2023 - 19:04:18 - 	at TAB.v3.2.4.jar//me.neznamy.tab.shared.CpuManager.lambda$submit$1(CpuManager.java:111)
11.03.2023 - 19:04:18 - 	at java.base/java.util.concurrent.Executors$RunnableAdapter.call(Executors.java:539)
11.03.2023 - 19:04:18 - 	at java.base/java.util.concurrent.FutureTask.run(FutureTask.java:264)
11.03.2023 - 19:04:18 - 	at java.base/java.util.concurrent.ThreadPoolExecutor.runWorker(ThreadPoolExecutor.java:1136)
11.03.2023 - 19:04:18 - 	at java.base/java.util.concurrent.ThreadPoolExecutor$Worker.run(ThreadPoolExecutor.java:635)
11.03.2023 - 19:04:18 - 	at java.base/java.lang.Thread.run(Thread.java:833)
11.03.2023 - 19:04:18 - [TAB v3.2.4] Player placeholder %spbuild_getstagestring% generated an error when setting for player Dalynkaa
11.03.2023 - 19:04:18 - java.lang.IllegalStateException: zip file closed
11.03.2023 - 19:04:18 - 	at java.base/java.util.zip.ZipFile.ensureOpen(ZipFile.java:831)
11.03.2023 - 19:04:18 - 	at java.base/java.util.zip.ZipFile.getEntry(ZipFile.java:330)
11.03.2023 - 19:04:18 - 	at java.base/java.util.jar.JarFile.getEntry(JarFile.java:518)
11.03.2023 - 19:04:18 - 	at java.base/java.util.jar.JarFile.getJarEntry(JarFile.java:473)
11.03.2023 - 19:04:18 - 	at org.bukkit.plugin.java.PluginClassLoader.findClass(PluginClassLoader.java:189)
11.03.2023 - 19:04:18 - 	at java.base/java.lang.ClassLoader.loadClass(ClassLoader.java:587)
11.03.2023 - 19:04:18 - 	at org.bukkit.plugin.java.PluginClassLoader.loadClass0(PluginClassLoader.java:129)
11.03.2023 - 19:04:18 - 	at org.bukkit.plugin.java.PluginClassLoader.loadClass(PluginClassLoader.java:124)
11.03.2023 - 19:04:18 - 	at java.base/java.lang.ClassLoader.loadClass(ClassLoader.java:520)
11.03.2023 - 19:04:18 - 	at spworlds-1.0-SNAPSHOT.jar//com.spworlds.utils.PlaceholderApis.onRequest(PlaceholderApis.java:33)
11.03.2023 - 19:04:18 - 	at PlaceholderAPI-2.11.2.jar//me.clip.placeholderapi.replacer.CharsReplacer.apply(CharsReplacer.java:119)
11.03.2023 - 19:04:18 - 	at PlaceholderAPI-2.11.2.jar//me.clip.placeholderapi.PlaceholderAPI.setPlaceholders(PlaceholderAPI.java:71)
11.03.2023 - 19:04:18 - 	at PlaceholderAPI-2.11.2.jar//me.clip.placeholderapi.PlaceholderAPI.setPlaceholders(PlaceholderAPI.java:99)
11.03.2023 - 19:04:18 - 	at TAB.v3.2.4.jar//me.neznamy.tab.platforms.bukkit.BukkitPlatform.lambda$registerUnknownPlaceholder$2(BukkitPlatform.java:179)
11.03.2023 - 19:04:18 - 	at TAB.v3.2.4.jar//me.neznamy.tab.shared.placeholders.PlayerPlaceholderImpl.request(PlayerPlaceholderImpl.java:130)
11.03.2023 - 19:04:18 - 	at TAB.v3.2.4.jar//me.neznamy.tab.shared.placeholders.PlayerPlaceholderImpl.update(PlayerPlaceholderImpl.java:53)
11.03.2023 - 19:04:18 - 	at TAB.v3.2.4.jar//me.neznamy.tab.shared.features.PlaceholderManagerImpl.updatePlayerPlaceholder(PlaceholderManagerImpl.java:117)
11.03.2023 - 19:04:18 - 	at TAB.v3.2.4.jar//me.neznamy.tab.shared.features.PlaceholderManagerImpl.refresh(PlaceholderManagerImpl.java:68)
11.03.2023 - 19:04:18 - 	at TAB.v3.2.4.jar//me.neznamy.tab.shared.CpuManager.lambda$runMeasuredTask$8(CpuManager.java:354)
11.03.2023 - 19:04:18 - 	at TAB.v3.2.4.jar//me.neznamy.tab.shared.CpuManager.lambda$submit$1(CpuManager.java:111)
11.03.2023 - 19:04:18 - 	at java.base/java.util.concurrent.Executors$RunnableAdapter.call(Executors.java:539)
11.03.2023 - 19:04:18 - 	at java.base/java.util.concurrent.FutureTask.run(FutureTask.java:264)
11.03.2023 - 19:04:18 - 	at java.base/java.util.concurrent.ThreadPoolExecutor.runWorker(ThreadPoolExecutor.java:1136)
11.03.2023 - 19:04:18 - 	at java.base/java.util.concurrent.ThreadPoolExecutor$Worker.run(ThreadPoolExecutor.java:635)
11.03.2023 - 19:04:18 - 	at java.base/java.lang.Thread.run(Thread.java:833)
11.03.2023 - 19:04:19 - [TAB v3.2.4] Player placeholder %spbuild_getstagestring% generated an error when setting for player Dalynkaa
11.03.2023 - 19:04:19 - java.lang.IllegalStateException: zip file closed
11.03.2023 - 19:04:19 - 	at java.base/java.util.zip.ZipFile.ensureOpen(ZipFile.java:831)
11.03.2023 - 19:04:19 - 	at java.base/java.util.zip.ZipFile.getEntry(ZipFile.java:330)
11.03.2023 - 19:04:19 - 	at java.base/java.util.jar.JarFile.getEntry(JarFile.java:518)
11.03.2023 - 19:04:19 - 	at java.base/java.util.jar.JarFile.getJarEntry(JarFile.java:473)
11.03.2023 - 19:04:19 - 	at org.bukkit.plugin.java.PluginClassLoader.findClass(PluginClassLoader.java:189)
11.03.2023 - 19:04:19 - 	at java.base/java.lang.ClassLoader.loadClass(ClassLoader.java:587)
11.03.2023 - 19:04:19 - 	at org.bukkit.plugin.java.PluginClassLoader.loadClass0(PluginClassLoader.java:129)
11.03.2023 - 19:04:19 - 	at org.bukkit.plugin.java.PluginClassLoader.loadClass(PluginClassLoader.java:124)
11.03.2023 - 19:04:19 - 	at java.base/java.lang.ClassLoader.loadClass(ClassLoader.java:520)
11.03.2023 - 19:04:19 - 	at spworlds-1.0-SNAPSHOT.jar//com.spworlds.utils.PlaceholderApis.onRequest(PlaceholderApis.java:33)
11.03.2023 - 19:04:19 - 	at PlaceholderAPI-2.11.2.jar//me.clip.placeholderapi.replacer.CharsReplacer.apply(CharsReplacer.java:119)
11.03.2023 - 19:04:19 - 	at PlaceholderAPI-2.11.2.jar//me.clip.placeholderapi.PlaceholderAPI.setPlaceholders(PlaceholderAPI.java:71)
11.03.2023 - 19:04:19 - 	at PlaceholderAPI-2.11.2.jar//me.clip.placeholderapi.PlaceholderAPI.setPlaceholders(PlaceholderAPI.java:99)
11.03.2023 - 19:04:19 - 	at TAB.v3.2.4.jar//me.neznamy.tab.platforms.bukkit.BukkitPlatform.lambda$registerUnknownPlaceholder$2(BukkitPlatform.java:179)
11.03.2023 - 19:04:19 - 	at TAB.v3.2.4.jar//me.neznamy.tab.shared.placeholders.PlayerPlaceholderImpl.request(PlayerPlaceholderImpl.java:130)
11.03.2023 - 19:04:19 - 	at TAB.v3.2.4.jar//me.neznamy.tab.shared.placeholders.PlayerPlaceholderImpl.update(PlayerPlaceholderImpl.java:53)
11.03.2023 - 19:04:19 - 	at TAB.v3.2.4.jar//me.neznamy.tab.shared.features.PlaceholderManagerImpl.updatePlayerPlaceholder(PlaceholderManagerImpl.java:117)
11.03.2023 - 19:04:19 - 	at TAB.v3.2.4.jar//me.neznamy.tab.shared.features.PlaceholderManagerImpl.refresh(PlaceholderManagerImpl.java:68)
11.03.2023 - 19:04:19 - 	at TAB.v3.2.4.jar//me.neznamy.tab.shared.CpuManager.lambda$runMeasuredTask$8(CpuManager.java:354)
11.03.2023 - 19:04:19 - 	at TAB.v3.2.4.jar//me.neznamy.tab.shared.CpuManager.lambda$submit$1(CpuManager.java:111)
11.03.2023 - 19:04:19 - 	at java.base/java.util.concurrent.Executors$RunnableAdapter.call(Executors.java:539)
11.03.2023 - 19:04:19 - 	at java.base/java.util.concurrent.FutureTask.run(FutureTask.java:264)
11.03.2023 - 19:04:19 - 	at java.base/java.util.concurrent.ThreadPoolExecutor.runWorker(ThreadPoolExecutor.java:1136)
11.03.2023 - 19:04:19 - 	at java.base/java.util.concurrent.ThreadPoolExecutor$Worker.run(ThreadPoolExecutor.java:635)
11.03.2023 - 19:04:19 - 	at java.base/java.lang.Thread.run(Thread.java:833)
11.03.2023 - 19:04:19 - [TAB v3.2.4] Player placeholder %spbuild_getstagestring% generated an error when setting for player Dalynkaa
11.03.2023 - 19:04:19 - java.lang.IllegalStateException: zip file closed
11.03.2023 - 19:04:19 - 	at java.base/java.util.zip.ZipFile.ensureOpen(ZipFile.java:831)
11.03.2023 - 19:04:19 - 	at java.base/java.util.zip.ZipFile.getEntry(ZipFile.java:330)
11.03.2023 - 19:04:19 - 	at java.base/java.util.jar.JarFile.getEntry(JarFile.java:518)
11.03.2023 - 19:04:19 - 	at java.base/java.util.jar.JarFile.getJarEntry(JarFile.java:473)
11.03.2023 - 19:04:19 - 	at org.bukkit.plugin.java.PluginClassLoader.findClass(PluginClassLoader.java:189)
11.03.2023 - 19:04:19 - 	at java.base/java.lang.ClassLoader.loadClass(ClassLoader.java:587)
11.03.2023 - 19:04:19 - 	at org.bukkit.plugin.java.PluginClassLoader.loadClass0(PluginClassLoader.java:129)
11.03.2023 - 19:04:19 - 	at org.bukkit.plugin.java.PluginClassLoader.loadClass(PluginClassLoader.java:124)
11.03.2023 - 19:04:19 - 	at java.base/java.lang.ClassLoader.loadClass(ClassLoader.java:520)
11.03.2023 - 19:04:19 - 	at spworlds-1.0-SNAPSHOT.jar//com.spworlds.utils.PlaceholderApis.onRequest(PlaceholderApis.java:33)
11.03.2023 - 19:04:19 - 	at PlaceholderAPI-2.11.2.jar//me.clip.placeholderapi.replacer.CharsReplacer.apply(CharsReplacer.java:119)
11.03.2023 - 19:04:19 - 	at PlaceholderAPI-2.11.2.jar//me.clip.placeholderapi.PlaceholderAPI.setPlaceholders(PlaceholderAPI.java:71)
11.03.2023 - 19:04:19 - 	at PlaceholderAPI-2.11.2.jar//me.clip.placeholderapi.PlaceholderAPI.setPlaceholders(PlaceholderAPI.java:99)
11.03.2023 - 19:04:19 - 	at TAB.v3.2.4.jar//me.neznamy.tab.platforms.bukkit.BukkitPlatform.lambda$registerUnknownPlaceholder$2(BukkitPlatform.java:179)
11.03.2023 - 19:04:19 - 	at TAB.v3.2.4.jar//me.neznamy.tab.shared.placeholders.PlayerPlaceholderImpl.request(PlayerPlaceholderImpl.java:130)
11.03.2023 - 19:04:19 - 	at TAB.v3.2.4.jar//me.neznamy.tab.shared.placeholders.PlayerPlaceholderImpl.update(PlayerPlaceholderImpl.java:53)
11.03.2023 - 19:04:19 - 	at TAB.v3.2.4.jar//me.neznamy.tab.shared.features.PlaceholderManagerImpl.updatePlayerPlaceholder(PlaceholderManagerImpl.java:117)
11.03.2023 - 19:04:19 - 	at TAB.v3.2.4.jar//me.neznamy.tab.shared.features.PlaceholderManagerImpl.refresh(PlaceholderManagerImpl.java:68)
11.03.2023 - 19:04:19 - 	at TAB.v3.2.4.jar//me.neznamy.tab.shared.CpuManager.lambda$runMeasuredTask$8(CpuManager.java:354)
11.03.2023 - 19:04:19 - 	at TAB.v3.2.4.jar//me.neznamy.tab.shared.CpuManager.lambda$submit$1(CpuManager.java:111)
11.03.2023 - 19:04:19 - 	at java.base/java.util.concurrent.Executors$RunnableAdapter.call(Executors.java:539)
11.03.2023 - 19:04:19 - 	at java.base/java.util.concurrent.FutureTask.run(FutureTask.java:264)
11.03.2023 - 19:04:19 - 	at java.base/java.util.concurrent.ThreadPoolExecutor.runWorker(ThreadPoolExecutor.java:1136)
11.03.2023 - 19:04:19 - 	at java.base/java.util.concurrent.ThreadPoolExecutor$Worker.run(ThreadPoolExecutor.java:635)
11.03.2023 - 19:04:19 - 	at java.base/java.lang.Thread.run(Thread.java:833)
11.03.2023 - 19:04:20 - [TAB v3.2.4] Player placeholder %spbuild_getstagestring% generated an error when setting for player Dalynkaa
11.03.2023 - 19:04:20 - java.lang.IllegalStateException: zip file closed
11.03.2023 - 19:04:20 - 	at java.base/java.util.zip.ZipFile.ensureOpen(ZipFile.java:831)
11.03.2023 - 19:04:20 - 	at java.base/java.util.zip.ZipFile.getEntry(ZipFile.java:330)
11.03.2023 - 19:04:20 - 	at java.base/java.util.jar.JarFile.getEntry(JarFile.java:518)
11.03.2023 - 19:04:20 - 	at java.base/java.util.jar.JarFile.getJarEntry(JarFile.java:473)
11.03.2023 - 19:04:20 - 	at org.bukkit.plugin.java.PluginClassLoader.findClass(PluginClassLoader.java:189)
11.03.2023 - 19:04:20 - 	at java.base/java.lang.ClassLoader.loadClass(ClassLoader.java:587)
11.03.2023 - 19:04:20 - 	at org.bukkit.plugin.java.PluginClassLoader.loadClass0(PluginClassLoader.java:129)
11.03.2023 - 19:04:20 - 	at org.bukkit.plugin.java.PluginClassLoader.loadClass(PluginClassLoader.java:124)
11.03.2023 - 19:04:20 - 	at java.base/java.lang.ClassLoader.loadClass(ClassLoader.java:520)
11.03.2023 - 19:04:20 - 	at spworlds-1.0-SNAPSHOT.jar//com.spworlds.utils.PlaceholderApis.onRequest(PlaceholderApis.java:33)
11.03.2023 - 19:04:20 - 	at PlaceholderAPI-2.11.2.jar//me.clip.placeholderapi.replacer.CharsReplacer.apply(CharsReplacer.java:119)
11.03.2023 - 19:04:20 - 	at PlaceholderAPI-2.11.2.jar//me.clip.placeholderapi.PlaceholderAPI.setPlaceholders(PlaceholderAPI.java:71)
11.03.2023 - 19:04:20 - 	at PlaceholderAPI-2.11.2.jar//me.clip.placeholderapi.PlaceholderAPI.setPlaceholders(PlaceholderAPI.java:99)
11.03.2023 - 19:04:20 - 	at TAB.v3.2.4.jar//me.neznamy.tab.platforms.bukkit.BukkitPlatform.lambda$registerUnknownPlaceholder$2(BukkitPlatform.java:179)
11.03.2023 - 19:04:20 - 	at TAB.v3.2.4.jar//me.neznamy.tab.shared.placeholders.PlayerPlaceholderImpl.request(PlayerPlaceholderImpl.java:130)
11.03.2023 - 19:04:20 - 	at TAB.v3.2.4.jar//me.neznamy.tab.shared.placeholders.PlayerPlaceholderImpl.update(PlayerPlaceholderImpl.java:53)
11.03.2023 - 19:04:20 - 	at TAB.v3.2.4.jar//me.neznamy.tab.shared.features.PlaceholderManagerImpl.updatePlayerPlaceholder(PlaceholderManagerImpl.java:117)
11.03.2023 - 19:04:20 - 	at TAB.v3.2.4.jar//me.neznamy.tab.shared.features.PlaceholderManagerImpl.refresh(PlaceholderManagerImpl.java:68)
11.03.2023 - 19:04:20 - 	at TAB.v3.2.4.jar//me.neznamy.tab.shared.CpuManager.lambda$runMeasuredTask$8(CpuManager.java:354)
11.03.2023 - 19:04:20 - 	at TAB.v3.2.4.jar//me.neznamy.tab.shared.CpuManager.lambda$submit$1(CpuManager.java:111)
11.03.2023 - 19:04:20 - 	at java.base/java.util.concurrent.Executors$RunnableAdapter.call(Executors.java:539)
11.03.2023 - 19:04:20 - 	at java.base/java.util.concurrent.FutureTask.run(FutureTask.java:264)
11.03.2023 - 19:04:20 - 	at java.base/java.util.concurrent.ThreadPoolExecutor.runWorker(ThreadPoolExecutor.java:1136)
11.03.2023 - 19:04:20 - 	at java.base/java.util.concurrent.ThreadPoolExecutor$Worker.run(ThreadPoolExecutor.java:635)
11.03.2023 - 19:04:20 - 	at java.base/java.lang.Thread.run(Thread.java:833)
11.03.2023 - 19:04:20 - [TAB v3.2.4] Player placeholder %spbuild_getstagestring% generated an error when setting for player Dalynkaa
11.03.2023 - 19:04:20 - java.lang.IllegalStateException: zip file closed
11.03.2023 - 19:04:20 - 	at java.base/java.util.zip.ZipFile.ensureOpen(ZipFile.java:831)
11.03.2023 - 19:04:20 - 	at java.base/java.util.zip.ZipFile.getEntry(ZipFile.java:330)
11.03.2023 - 19:04:20 - 	at java.base/java.util.jar.JarFile.getEntry(JarFile.java:518)
11.03.2023 - 19:04:20 - 	at java.base/java.util.jar.JarFile.getJarEntry(JarFile.java:473)
11.03.2023 - 19:04:20 - 	at org.bukkit.plugin.java.PluginClassLoader.findClass(PluginClassLoader.java:189)
11.03.2023 - 19:04:20 - 	at java.base/java.lang.ClassLoader.loadClass(ClassLoader.java:587)
11.03.2023 - 19:04:20 - 	at org.bukkit.plugin.java.PluginClassLoader.loadClass0(PluginClassLoader.java:129)
11.03.2023 - 19:04:20 - 	at org.bukkit.plugin.java.PluginClassLoader.loadClass(PluginClassLoader.java:124)
11.03.2023 - 19:04:20 - 	at java.base/java.lang.ClassLoader.loadClass(ClassLoader.java:520)
11.03.2023 - 19:04:20 - 	at spworlds-1.0-SNAPSHOT.jar//com.spworlds.utils.PlaceholderApis.onRequest(PlaceholderApis.java:33)
11.03.2023 - 19:04:20 - 	at PlaceholderAPI-2.11.2.jar//me.clip.placeholderapi.replacer.CharsReplacer.apply(CharsReplacer.java:119)
11.03.2023 - 19:04:20 - 	at PlaceholderAPI-2.11.2.jar//me.clip.placeholderapi.PlaceholderAPI.setPlaceholders(PlaceholderAPI.java:71)
11.03.2023 - 19:04:20 - 	at PlaceholderAPI-2.11.2.jar//me.clip.placeholderapi.PlaceholderAPI.setPlaceholders(PlaceholderAPI.java:99)
11.03.2023 - 19:04:20 - 	at TAB.v3.2.4.jar//me.neznamy.tab.platforms.bukkit.BukkitPlatform.lambda$registerUnknownPlaceholder$2(BukkitPlatform.java:179)
11.03.2023 - 19:04:20 - 	at TAB.v3.2.4.jar//me.neznamy.tab.shared.placeholders.PlayerPlaceholderImpl.request(PlayerPlaceholderImpl.java:130)
11.03.2023 - 19:04:20 - 	at TAB.v3.2.4.jar//me.neznamy.tab.shared.placeholders.PlayerPlaceholderImpl.update(PlayerPlaceholderImpl.java:53)
11.03.2023 - 19:04:20 - 	at TAB.v3.2.4.jar//me.neznamy.tab.shared.features.PlaceholderManagerImpl.updatePlayerPlaceholder(PlaceholderManagerImpl.java:117)
11.03.2023 - 19:04:20 - 	at TAB.v3.2.4.jar//me.neznamy.tab.shared.features.PlaceholderManagerImpl.refresh(PlaceholderManagerImpl.java:68)
11.03.2023 - 19:04:20 - 	at TAB.v3.2.4.jar//me.neznamy.tab.shared.CpuManager.lambda$runMeasuredTask$8(CpuManager.java:354)
11.03.2023 - 19:04:20 - 	at TAB.v3.2.4.jar//me.neznamy.tab.shared.CpuManager.lambda$submit$1(CpuManager.java:111)
11.03.2023 - 19:04:20 - 	at java.base/java.util.concurrent.Executors$RunnableAdapter.call(Executors.java:539)
11.03.2023 - 19:04:20 - 	at java.base/java.util.concurrent.FutureTask.run(FutureTask.java:264)
11.03.2023 - 19:04:20 - 	at java.base/java.util.concurrent.ThreadPoolExecutor.runWorker(ThreadPoolExecutor.java:1136)
11.03.2023 - 19:04:20 - 	at java.base/java.util.concurrent.ThreadPoolExecutor$Worker.run(ThreadPoolExecutor.java:635)
11.03.2023 - 19:04:20 - 	at java.base/java.lang.Thread.run(Thread.java:833)
11.03.2023 - 19:04:21 - [TAB v3.2.4] Player placeholder %spbuild_getstagestring% generated an error when setting for player Dalynkaa
11.03.2023 - 19:04:21 - java.lang.IllegalStateException: zip file closed
11.03.2023 - 19:04:21 - 	at java.base/java.util.zip.ZipFile.ensureOpen(ZipFile.java:831)
11.03.2023 - 19:04:21 - 	at java.base/java.util.zip.ZipFile.getEntry(ZipFile.java:330)
11.03.2023 - 19:04:21 - 	at java.base/java.util.jar.JarFile.getEntry(JarFile.java:518)
11.03.2023 - 19:04:21 - 	at java.base/java.util.jar.JarFile.getJarEntry(JarFile.java:473)
11.03.2023 - 19:04:21 - 	at org.bukkit.plugin.java.PluginClassLoader.findClass(PluginClassLoader.java:189)
11.03.2023 - 19:04:21 - 	at java.base/java.lang.ClassLoader.loadClass(ClassLoader.java:587)
11.03.2023 - 19:04:21 - 	at org.bukkit.plugin.java.PluginClassLoader.loadClass0(PluginClassLoader.java:129)
11.03.2023 - 19:04:21 - 	at org.bukkit.plugin.java.PluginClassLoader.loadClass(PluginClassLoader.java:124)
11.03.2023 - 19:04:21 - 	at java.base/java.lang.ClassLoader.loadClass(ClassLoader.java:520)
11.03.2023 - 19:04:21 - 	at spworlds-1.0-SNAPSHOT.jar//com.spworlds.utils.PlaceholderApis.onRequest(PlaceholderApis.java:33)
11.03.2023 - 19:04:21 - 	at PlaceholderAPI-2.11.2.jar//me.clip.placeholderapi.replacer.CharsReplacer.apply(CharsReplacer.java:119)
11.03.2023 - 19:04:21 - 	at PlaceholderAPI-2.11.2.jar//me.clip.placeholderapi.PlaceholderAPI.setPlaceholders(PlaceholderAPI.java:71)
11.03.2023 - 19:04:21 - 	at PlaceholderAPI-2.11.2.jar//me.clip.placeholderapi.PlaceholderAPI.setPlaceholders(PlaceholderAPI.java:99)
11.03.2023 - 19:04:21 - 	at TAB.v3.2.4.jar//me.neznamy.tab.platforms.bukkit.BukkitPlatform.lambda$registerUnknownPlaceholder$2(BukkitPlatform.java:179)
11.03.2023 - 19:04:21 - 	at TAB.v3.2.4.jar//me.neznamy.tab.shared.placeholders.PlayerPlaceholderImpl.request(PlayerPlaceholderImpl.java:130)
11.03.2023 - 19:04:21 - 	at TAB.v3.2.4.jar//me.neznamy.tab.shared.placeholders.PlayerPlaceholderImpl.update(PlayerPlaceholderImpl.java:53)
11.03.2023 - 19:04:21 - 	at TAB.v3.2.4.jar//me.neznamy.tab.shared.features.PlaceholderManagerImpl.updatePlayerPlaceholder(PlaceholderManagerImpl.java:117)
11.03.2023 - 19:04:21 - 	at TAB.v3.2.4.jar//me.neznamy.tab.shared.features.PlaceholderManagerImpl.refresh(PlaceholderManagerImpl.java:68)
11.03.2023 - 19:04:21 - 	at TAB.v3.2.4.jar//me.neznamy.tab.shared.CpuManager.lambda$runMeasuredTask$8(CpuManager.java:354)
11.03.2023 - 19:04:21 - 	at TAB.v3.2.4.jar//me.neznamy.tab.shared.CpuManager.lambda$submit$1(CpuManager.java:111)
11.03.2023 - 19:04:21 - 	at java.base/java.util.concurrent.Executors$RunnableAdapter.call(Executors.java:539)
11.03.2023 - 19:04:21 - 	at java.base/java.util.concurrent.FutureTask.run(FutureTask.java:264)
11.03.2023 - 19:04:21 - 	at java.base/java.util.concurrent.ThreadPoolExecutor.runWorker(ThreadPoolExecutor.java:1136)
11.03.2023 - 19:04:21 - 	at java.base/java.util.concurrent.ThreadPoolExecutor$Worker.run(ThreadPoolExecutor.java:635)
11.03.2023 - 19:04:21 - 	at java.base/java.lang.Thread.run(Thread.java:833)
11.03.2023 - 19:04:21 - [TAB v3.2.4] Player placeholder %spbuild_getstagestring% generated an error when setting for player Dalynkaa
11.03.2023 - 19:04:21 - java.lang.IllegalStateException: zip file closed
11.03.2023 - 19:04:21 - 	at java.base/java.util.zip.ZipFile.ensureOpen(ZipFile.java:831)
11.03.2023 - 19:04:21 - 	at java.base/java.util.zip.ZipFile.getEntry(ZipFile.java:330)
11.03.2023 - 19:04:21 - 	at java.base/java.util.jar.JarFile.getEntry(JarFile.java:518)
11.03.2023 - 19:04:21 - 	at java.base/java.util.jar.JarFile.getJarEntry(JarFile.java:473)
11.03.2023 - 19:04:21 - 	at org.bukkit.plugin.java.PluginClassLoader.findClass(PluginClassLoader.java:189)
11.03.2023 - 19:04:21 - 	at java.base/java.lang.ClassLoader.loadClass(ClassLoader.java:587)
11.03.2023 - 19:04:21 - 	at org.bukkit.plugin.java.PluginClassLoader.loadClass0(PluginClassLoader.java:129)
11.03.2023 - 19:04:21 - 	at org.bukkit.plugin.java.PluginClassLoader.loadClass(PluginClassLoader.java:124)
11.03.2023 - 19:04:21 - 	at java.base/java.lang.ClassLoader.loadClass(ClassLoader.java:520)
11.03.2023 - 19:04:21 - 	at spworlds-1.0-SNAPSHOT.jar//com.spworlds.utils.PlaceholderApis.onRequest(PlaceholderApis.java:33)
11.03.2023 - 19:04:21 - 	at PlaceholderAPI-2.11.2.jar//me.clip.placeholderapi.replacer.CharsReplacer.apply(CharsReplacer.java:119)
11.03.2023 - 19:04:21 - 	at PlaceholderAPI-2.11.2.jar//me.clip.placeholderapi.PlaceholderAPI.setPlaceholders(PlaceholderAPI.java:71)
11.03.2023 - 19:04:21 - 	at PlaceholderAPI-2.11.2.jar//me.clip.placeholderapi.PlaceholderAPI.setPlaceholders(PlaceholderAPI.java:99)
11.03.2023 - 19:04:21 - 	at TAB.v3.2.4.jar//me.neznamy.tab.platforms.bukkit.BukkitPlatform.lambda$registerUnknownPlaceholder$2(BukkitPlatform.java:179)
11.03.2023 - 19:04:21 - 	at TAB.v3.2.4.jar//me.neznamy.tab.shared.placeholders.PlayerPlaceholderImpl.request(PlayerPlaceholderImpl.java:130)
11.03.2023 - 19:04:21 - 	at TAB.v3.2.4.jar//me.neznamy.tab.shared.placeholders.PlayerPlaceholderImpl.update(PlayerPlaceholderImpl.java:53)
11.03.2023 - 19:04:21 - 	at TAB.v3.2.4.jar//me.neznamy.tab.shared.features.PlaceholderManagerImpl.updatePlayerPlaceholder(PlaceholderManagerImpl.java:117)
11.03.2023 - 19:04:21 - 	at TAB.v3.2.4.jar//me.neznamy.tab.shared.features.PlaceholderManagerImpl.refresh(PlaceholderManagerImpl.java:68)
11.03.2023 - 19:04:21 - 	at TAB.v3.2.4.jar//me.neznamy.tab.shared.CpuManager.lambda$runMeasuredTask$8(CpuManager.java:354)
11.03.2023 - 19:04:21 - 	at TAB.v3.2.4.jar//me.neznamy.tab.shared.CpuManager.lambda$submit$1(CpuManager.java:111)
11.03.2023 - 19:04:21 - 	at java.base/java.util.concurrent.Executors$RunnableAdapter.call(Executors.java:539)
11.03.2023 - 19:04:21 - 	at java.base/java.util.concurrent.FutureTask.run(FutureTask.java:264)
11.03.2023 - 19:04:21 - 	at java.base/java.util.concurrent.ThreadPoolExecutor.runWorker(ThreadPoolExecutor.java:1136)
11.03.2023 - 19:04:21 - 	at java.base/java.util.concurrent.ThreadPoolExecutor$Worker.run(ThreadPoolExecutor.java:635)
11.03.2023 - 19:04:21 - 	at java.base/java.lang.Thread.run(Thread.java:833)
11.03.2023 - 19:04:22 - [TAB v3.2.4] Player placeholder %spbuild_getstagestring% generated an error when setting for player Dalynkaa
11.03.2023 - 19:04:22 - java.lang.IllegalStateException: zip file closed
11.03.2023 - 19:04:22 - 	at java.base/java.util.zip.ZipFile.ensureOpen(ZipFile.java:831)
11.03.2023 - 19:04:22 - 	at java.base/java.util.zip.ZipFile.getEntry(ZipFile.java:330)
11.03.2023 - 19:04:22 - 	at java.base/java.util.jar.JarFile.getEntry(JarFile.java:518)
11.03.2023 - 19:04:22 - 	at java.base/java.util.jar.JarFile.getJarEntry(JarFile.java:473)
11.03.2023 - 19:04:22 - 	at org.bukkit.plugin.java.PluginClassLoader.findClass(PluginClassLoader.java:189)
11.03.2023 - 19:04:22 - 	at java.base/java.lang.ClassLoader.loadClass(ClassLoader.java:587)
11.03.2023 - 19:04:22 - 	at org.bukkit.plugin.java.PluginClassLoader.loadClass0(PluginClassLoader.java:129)
11.03.2023 - 19:04:22 - 	at org.bukkit.plugin.java.PluginClassLoader.loadClass(PluginClassLoader.java:124)
11.03.2023 - 19:04:22 - 	at java.base/java.lang.ClassLoader.loadClass(ClassLoader.java:520)
11.03.2023 - 19:04:22 - 	at spworlds-1.0-SNAPSHOT.jar//com.spworlds.utils.PlaceholderApis.onRequest(PlaceholderApis.java:33)
11.03.2023 - 19:04:22 - 	at PlaceholderAPI-2.11.2.jar//me.clip.placeholderapi.replacer.CharsReplacer.apply(CharsReplacer.java:119)
11.03.2023 - 19:04:22 - 	at PlaceholderAPI-2.11.2.jar//me.clip.placeholderapi.PlaceholderAPI.setPlaceholders(PlaceholderAPI.java:71)
11.03.2023 - 19:04:22 - 	at PlaceholderAPI-2.11.2.jar//me.clip.placeholderapi.PlaceholderAPI.setPlaceholders(PlaceholderAPI.java:99)
11.03.2023 - 19:04:22 - 	at TAB.v3.2.4.jar//me.neznamy.tab.platforms.bukkit.BukkitPlatform.lambda$registerUnknownPlaceholder$2(BukkitPlatform.java:179)
11.03.2023 - 19:04:22 - 	at TAB.v3.2.4.jar//me.neznamy.tab.shared.placeholders.PlayerPlaceholderImpl.request(PlayerPlaceholderImpl.java:130)
11.03.2023 - 19:04:22 - 	at TAB.v3.2.4.jar//me.neznamy.tab.shared.placeholders.PlayerPlaceholderImpl.update(PlayerPlaceholderImpl.java:53)
11.03.2023 - 19:04:22 - 	at TAB.v3.2.4.jar//me.neznamy.tab.shared.features.PlaceholderManagerImpl.updatePlayerPlaceholder(PlaceholderManagerImpl.java:117)
11.03.2023 - 19:04:22 - 	at TAB.v3.2.4.jar//me.neznamy.tab.shared.features.PlaceholderManagerImpl.refresh(PlaceholderManagerImpl.java:68)
11.03.2023 - 19:04:22 - 	at TAB.v3.2.4.jar//me.neznamy.tab.shared.CpuManager.lambda$runMeasuredTask$8(CpuManager.java:354)
11.03.2023 - 19:04:22 - 	at TAB.v3.2.4.jar//me.neznamy.tab.shared.CpuManager.lambda$submit$1(CpuManager.java:111)
11.03.2023 - 19:04:22 - 	at java.base/java.util.concurrent.Executors$RunnableAdapter.call(Executors.java:539)
11.03.2023 - 19:04:22 - 	at java.base/java.util.concurrent.FutureTask.run(FutureTask.java:264)
11.03.2023 - 19:04:22 - 	at java.base/java.util.concurrent.ThreadPoolExecutor.runWorker(ThreadPoolExecutor.java:1136)
11.03.2023 - 19:04:22 - 	at java.base/java.util.concurrent.ThreadPoolExecutor$Worker.run(ThreadPoolExecutor.java:635)
11.03.2023 - 19:04:22 - 	at java.base/java.lang.Thread.run(Thread.java:833)
11.03.2023 - 19:04:22 - [TAB v3.2.4] Player placeholder %spbuild_getstagestring% generated an error when setting for player Dalynkaa
11.03.2023 - 19:04:22 - java.lang.IllegalStateException: zip file closed
11.03.2023 - 19:04:22 - 	at java.base/java.util.zip.ZipFile.ensureOpen(ZipFile.java:831)
11.03.2023 - 19:04:22 - 	at java.base/java.util.zip.ZipFile.getEntry(ZipFile.java:330)
11.03.2023 - 19:04:22 - 	at java.base/java.util.jar.JarFile.getEntry(JarFile.java:518)
11.03.2023 - 19:04:22 - 	at java.base/java.util.jar.JarFile.getJarEntry(JarFile.java:473)
11.03.2023 - 19:04:22 - 	at org.bukkit.plugin.java.PluginClassLoader.findClass(PluginClassLoader.java:189)
11.03.2023 - 19:04:22 - 	at java.base/java.lang.ClassLoader.loadClass(ClassLoader.java:587)
11.03.2023 - 19:04:22 - 	at org.bukkit.plugin.java.PluginClassLoader.loadClass0(PluginClassLoader.java:129)
11.03.2023 - 19:04:22 - 	at org.bukkit.plugin.java.PluginClassLoader.loadClass(PluginClassLoader.java:124)
11.03.2023 - 19:04:22 - 	at java.base/java.lang.ClassLoader.loadClass(ClassLoader.java:520)
11.03.2023 - 19:04:22 - 	at spworlds-1.0-SNAPSHOT.jar//com.spworlds.utils.PlaceholderApis.onRequest(PlaceholderApis.java:33)
11.03.2023 - 19:04:22 - 	at PlaceholderAPI-2.11.2.jar//me.clip.placeholderapi.replacer.CharsReplacer.apply(CharsReplacer.java:119)
11.03.2023 - 19:04:22 - 	at PlaceholderAPI-2.11.2.jar//me.clip.placeholderapi.PlaceholderAPI.setPlaceholders(PlaceholderAPI.java:71)
11.03.2023 - 19:04:22 - 	at PlaceholderAPI-2.11.2.jar//me.clip.placeholderapi.PlaceholderAPI.setPlaceholders(PlaceholderAPI.java:99)
11.03.2023 - 19:04:22 - 	at TAB.v3.2.4.jar//me.neznamy.tab.platforms.bukkit.BukkitPlatform.lambda$registerUnknownPlaceholder$2(BukkitPlatform.java:179)
11.03.2023 - 19:04:22 - 	at TAB.v3.2.4.jar//me.neznamy.tab.shared.placeholders.PlayerPlaceholderImpl.request(PlayerPlaceholderImpl.java:130)
11.03.2023 - 19:04:22 - 	at TAB.v3.2.4.jar//me.neznamy.tab.shared.placeholders.PlayerPlaceholderImpl.update(PlayerPlaceholderImpl.java:53)
11.03.2023 - 19:04:22 - 	at TAB.v3.2.4.jar//me.neznamy.tab.shared.features.PlaceholderManagerImpl.updatePlayerPlaceholder(PlaceholderManagerImpl.java:117)
11.03.2023 - 19:04:22 - 	at TAB.v3.2.4.jar//me.neznamy.tab.shared.features.PlaceholderManagerImpl.refresh(PlaceholderManagerImpl.java:68)
11.03.2023 - 19:04:22 - 	at TAB.v3.2.4.jar//me.neznamy.tab.shared.CpuManager.lambda$runMeasuredTask$8(CpuManager.java:354)
11.03.2023 - 19:04:22 - 	at TAB.v3.2.4.jar//me.neznamy.tab.shared.CpuManager.lambda$submit$1(CpuManager.java:111)
11.03.2023 - 19:04:22 - 	at java.base/java.util.concurrent.Executors$RunnableAdapter.call(Executors.java:539)
11.03.2023 - 19:04:22 - 	at java.base/java.util.concurrent.FutureTask.run(FutureTask.java:264)
11.03.2023 - 19:04:22 - 	at java.base/java.util.concurrent.ThreadPoolExecutor.runWorker(ThreadPoolExecutor.java:1136)
11.03.2023 - 19:04:22 - 	at java.base/java.util.concurrent.ThreadPoolExecutor$Worker.run(ThreadPoolExecutor.java:635)
11.03.2023 - 19:04:22 - 	at java.base/java.lang.Thread.run(Thread.java:833)
11.03.2023 - 19:04:23 - [TAB v3.2.4] Player placeholder %spbuild_getstagestring% generated an error when setting for player Dalynkaa
11.03.2023 - 19:04:23 - java.lang.IllegalStateException: zip file closed
11.03.2023 - 19:04:23 - 	at java.base/java.util.zip.ZipFile.ensureOpen(ZipFile.java:831)
11.03.2023 - 19:04:23 - 	at java.base/java.util.zip.ZipFile.getEntry(ZipFile.java:330)
11.03.2023 - 19:04:23 - 	at java.base/java.util.jar.JarFile.getEntry(JarFile.java:518)
11.03.2023 - 19:04:23 - 	at java.base/java.util.jar.JarFile.getJarEntry(JarFile.java:473)
11.03.2023 - 19:04:23 - 	at org.bukkit.plugin.java.PluginClassLoader.findClass(PluginClassLoader.java:189)
11.03.2023 - 19:04:23 - 	at java.base/java.lang.ClassLoader.loadClass(ClassLoader.java:587)
11.03.2023 - 19:04:23 - 	at org.bukkit.plugin.java.PluginClassLoader.loadClass0(PluginClassLoader.java:129)
11.03.2023 - 19:04:23 - 	at org.bukkit.plugin.java.PluginClassLoader.loadClass(PluginClassLoader.java:124)
11.03.2023 - 19:04:23 - 	at java.base/java.lang.ClassLoader.loadClass(ClassLoader.java:520)
11.03.2023 - 19:04:23 - 	at spworlds-1.0-SNAPSHOT.jar//com.spworlds.utils.PlaceholderApis.onRequest(PlaceholderApis.java:33)
11.03.2023 - 19:04:23 - 	at PlaceholderAPI-2.11.2.jar//me.clip.placeholderapi.replacer.CharsReplacer.apply(CharsReplacer.java:119)
11.03.2023 - 19:04:23 - 	at PlaceholderAPI-2.11.2.jar//me.clip.placeholderapi.PlaceholderAPI.setPlaceholders(PlaceholderAPI.java:71)
11.03.2023 - 19:04:23 - 	at PlaceholderAPI-2.11.2.jar//me.clip.placeholderapi.PlaceholderAPI.setPlaceholders(PlaceholderAPI.java:99)
11.03.2023 - 19:04:23 - 	at TAB.v3.2.4.jar//me.neznamy.tab.platforms.bukkit.BukkitPlatform.lambda$registerUnknownPlaceholder$2(BukkitPlatform.java:179)
11.03.2023 - 19:04:23 - 	at TAB.v3.2.4.jar//me.neznamy.tab.shared.placeholders.PlayerPlaceholderImpl.request(PlayerPlaceholderImpl.java:130)
11.03.2023 - 19:04:23 - 	at TAB.v3.2.4.jar//me.neznamy.tab.shared.placeholders.PlayerPlaceholderImpl.update(PlayerPlaceholderImpl.java:53)
11.03.2023 - 19:04:23 - 	at TAB.v3.2.4.jar//me.neznamy.tab.shared.features.PlaceholderManagerImpl.updatePlayerPlaceholder(PlaceholderManagerImpl.java:117)
11.03.2023 - 19:04:23 - 	at TAB.v3.2.4.jar//me.neznamy.tab.shared.features.PlaceholderManagerImpl.refresh(PlaceholderManagerImpl.java:68)
11.03.2023 - 19:04:23 - 	at TAB.v3.2.4.jar//me.neznamy.tab.shared.CpuManager.lambda$runMeasuredTask$8(CpuManager.java:354)
11.03.2023 - 19:04:23 - 	at TAB.v3.2.4.jar//me.neznamy.tab.shared.CpuManager.lambda$submit$1(CpuManager.java:111)
11.03.2023 - 19:04:23 - 	at java.base/java.util.concurrent.Executors$RunnableAdapter.call(Executors.java:539)
11.03.2023 - 19:04:23 - 	at java.base/java.util.concurrent.FutureTask.run(FutureTask.java:264)
11.03.2023 - 19:04:23 - 	at java.base/java.util.concurrent.ThreadPoolExecutor.runWorker(ThreadPoolExecutor.java:1136)
11.03.2023 - 19:04:23 - 	at java.base/java.util.concurrent.ThreadPoolExecutor$Worker.run(ThreadPoolExecutor.java:635)
11.03.2023 - 19:04:23 - 	at java.base/java.lang.Thread.run(Thread.java:833)
11.03.2023 - 19:04:23 - [TAB v3.2.4] Player placeholder %spbuild_getstagestring% generated an error when setting for player Dalynkaa
11.03.2023 - 19:04:23 - java.lang.IllegalStateException: zip file closed
11.03.2023 - 19:04:23 - 	at java.base/java.util.zip.ZipFile.ensureOpen(ZipFile.java:831)
11.03.2023 - 19:04:23 - 	at java.base/java.util.zip.ZipFile.getEntry(ZipFile.java:330)
11.03.2023 - 19:04:23 - 	at java.base/java.util.jar.JarFile.getEntry(JarFile.java:518)
11.03.2023 - 19:04:23 - 	at java.base/java.util.jar.JarFile.getJarEntry(JarFile.java:473)
11.03.2023 - 19:04:23 - 	at org.bukkit.plugin.java.PluginClassLoader.findClass(PluginClassLoader.java:189)
11.03.2023 - 19:04:23 - 	at java.base/java.lang.ClassLoader.loadClass(ClassLoader.java:587)
11.03.2023 - 19:04:23 - 	at org.bukkit.plugin.java.PluginClassLoader.loadClass0(PluginClassLoader.java:129)
11.03.2023 - 19:04:23 - 	at org.bukkit.plugin.java.PluginClassLoader.loadClass(PluginClassLoader.java:124)
11.03.2023 - 19:04:23 - 	at java.base/java.lang.ClassLoader.loadClass(ClassLoader.java:520)
11.03.2023 - 19:04:23 - 	at spworlds-1.0-SNAPSHOT.jar//com.spworlds.utils.PlaceholderApis.onRequest(PlaceholderApis.java:33)
11.03.2023 - 19:04:23 - 	at PlaceholderAPI-2.11.2.jar//me.clip.placeholderapi.replacer.CharsReplacer.apply(CharsReplacer.java:119)
11.03.2023 - 19:04:23 - 	at PlaceholderAPI-2.11.2.jar//me.clip.placeholderapi.PlaceholderAPI.setPlaceholders(PlaceholderAPI.java:71)
11.03.2023 - 19:04:23 - 	at PlaceholderAPI-2.11.2.jar//me.clip.placeholderapi.PlaceholderAPI.setPlaceholders(PlaceholderAPI.java:99)
11.03.2023 - 19:04:23 - 	at TAB.v3.2.4.jar//me.neznamy.tab.platforms.bukkit.BukkitPlatform.lambda$registerUnknownPlaceholder$2(BukkitPlatform.java:179)
11.03.2023 - 19:04:23 - 	at TAB.v3.2.4.jar//me.neznamy.tab.shared.placeholders.PlayerPlaceholderImpl.request(PlayerPlaceholderImpl.java:130)
11.03.2023 - 19:04:23 - 	at TAB.v3.2.4.jar//me.neznamy.tab.shared.placeholders.PlayerPlaceholderImpl.update(PlayerPlaceholderImpl.java:53)
11.03.2023 - 19:04:23 - 	at TAB.v3.2.4.jar//me.neznamy.tab.shared.features.PlaceholderManagerImpl.updatePlayerPlaceholder(PlaceholderManagerImpl.java:117)
11.03.2023 - 19:04:23 - 	at TAB.v3.2.4.jar//me.neznamy.tab.shared.features.PlaceholderManagerImpl.refresh(PlaceholderManagerImpl.java:68)
11.03.2023 - 19:04:23 - 	at TAB.v3.2.4.jar//me.neznamy.tab.shared.CpuManager.lambda$runMeasuredTask$8(CpuManager.java:354)
11.03.2023 - 19:04:23 - 	at TAB.v3.2.4.jar//me.neznamy.tab.shared.CpuManager.lambda$submit$1(CpuManager.java:111)
11.03.2023 - 19:04:23 - 	at java.base/java.util.concurrent.Executors$RunnableAdapter.call(Executors.java:539)
11.03.2023 - 19:04:23 - 	at java.base/java.util.concurrent.FutureTask.run(FutureTask.java:264)
11.03.2023 - 19:04:23 - 	at java.base/java.util.concurrent.ThreadPoolExecutor.runWorker(ThreadPoolExecutor.java:1136)
11.03.2023 - 19:04:23 - 	at java.base/java.util.concurrent.ThreadPoolExecutor$Worker.run(ThreadPoolExecutor.java:635)
11.03.2023 - 19:04:23 - 	at java.base/java.lang.Thread.run(Thread.java:833)
11.03.2023 - 19:04:24 - [TAB v3.2.4] Player placeholder %spbuild_getstagestring% generated an error when setting for player Dalynkaa
11.03.2023 - 19:04:24 - java.lang.IllegalStateException: zip file closed
11.03.2023 - 19:04:24 - 	at java.base/java.util.zip.ZipFile.ensureOpen(ZipFile.java:831)
11.03.2023 - 19:04:24 - 	at java.base/java.util.zip.ZipFile.getEntry(ZipFile.java:330)
11.03.2023 - 19:04:24 - 	at java.base/java.util.jar.JarFile.getEntry(JarFile.java:518)
11.03.2023 - 19:04:24 - 	at java.base/java.util.jar.JarFile.getJarEntry(JarFile.java:473)
11.03.2023 - 19:04:24 - 	at org.bukkit.plugin.java.PluginClassLoader.findClass(PluginClassLoader.java:189)
11.03.2023 - 19:04:24 - 	at java.base/java.lang.ClassLoader.loadClass(ClassLoader.java:587)
11.03.2023 - 19:04:24 - 	at org.bukkit.plugin.java.PluginClassLoader.loadClass0(PluginClassLoader.java:129)
11.03.2023 - 19:04:24 - 	at org.bukkit.plugin.java.PluginClassLoader.loadClass(PluginClassLoader.java:124)
11.03.2023 - 19:04:24 - 	at java.base/java.lang.ClassLoader.loadClass(ClassLoader.java:520)
11.03.2023 - 19:04:24 - 	at spworlds-1.0-SNAPSHOT.jar//com.spworlds.utils.PlaceholderApis.onRequest(PlaceholderApis.java:33)
11.03.2023 - 19:04:24 - 	at PlaceholderAPI-2.11.2.jar//me.clip.placeholderapi.replacer.CharsReplacer.apply(CharsReplacer.java:119)
11.03.2023 - 19:04:24 - 	at PlaceholderAPI-2.11.2.jar//me.clip.placeholderapi.PlaceholderAPI.setPlaceholders(PlaceholderAPI.java:71)
11.03.2023 - 19:04:24 - 	at PlaceholderAPI-2.11.2.jar//me.clip.placeholderapi.PlaceholderAPI.setPlaceholders(PlaceholderAPI.java:99)
11.03.2023 - 19:04:24 - 	at TAB.v3.2.4.jar//me.neznamy.tab.platforms.bukkit.BukkitPlatform.lambda$registerUnknownPlaceholder$2(BukkitPlatform.java:179)
11.03.2023 - 19:04:24 - 	at TAB.v3.2.4.jar//me.neznamy.tab.shared.placeholders.PlayerPlaceholderImpl.request(PlayerPlaceholderImpl.java:130)
11.03.2023 - 19:04:24 - 	at TAB.v3.2.4.jar//me.neznamy.tab.shared.placeholders.PlayerPlaceholderImpl.update(PlayerPlaceholderImpl.java:53)
11.03.2023 - 19:04:24 - 	at TAB.v3.2.4.jar//me.neznamy.tab.shared.features.PlaceholderManagerImpl.updatePlayerPlaceholder(PlaceholderManagerImpl.java:117)
11.03.2023 - 19:04:24 - 	at TAB.v3.2.4.jar//me.neznamy.tab.shared.features.PlaceholderManagerImpl.refresh(PlaceholderManagerImpl.java:68)
11.03.2023 - 19:04:24 - 	at TAB.v3.2.4.jar//me.neznamy.tab.shared.CpuManager.lambda$runMeasuredTask$8(CpuManager.java:354)
11.03.2023 - 19:04:24 - 	at TAB.v3.2.4.jar//me.neznamy.tab.shared.CpuManager.lambda$submit$1(CpuManager.java:111)
11.03.2023 - 19:04:24 - 	at java.base/java.util.concurrent.Executors$RunnableAdapter.call(Executors.java:539)
11.03.2023 - 19:04:24 - 	at java.base/java.util.concurrent.FutureTask.run(FutureTask.java:264)
11.03.2023 - 19:04:24 - 	at java.base/java.util.concurrent.ThreadPoolExecutor.runWorker(ThreadPoolExecutor.java:1136)
11.03.2023 - 19:04:24 - 	at java.base/java.util.concurrent.ThreadPoolExecutor$Worker.run(ThreadPoolExecutor.java:635)
11.03.2023 - 19:04:24 - 	at java.base/java.lang.Thread.run(Thread.java:833)
11.03.2023 - 19:04:24 - [TAB v3.2.4] Player placeholder %spbuild_getstagestring% generated an error when setting for player Dalynkaa
11.03.2023 - 19:04:24 - java.lang.IllegalStateException: zip file closed
11.03.2023 - 19:04:24 - 	at java.base/java.util.zip.ZipFile.ensureOpen(ZipFile.java:831)
11.03.2023 - 19:04:24 - 	at java.base/java.util.zip.ZipFile.getEntry(ZipFile.java:330)
11.03.2023 - 19:04:24 - 	at java.base/java.util.jar.JarFile.getEntry(JarFile.java:518)
11.03.2023 - 19:04:24 - 	at java.base/java.util.jar.JarFile.getJarEntry(JarFile.java:473)
11.03.2023 - 19:04:24 - 	at org.bukkit.plugin.java.PluginClassLoader.findClass(PluginClassLoader.java:189)
11.03.2023 - 19:04:24 - 	at java.base/java.lang.ClassLoader.loadClass(ClassLoader.java:587)
11.03.2023 - 19:04:24 - 	at org.bukkit.plugin.java.PluginClassLoader.loadClass0(PluginClassLoader.java:129)
11.03.2023 - 19:04:24 - 	at org.bukkit.plugin.java.PluginClassLoader.loadClass(PluginClassLoader.java:124)
11.03.2023 - 19:04:24 - 	at java.base/java.lang.ClassLoader.loadClass(ClassLoader.java:520)
11.03.2023 - 19:04:24 - 	at spworlds-1.0-SNAPSHOT.jar//com.spworlds.utils.PlaceholderApis.onRequest(PlaceholderApis.java:33)
11.03.2023 - 19:04:24 - 	at PlaceholderAPI-2.11.2.jar//me.clip.placeholderapi.replacer.CharsReplacer.apply(CharsReplacer.java:119)
11.03.2023 - 19:04:24 - 	at PlaceholderAPI-2.11.2.jar//me.clip.placeholderapi.PlaceholderAPI.setPlaceholders(PlaceholderAPI.java:71)
11.03.2023 - 19:04:24 - 	at PlaceholderAPI-2.11.2.jar//me.clip.placeholderapi.PlaceholderAPI.setPlaceholders(PlaceholderAPI.java:99)
11.03.2023 - 19:04:24 - 	at TAB.v3.2.4.jar//me.neznamy.tab.platforms.bukkit.BukkitPlatform.lambda$registerUnknownPlaceholder$2(BukkitPlatform.java:179)
11.03.2023 - 19:04:24 - 	at TAB.v3.2.4.jar//me.neznamy.tab.shared.placeholders.PlayerPlaceholderImpl.request(PlayerPlaceholderImpl.java:130)
11.03.2023 - 19:04:24 - 	at TAB.v3.2.4.jar//me.neznamy.tab.shared.placeholders.PlayerPlaceholderImpl.update(PlayerPlaceholderImpl.java:53)
11.03.2023 - 19:04:24 - 	at TAB.v3.2.4.jar//me.neznamy.tab.shared.features.PlaceholderManagerImpl.updatePlayerPlaceholder(PlaceholderManagerImpl.java:117)
11.03.2023 - 19:04:24 - 	at TAB.v3.2.4.jar//me.neznamy.tab.shared.features.PlaceholderManagerImpl.refresh(PlaceholderManagerImpl.java:68)
11.03.2023 - 19:04:24 - 	at TAB.v3.2.4.jar//me.neznamy.tab.shared.CpuManager.lambda$runMeasuredTask$8(CpuManager.java:354)
11.03.2023 - 19:04:24 - 	at TAB.v3.2.4.jar//me.neznamy.tab.shared.CpuManager.lambda$submit$1(CpuManager.java:111)
11.03.2023 - 19:04:24 - 	at java.base/java.util.concurrent.Executors$RunnableAdapter.call(Executors.java:539)
11.03.2023 - 19:04:24 - 	at java.base/java.util.concurrent.FutureTask.run(FutureTask.java:264)
11.03.2023 - 19:04:24 - 	at java.base/java.util.concurrent.ThreadPoolExecutor.runWorker(ThreadPoolExecutor.java:1136)
11.03.2023 - 19:04:24 - 	at java.base/java.util.concurrent.ThreadPoolExecutor$Worker.run(ThreadPoolExecutor.java:635)
11.03.2023 - 19:04:24 - 	at java.base/java.lang.Thread.run(Thread.java:833)
11.03.2023 - 19:04:25 - [TAB v3.2.4] Player placeholder %spbuild_getstagestring% generated an error when setting for player Dalynkaa
11.03.2023 - 19:04:25 - java.lang.IllegalStateException: zip file closed
11.03.2023 - 19:04:25 - 	at java.base/java.util.zip.ZipFile.ensureOpen(ZipFile.java:831)
11.03.2023 - 19:04:25 - 	at java.base/java.util.zip.ZipFile.getEntry(ZipFile.java:330)
11.03.2023 - 19:04:25 - 	at java.base/java.util.jar.JarFile.getEntry(JarFile.java:518)
11.03.2023 - 19:04:25 - 	at java.base/java.util.jar.JarFile.getJarEntry(JarFile.java:473)
11.03.2023 - 19:04:25 - 	at org.bukkit.plugin.java.PluginClassLoader.findClass(PluginClassLoader.java:189)
11.03.2023 - 19:04:25 - 	at java.base/java.lang.ClassLoader.loadClass(ClassLoader.java:587)
11.03.2023 - 19:04:25 - 	at org.bukkit.plugin.java.PluginClassLoader.loadClass0(PluginClassLoader.java:129)
11.03.2023 - 19:04:25 - 	at org.bukkit.plugin.java.PluginClassLoader.loadClass(PluginClassLoader.java:124)
11.03.2023 - 19:04:25 - 	at java.base/java.lang.ClassLoader.loadClass(ClassLoader.java:520)
11.03.2023 - 19:04:25 - 	at spworlds-1.0-SNAPSHOT.jar//com.spworlds.utils.PlaceholderApis.onRequest(PlaceholderApis.java:33)
11.03.2023 - 19:04:25 - 	at PlaceholderAPI-2.11.2.jar//me.clip.placeholderapi.replacer.CharsReplacer.apply(CharsReplacer.java:119)
11.03.2023 - 19:04:25 - 	at PlaceholderAPI-2.11.2.jar//me.clip.placeholderapi.PlaceholderAPI.setPlaceholders(PlaceholderAPI.java:71)
11.03.2023 - 19:04:25 - 	at PlaceholderAPI-2.11.2.jar//me.clip.placeholderapi.PlaceholderAPI.setPlaceholders(PlaceholderAPI.java:99)
11.03.2023 - 19:04:25 - 	at TAB.v3.2.4.jar//me.neznamy.tab.platforms.bukkit.BukkitPlatform.lambda$registerUnknownPlaceholder$2(BukkitPlatform.java:179)
11.03.2023 - 19:04:25 - 	at TAB.v3.2.4.jar//me.neznamy.tab.shared.placeholders.PlayerPlaceholderImpl.request(PlayerPlaceholderImpl.java:130)
11.03.2023 - 19:04:25 - 	at TAB.v3.2.4.jar//me.neznamy.tab.shared.placeholders.PlayerPlaceholderImpl.update(PlayerPlaceholderImpl.java:53)
11.03.2023 - 19:04:25 - 	at TAB.v3.2.4.jar//me.neznamy.tab.shared.features.PlaceholderManagerImpl.updatePlayerPlaceholder(PlaceholderManagerImpl.java:117)
11.03.2023 - 19:04:25 - 	at TAB.v3.2.4.jar//me.neznamy.tab.shared.features.PlaceholderManagerImpl.refresh(PlaceholderManagerImpl.java:68)
11.03.2023 - 19:04:25 - 	at TAB.v3.2.4.jar//me.neznamy.tab.shared.CpuManager.lambda$runMeasuredTask$8(CpuManager.java:354)
11.03.2023 - 19:04:25 - 	at TAB.v3.2.4.jar//me.neznamy.tab.shared.CpuManager.lambda$submit$1(CpuManager.java:111)
11.03.2023 - 19:04:25 - 	at java.base/java.util.concurrent.Executors$RunnableAdapter.call(Executors.java:539)
11.03.2023 - 19:04:25 - 	at java.base/java.util.concurrent.FutureTask.run(FutureTask.java:264)
11.03.2023 - 19:04:25 - 	at java.base/java.util.concurrent.ThreadPoolExecutor.runWorker(ThreadPoolExecutor.java:1136)
11.03.2023 - 19:04:25 - 	at java.base/java.util.concurrent.ThreadPoolExecutor$Worker.run(ThreadPoolExecutor.java:635)
11.03.2023 - 19:04:25 - 	at java.base/java.lang.Thread.run(Thread.java:833)
11.03.2023 - 19:04:25 - [TAB v3.2.4] Player placeholder %spbuild_getstagestring% generated an error when setting for player Dalynkaa
11.03.2023 - 19:04:25 - java.lang.IllegalStateException: zip file closed
11.03.2023 - 19:04:25 - 	at java.base/java.util.zip.ZipFile.ensureOpen(ZipFile.java:831)
11.03.2023 - 19:04:25 - 	at java.base/java.util.zip.ZipFile.getEntry(ZipFile.java:330)
11.03.2023 - 19:04:25 - 	at java.base/java.util.jar.JarFile.getEntry(JarFile.java:518)
11.03.2023 - 19:04:25 - 	at java.base/java.util.jar.JarFile.getJarEntry(JarFile.java:473)
11.03.2023 - 19:04:25 - 	at org.bukkit.plugin.java.PluginClassLoader.findClass(PluginClassLoader.java:189)
11.03.2023 - 19:04:25 - 	at java.base/java.lang.ClassLoader.loadClass(ClassLoader.java:587)
11.03.2023 - 19:04:25 - 	at org.bukkit.plugin.java.PluginClassLoader.loadClass0(PluginClassLoader.java:129)
11.03.2023 - 19:04:25 - 	at org.bukkit.plugin.java.PluginClassLoader.loadClass(PluginClassLoader.java:124)
11.03.2023 - 19:04:25 - 	at java.base/java.lang.ClassLoader.loadClass(ClassLoader.java:520)
11.03.2023 - 19:04:25 - 	at spworlds-1.0-SNAPSHOT.jar//com.spworlds.utils.PlaceholderApis.onRequest(PlaceholderApis.java:33)
11.03.2023 - 19:04:25 - 	at PlaceholderAPI-2.11.2.jar//me.clip.placeholderapi.replacer.CharsReplacer.apply(CharsReplacer.java:119)
11.03.2023 - 19:04:25 - 	at PlaceholderAPI-2.11.2.jar//me.clip.placeholderapi.PlaceholderAPI.setPlaceholders(PlaceholderAPI.java:71)
11.03.2023 - 19:04:25 - 	at PlaceholderAPI-2.11.2.jar//me.clip.placeholderapi.PlaceholderAPI.setPlaceholders(PlaceholderAPI.java:99)
11.03.2023 - 19:04:25 - 	at TAB.v3.2.4.jar//me.neznamy.tab.platforms.bukkit.BukkitPlatform.lambda$registerUnknownPlaceholder$2(BukkitPlatform.java:179)
11.03.2023 - 19:04:25 - 	at TAB.v3.2.4.jar//me.neznamy.tab.shared.placeholders.PlayerPlaceholderImpl.request(PlayerPlaceholderImpl.java:130)
11.03.2023 - 19:04:25 - 	at TAB.v3.2.4.jar//me.neznamy.tab.shared.placeholders.PlayerPlaceholderImpl.update(PlayerPlaceholderImpl.java:53)
11.03.2023 - 19:04:25 - 	at TAB.v3.2.4.jar//me.neznamy.tab.shared.features.PlaceholderManagerImpl.updatePlayerPlaceholder(PlaceholderManagerImpl.java:117)
11.03.2023 - 19:04:25 - 	at TAB.v3.2.4.jar//me.neznamy.tab.shared.features.PlaceholderManagerImpl.refresh(PlaceholderManagerImpl.java:68)
11.03.2023 - 19:04:25 - 	at TAB.v3.2.4.jar//me.neznamy.tab.shared.CpuManager.lambda$runMeasuredTask$8(CpuManager.java:354)
11.03.2023 - 19:04:25 - 	at TAB.v3.2.4.jar//me.neznamy.tab.shared.CpuManager.lambda$submit$1(CpuManager.java:111)
11.03.2023 - 19:04:25 - 	at java.base/java.util.concurrent.Executors$RunnableAdapter.call(Executors.java:539)
11.03.2023 - 19:04:25 - 	at java.base/java.util.concurrent.FutureTask.run(FutureTask.java:264)
11.03.2023 - 19:04:25 - 	at java.base/java.util.concurrent.ThreadPoolExecutor.runWorker(ThreadPoolExecutor.java:1136)
11.03.2023 - 19:04:25 - 	at java.base/java.util.concurrent.ThreadPoolExecutor$Worker.run(ThreadPoolExecutor.java:635)
11.03.2023 - 19:04:25 - 	at java.base/java.lang.Thread.run(Thread.java:833)
11.03.2023 - 19:04:26 - [TAB v3.2.4] Player placeholder %spbuild_getstagestring% generated an error when setting for player Dalynkaa
11.03.2023 - 19:04:26 - java.lang.IllegalStateException: zip file closed
11.03.2023 - 19:04:26 - 	at java.base/java.util.zip.ZipFile.ensureOpen(ZipFile.java:831)
11.03.2023 - 19:04:26 - 	at java.base/java.util.zip.ZipFile.getEntry(ZipFile.java:330)
11.03.2023 - 19:04:26 - 	at java.base/java.util.jar.JarFile.getEntry(JarFile.java:518)
11.03.2023 - 19:04:26 - 	at java.base/java.util.jar.JarFile.getJarEntry(JarFile.java:473)
11.03.2023 - 19:04:26 - 	at org.bukkit.plugin.java.PluginClassLoader.findClass(PluginClassLoader.java:189)
11.03.2023 - 19:04:26 - 	at java.base/java.lang.ClassLoader.loadClass(ClassLoader.java:587)
11.03.2023 - 19:04:26 - 	at org.bukkit.plugin.java.PluginClassLoader.loadClass0(PluginClassLoader.java:129)
11.03.2023 - 19:04:26 - 	at org.bukkit.plugin.java.PluginClassLoader.loadClass(PluginClassLoader.java:124)
11.03.2023 - 19:04:26 - 	at java.base/java.lang.ClassLoader.loadClass(ClassLoader.java:520)
11.03.2023 - 19:04:26 - 	at spworlds-1.0-SNAPSHOT.jar//com.spworlds.utils.PlaceholderApis.onRequest(PlaceholderApis.java:33)
11.03.2023 - 19:04:26 - 	at PlaceholderAPI-2.11.2.jar//me.clip.placeholderapi.replacer.CharsReplacer.apply(CharsReplacer.java:119)
11.03.2023 - 19:04:26 - 	at PlaceholderAPI-2.11.2.jar//me.clip.placeholderapi.PlaceholderAPI.setPlaceholders(PlaceholderAPI.java:71)
11.03.2023 - 19:04:26 - 	at PlaceholderAPI-2.11.2.jar//me.clip.placeholderapi.PlaceholderAPI.setPlaceholders(PlaceholderAPI.java:99)
11.03.2023 - 19:04:26 - 	at TAB.v3.2.4.jar//me.neznamy.tab.platforms.bukkit.BukkitPlatform.lambda$registerUnknownPlaceholder$2(BukkitPlatform.java:179)
11.03.2023 - 19:04:26 - 	at TAB.v3.2.4.jar//me.neznamy.tab.shared.placeholders.PlayerPlaceholderImpl.request(PlayerPlaceholderImpl.java:130)
11.03.2023 - 19:04:26 - 	at TAB.v3.2.4.jar//me.neznamy.tab.shared.placeholders.PlayerPlaceholderImpl.update(PlayerPlaceholderImpl.java:53)
11.03.2023 - 19:04:26 - 	at TAB.v3.2.4.jar//me.neznamy.tab.shared.features.PlaceholderManagerImpl.updatePlayerPlaceholder(PlaceholderManagerImpl.java:117)
11.03.2023 - 19:04:26 - 	at TAB.v3.2.4.jar//me.neznamy.tab.shared.features.PlaceholderManagerImpl.refresh(PlaceholderManagerImpl.java:68)
11.03.2023 - 19:04:26 - 	at TAB.v3.2.4.jar//me.neznamy.tab.shared.CpuManager.lambda$runMeasuredTask$8(CpuManager.java:354)
11.03.2023 - 19:04:26 - 	at TAB.v3.2.4.jar//me.neznamy.tab.shared.CpuManager.lambda$submit$1(CpuManager.java:111)
11.03.2023 - 19:04:26 - 	at java.base/java.util.concurrent.Executors$RunnableAdapter.call(Executors.java:539)
11.03.2023 - 19:04:26 - 	at java.base/java.util.concurrent.FutureTask.run(FutureTask.java:264)
11.03.2023 - 19:04:26 - 	at java.base/java.util.concurrent.ThreadPoolExecutor.runWorker(ThreadPoolExecutor.java:1136)
11.03.2023 - 19:04:26 - 	at java.base/java.util.concurrent.ThreadPoolExecutor$Worker.run(ThreadPoolExecutor.java:635)
11.03.2023 - 19:04:26 - 	at java.base/java.lang.Thread.run(Thread.java:833)
11.03.2023 - 19:04:26 - [TAB v3.2.4] Player placeholder %spbuild_getstagestring% generated an error when setting for player Dalynkaa
11.03.2023 - 19:04:26 - java.lang.IllegalStateException: zip file closed
11.03.2023 - 19:04:26 - 	at java.base/java.util.zip.ZipFile.ensureOpen(ZipFile.java:831)
11.03.2023 - 19:04:26 - 	at java.base/java.util.zip.ZipFile.getEntry(ZipFile.java:330)
11.03.2023 - 19:04:26 - 	at java.base/java.util.jar.JarFile.getEntry(JarFile.java:518)
11.03.2023 - 19:04:26 - 	at java.base/java.util.jar.JarFile.getJarEntry(JarFile.java:473)
11.03.2023 - 19:04:26 - 	at org.bukkit.plugin.java.PluginClassLoader.findClass(PluginClassLoader.java:189)
11.03.2023 - 19:04:26 - 	at java.base/java.lang.ClassLoader.loadClass(ClassLoader.java:587)
11.03.2023 - 19:04:26 - 	at org.bukkit.plugin.java.PluginClassLoader.loadClass0(PluginClassLoader.java:129)
11.03.2023 - 19:04:26 - 	at org.bukkit.plugin.java.PluginClassLoader.loadClass(PluginClassLoader.java:124)
11.03.2023 - 19:04:26 - 	at java.base/java.lang.ClassLoader.loadClass(ClassLoader.java:520)
11.03.2023 - 19:04:26 - 	at spworlds-1.0-SNAPSHOT.jar//com.spworlds.utils.PlaceholderApis.onRequest(PlaceholderApis.java:33)
11.03.2023 - 19:04:26 - 	at PlaceholderAPI-2.11.2.jar//me.clip.placeholderapi.replacer.CharsReplacer.apply(CharsReplacer.java:119)
11.03.2023 - 19:04:26 - 	at PlaceholderAPI-2.11.2.jar//me.clip.placeholderapi.PlaceholderAPI.setPlaceholders(PlaceholderAPI.java:71)
11.03.2023 - 19:04:26 - 	at PlaceholderAPI-2.11.2.jar//me.clip.placeholderapi.PlaceholderAPI.setPlaceholders(PlaceholderAPI.java:99)
11.03.2023 - 19:04:26 - 	at TAB.v3.2.4.jar//me.neznamy.tab.platforms.bukkit.BukkitPlatform.lambda$registerUnknownPlaceholder$2(BukkitPlatform.java:179)
11.03.2023 - 19:04:26 - 	at TAB.v3.2.4.jar//me.neznamy.tab.shared.placeholders.PlayerPlaceholderImpl.request(PlayerPlaceholderImpl.java:130)
11.03.2023 - 19:04:26 - 	at TAB.v3.2.4.jar//me.neznamy.tab.shared.placeholders.PlayerPlaceholderImpl.update(PlayerPlaceholderImpl.java:53)
11.03.2023 - 19:04:26 - 	at TAB.v3.2.4.jar//me.neznamy.tab.shared.features.PlaceholderManagerImpl.updatePlayerPlaceholder(PlaceholderManagerImpl.java:117)
11.03.2023 - 19:04:26 - 	at TAB.v3.2.4.jar//me.neznamy.tab.shared.features.PlaceholderManagerImpl.refresh(PlaceholderManagerImpl.java:68)
11.03.2023 - 19:04:26 - 	at TAB.v3.2.4.jar//me.neznamy.tab.shared.CpuManager.lambda$runMeasuredTask$8(CpuManager.java:354)
11.03.2023 - 19:04:26 - 	at TAB.v3.2.4.jar//me.neznamy.tab.shared.CpuManager.lambda$submit$1(CpuManager.java:111)
11.03.2023 - 19:04:26 - 	at java.base/java.util.concurrent.Executors$RunnableAdapter.call(Executors.java:539)
11.03.2023 - 19:04:26 - 	at java.base/java.util.concurrent.FutureTask.run(FutureTask.java:264)
11.03.2023 - 19:04:26 - 	at java.base/java.util.concurrent.ThreadPoolExecutor.runWorker(ThreadPoolExecutor.java:1136)
11.03.2023 - 19:04:26 - 	at java.base/java.util.concurrent.ThreadPoolExecutor$Worker.run(ThreadPoolExecutor.java:635)
11.03.2023 - 19:04:26 - 	at java.base/java.lang.Thread.run(Thread.java:833)
11.03.2023 - 19:04:27 - [TAB v3.2.4] Player placeholder %spbuild_getstagestring% generated an error when setting for player Dalynkaa
11.03.2023 - 19:04:27 - java.lang.IllegalStateException: zip file closed
11.03.2023 - 19:04:27 - 	at java.base/java.util.zip.ZipFile.ensureOpen(ZipFile.java:831)
11.03.2023 - 19:04:27 - 	at java.base/java.util.zip.ZipFile.getEntry(ZipFile.java:330)
11.03.2023 - 19:04:27 - 	at java.base/java.util.jar.JarFile.getEntry(JarFile.java:518)
11.03.2023 - 19:04:27 - 	at java.base/java.util.jar.JarFile.getJarEntry(JarFile.java:473)
11.03.2023 - 19:04:27 - 	at org.bukkit.plugin.java.PluginClassLoader.findClass(PluginClassLoader.java:189)
11.03.2023 - 19:04:27 - 	at java.base/java.lang.ClassLoader.loadClass(ClassLoader.java:587)
11.03.2023 - 19:04:27 - 	at org.bukkit.plugin.java.PluginClassLoader.loadClass0(PluginClassLoader.java:129)
11.03.2023 - 19:04:27 - 	at org.bukkit.plugin.java.PluginClassLoader.loadClass(PluginClassLoader.java:124)
11.03.2023 - 19:04:27 - 	at java.base/java.lang.ClassLoader.loadClass(ClassLoader.java:520)
11.03.2023 - 19:04:27 - 	at spworlds-1.0-SNAPSHOT.jar//com.spworlds.utils.PlaceholderApis.onRequest(PlaceholderApis.java:33)
11.03.2023 - 19:04:27 - 	at PlaceholderAPI-2.11.2.jar//me.clip.placeholderapi.replacer.CharsReplacer.apply(CharsReplacer.java:119)
11.03.2023 - 19:04:27 - 	at PlaceholderAPI-2.11.2.jar//me.clip.placeholderapi.PlaceholderAPI.setPlaceholders(PlaceholderAPI.java:71)
11.03.2023 - 19:04:27 - 	at PlaceholderAPI-2.11.2.jar//me.clip.placeholderapi.PlaceholderAPI.setPlaceholders(PlaceholderAPI.java:99)
11.03.2023 - 19:04:27 - 	at TAB.v3.2.4.jar//me.neznamy.tab.platforms.bukkit.BukkitPlatform.lambda$registerUnknownPlaceholder$2(BukkitPlatform.java:179)
11.03.2023 - 19:04:27 - 	at TAB.v3.2.4.jar//me.neznamy.tab.shared.placeholders.PlayerPlaceholderImpl.request(PlayerPlaceholderImpl.java:130)
11.03.2023 - 19:04:27 - 	at TAB.v3.2.4.jar//me.neznamy.tab.shared.placeholders.PlayerPlaceholderImpl.update(PlayerPlaceholderImpl.java:53)
11.03.2023 - 19:04:27 - 	at TAB.v3.2.4.jar//me.neznamy.tab.shared.features.PlaceholderManagerImpl.updatePlayerPlaceholder(PlaceholderManagerImpl.java:117)
11.03.2023 - 19:04:27 - 	at TAB.v3.2.4.jar//me.neznamy.tab.shared.features.PlaceholderManagerImpl.refresh(PlaceholderManagerImpl.java:68)
11.03.2023 - 19:04:27 - 	at TAB.v3.2.4.jar//me.neznamy.tab.shared.CpuManager.lambda$runMeasuredTask$8(CpuManager.java:354)
11.03.2023 - 19:04:27 - 	at TAB.v3.2.4.jar//me.neznamy.tab.shared.CpuManager.lambda$submit$1(CpuManager.java:111)
11.03.2023 - 19:04:27 - 	at java.base/java.util.concurrent.Executors$RunnableAdapter.call(Executors.java:539)
11.03.2023 - 19:04:27 - 	at java.base/java.util.concurrent.FutureTask.run(FutureTask.java:264)
11.03.2023 - 19:04:27 - 	at java.base/java.util.concurrent.ThreadPoolExecutor.runWorker(ThreadPoolExecutor.java:1136)
11.03.2023 - 19:04:27 - 	at java.base/java.util.concurrent.ThreadPoolExecutor$Worker.run(ThreadPoolExecutor.java:635)
11.03.2023 - 19:04:27 - 	at java.base/java.lang.Thread.run(Thread.java:833)
11.03.2023 - 19:04:27 - [TAB v3.2.4] Player placeholder %spbuild_getstagestring% generated an error when setting for player Dalynkaa
11.03.2023 - 19:04:27 - java.lang.IllegalStateException: zip file closed
11.03.2023 - 19:04:27 - 	at java.base/java.util.zip.ZipFile.ensureOpen(ZipFile.java:831)
11.03.2023 - 19:04:27 - 	at java.base/java.util.zip.ZipFile.getEntry(ZipFile.java:330)
11.03.2023 - 19:04:27 - 	at java.base/java.util.jar.JarFile.getEntry(JarFile.java:518)
11.03.2023 - 19:04:27 - 	at java.base/java.util.jar.JarFile.getJarEntry(JarFile.java:473)
11.03.2023 - 19:04:27 - 	at org.bukkit.plugin.java.PluginClassLoader.findClass(PluginClassLoader.java:189)
11.03.2023 - 19:04:27 - 	at java.base/java.lang.ClassLoader.loadClass(ClassLoader.java:587)
11.03.2023 - 19:04:27 - 	at org.bukkit.plugin.java.PluginClassLoader.loadClass0(PluginClassLoader.java:129)
11.03.2023 - 19:04:27 - 	at org.bukkit.plugin.java.PluginClassLoader.loadClass(PluginClassLoader.java:124)
11.03.2023 - 19:04:27 - 	at java.base/java.lang.ClassLoader.loadClass(ClassLoader.java:520)
11.03.2023 - 19:04:27 - 	at spworlds-1.0-SNAPSHOT.jar//com.spworlds.utils.PlaceholderApis.onRequest(PlaceholderApis.java:33)
11.03.2023 - 19:04:27 - 	at PlaceholderAPI-2.11.2.jar//me.clip.placeholderapi.replacer.CharsReplacer.apply(CharsReplacer.java:119)
11.03.2023 - 19:04:27 - 	at PlaceholderAPI-2.11.2.jar//me.clip.placeholderapi.PlaceholderAPI.setPlaceholders(PlaceholderAPI.java:71)
11.03.2023 - 19:04:27 - 	at PlaceholderAPI-2.11.2.jar//me.clip.placeholderapi.PlaceholderAPI.setPlaceholders(PlaceholderAPI.java:99)
11.03.2023 - 19:04:27 - 	at TAB.v3.2.4.jar//me.neznamy.tab.platforms.bukkit.BukkitPlatform.lambda$registerUnknownPlaceholder$2(BukkitPlatform.java:179)
11.03.2023 - 19:04:27 - 	at TAB.v3.2.4.jar//me.neznamy.tab.shared.placeholders.PlayerPlaceholderImpl.request(PlayerPlaceholderImpl.java:130)
11.03.2023 - 19:04:27 - 	at TAB.v3.2.4.jar//me.neznamy.tab.shared.placeholders.PlayerPlaceholderImpl.update(PlayerPlaceholderImpl.java:53)
11.03.2023 - 19:04:27 - 	at TAB.v3.2.4.jar//me.neznamy.tab.shared.features.PlaceholderManagerImpl.updatePlayerPlaceholder(PlaceholderManagerImpl.java:117)
11.03.2023 - 19:04:27 - 	at TAB.v3.2.4.jar//me.neznamy.tab.shared.features.PlaceholderManagerImpl.refresh(PlaceholderManagerImpl.java:68)
11.03.2023 - 19:04:27 - 	at TAB.v3.2.4.jar//me.neznamy.tab.shared.CpuManager.lambda$runMeasuredTask$8(CpuManager.java:354)
11.03.2023 - 19:04:27 - 	at TAB.v3.2.4.jar//me.neznamy.tab.shared.CpuManager.lambda$submit$1(CpuManager.java:111)
11.03.2023 - 19:04:27 - 	at java.base/java.util.concurrent.Executors$RunnableAdapter.call(Executors.java:539)
11.03.2023 - 19:04:27 - 	at java.base/java.util.concurrent.FutureTask.run(FutureTask.java:264)
11.03.2023 - 19:04:27 - 	at java.base/java.util.concurrent.ThreadPoolExecutor.runWorker(ThreadPoolExecutor.java:1136)
11.03.2023 - 19:04:27 - 	at java.base/java.util.concurrent.ThreadPoolExecutor$Worker.run(ThreadPoolExecutor.java:635)
11.03.2023 - 19:04:27 - 	at java.base/java.lang.Thread.run(Thread.java:833)
11.03.2023 - 19:04:28 - [TAB v3.2.4] Player placeholder %spbuild_getstagestring% generated an error when setting for player Dalynkaa
11.03.2023 - 19:04:28 - java.lang.IllegalStateException: zip file closed
11.03.2023 - 19:04:28 - 	at java.base/java.util.zip.ZipFile.ensureOpen(ZipFile.java:831)
11.03.2023 - 19:04:28 - 	at java.base/java.util.zip.ZipFile.getEntry(ZipFile.java:330)
11.03.2023 - 19:04:28 - 	at java.base/java.util.jar.JarFile.getEntry(JarFile.java:518)
11.03.2023 - 19:04:28 - 	at java.base/java.util.jar.JarFile.getJarEntry(JarFile.java:473)
11.03.2023 - 19:04:28 - 	at org.bukkit.plugin.java.PluginClassLoader.findClass(PluginClassLoader.java:189)
11.03.2023 - 19:04:28 - 	at java.base/java.lang.ClassLoader.loadClass(ClassLoader.java:587)
11.03.2023 - 19:04:28 - 	at org.bukkit.plugin.java.PluginClassLoader.loadClass0(PluginClassLoader.java:129)
11.03.2023 - 19:04:28 - 	at org.bukkit.plugin.java.PluginClassLoader.loadClass(PluginClassLoader.java:124)
11.03.2023 - 19:04:28 - 	at java.base/java.lang.ClassLoader.loadClass(ClassLoader.java:520)
11.03.2023 - 19:04:28 - 	at spworlds-1.0-SNAPSHOT.jar//com.spworlds.utils.PlaceholderApis.onRequest(PlaceholderApis.java:33)
11.03.2023 - 19:04:28 - 	at PlaceholderAPI-2.11.2.jar//me.clip.placeholderapi.replacer.CharsReplacer.apply(CharsReplacer.java:119)
11.03.2023 - 19:04:28 - 	at PlaceholderAPI-2.11.2.jar//me.clip.placeholderapi.PlaceholderAPI.setPlaceholders(PlaceholderAPI.java:71)
11.03.2023 - 19:04:28 - 	at PlaceholderAPI-2.11.2.jar//me.clip.placeholderapi.PlaceholderAPI.setPlaceholders(PlaceholderAPI.java:99)
11.03.2023 - 19:04:28 - 	at TAB.v3.2.4.jar//me.neznamy.tab.platforms.bukkit.BukkitPlatform.lambda$registerUnknownPlaceholder$2(BukkitPlatform.java:179)
11.03.2023 - 19:04:28 - 	at TAB.v3.2.4.jar//me.neznamy.tab.shared.placeholders.PlayerPlaceholderImpl.request(PlayerPlaceholderImpl.java:130)
11.03.2023 - 19:04:28 - 	at TAB.v3.2.4.jar//me.neznamy.tab.shared.placeholders.PlayerPlaceholderImpl.update(PlayerPlaceholderImpl.java:53)
11.03.2023 - 19:04:28 - 	at TAB.v3.2.4.jar//me.neznamy.tab.shared.features.PlaceholderManagerImpl.updatePlayerPlaceholder(PlaceholderManagerImpl.java:117)
11.03.2023 - 19:04:28 - 	at TAB.v3.2.4.jar//me.neznamy.tab.shared.features.PlaceholderManagerImpl.refresh(PlaceholderManagerImpl.java:68)
11.03.2023 - 19:04:28 - 	at TAB.v3.2.4.jar//me.neznamy.tab.shared.CpuManager.lambda$runMeasuredTask$8(CpuManager.java:354)
11.03.2023 - 19:04:28 - 	at TAB.v3.2.4.jar//me.neznamy.tab.shared.CpuManager.lambda$submit$1(CpuManager.java:111)
11.03.2023 - 19:04:28 - 	at java.base/java.util.concurrent.Executors$RunnableAdapter.call(Executors.java:539)
11.03.2023 - 19:04:28 - 	at java.base/java.util.concurrent.FutureTask.run(FutureTask.java:264)
11.03.2023 - 19:04:28 - 	at java.base/java.util.concurrent.ThreadPoolExecutor.runWorker(ThreadPoolExecutor.java:1136)
11.03.2023 - 19:04:28 - 	at java.base/java.util.concurrent.ThreadPoolExecutor$Worker.run(ThreadPoolExecutor.java:635)
11.03.2023 - 19:04:28 - 	at java.base/java.lang.Thread.run(Thread.java:833)
11.03.2023 - 19:04:28 - [TAB v3.2.4] Player placeholder %spbuild_getstagestring% generated an error when setting for player Dalynkaa
11.03.2023 - 19:04:28 - java.lang.IllegalStateException: zip file closed
11.03.2023 - 19:04:28 - 	at java.base/java.util.zip.ZipFile.ensureOpen(ZipFile.java:831)
11.03.2023 - 19:04:28 - 	at java.base/java.util.zip.ZipFile.getEntry(ZipFile.java:330)
11.03.2023 - 19:04:28 - 	at java.base/java.util.jar.JarFile.getEntry(JarFile.java:518)
11.03.2023 - 19:04:28 - 	at java.base/java.util.jar.JarFile.getJarEntry(JarFile.java:473)
11.03.2023 - 19:04:28 - 	at org.bukkit.plugin.java.PluginClassLoader.findClass(PluginClassLoader.java:189)
11.03.2023 - 19:04:28 - 	at java.base/java.lang.ClassLoader.loadClass(ClassLoader.java:587)
11.03.2023 - 19:04:28 - 	at org.bukkit.plugin.java.PluginClassLoader.loadClass0(PluginClassLoader.java:129)
11.03.2023 - 19:04:28 - 	at org.bukkit.plugin.java.PluginClassLoader.loadClass(PluginClassLoader.java:124)
11.03.2023 - 19:04:28 - 	at java.base/java.lang.ClassLoader.loadClass(ClassLoader.java:520)
11.03.2023 - 19:04:28 - 	at spworlds-1.0-SNAPSHOT.jar//com.spworlds.utils.PlaceholderApis.onRequest(PlaceholderApis.java:33)
11.03.2023 - 19:04:28 - 	at PlaceholderAPI-2.11.2.jar//me.clip.placeholderapi.replacer.CharsReplacer.apply(CharsReplacer.java:119)
11.03.2023 - 19:04:28 - 	at PlaceholderAPI-2.11.2.jar//me.clip.placeholderapi.PlaceholderAPI.setPlaceholders(PlaceholderAPI.java:71)
11.03.2023 - 19:04:28 - 	at PlaceholderAPI-2.11.2.jar//me.clip.placeholderapi.PlaceholderAPI.setPlaceholders(PlaceholderAPI.java:99)
11.03.2023 - 19:04:28 - 	at TAB.v3.2.4.jar//me.neznamy.tab.platforms.bukkit.BukkitPlatform.lambda$registerUnknownPlaceholder$2(BukkitPlatform.java:179)
11.03.2023 - 19:04:28 - 	at TAB.v3.2.4.jar//me.neznamy.tab.shared.placeholders.PlayerPlaceholderImpl.request(PlayerPlaceholderImpl.java:130)
11.03.2023 - 19:04:28 - 	at TAB.v3.2.4.jar//me.neznamy.tab.shared.placeholders.PlayerPlaceholderImpl.update(PlayerPlaceholderImpl.java:53)
11.03.2023 - 19:04:28 - 	at TAB.v3.2.4.jar//me.neznamy.tab.shared.features.PlaceholderManagerImpl.updatePlayerPlaceholder(PlaceholderManagerImpl.java:117)
11.03.2023 - 19:04:28 - 	at TAB.v3.2.4.jar//me.neznamy.tab.shared.features.PlaceholderManagerImpl.refresh(PlaceholderManagerImpl.java:68)
11.03.2023 - 19:04:28 - 	at TAB.v3.2.4.jar//me.neznamy.tab.shared.CpuManager.lambda$runMeasuredTask$8(CpuManager.java:354)
11.03.2023 - 19:04:28 - 	at TAB.v3.2.4.jar//me.neznamy.tab.shared.CpuManager.lambda$submit$1(CpuManager.java:111)
11.03.2023 - 19:04:28 - 	at java.base/java.util.concurrent.Executors$RunnableAdapter.call(Executors.java:539)
11.03.2023 - 19:04:28 - 	at java.base/java.util.concurrent.FutureTask.run(FutureTask.java:264)
11.03.2023 - 19:04:28 - 	at java.base/java.util.concurrent.ThreadPoolExecutor.runWorker(ThreadPoolExecutor.java:1136)
11.03.2023 - 19:04:28 - 	at java.base/java.util.concurrent.ThreadPoolExecutor$Worker.run(ThreadPoolExecutor.java:635)
11.03.2023 - 19:04:28 - 	at java.base/java.lang.Thread.run(Thread.java:833)
11.03.2023 - 19:04:29 - [TAB v3.2.4] Player placeholder %spbuild_getstagestring% generated an error when setting for player Dalynkaa
11.03.2023 - 19:04:29 - java.lang.IllegalStateException: zip file closed
11.03.2023 - 19:04:29 - 	at java.base/java.util.zip.ZipFile.ensureOpen(ZipFile.java:831)
11.03.2023 - 19:04:29 - 	at java.base/java.util.zip.ZipFile.getEntry(ZipFile.java:330)
11.03.2023 - 19:04:29 - 	at java.base/java.util.jar.JarFile.getEntry(JarFile.java:518)
11.03.2023 - 19:04:29 - 	at java.base/java.util.jar.JarFile.getJarEntry(JarFile.java:473)
11.03.2023 - 19:04:29 - 	at org.bukkit.plugin.java.PluginClassLoader.findClass(PluginClassLoader.java:189)
11.03.2023 - 19:04:29 - 	at java.base/java.lang.ClassLoader.loadClass(ClassLoader.java:587)
11.03.2023 - 19:04:29 - 	at org.bukkit.plugin.java.PluginClassLoader.loadClass0(PluginClassLoader.java:129)
11.03.2023 - 19:04:29 - 	at org.bukkit.plugin.java.PluginClassLoader.loadClass(PluginClassLoader.java:124)
11.03.2023 - 19:04:29 - 	at java.base/java.lang.ClassLoader.loadClass(ClassLoader.java:520)
11.03.2023 - 19:04:29 - 	at spworlds-1.0-SNAPSHOT.jar//com.spworlds.utils.PlaceholderApis.onRequest(PlaceholderApis.java:33)
11.03.2023 - 19:04:29 - 	at PlaceholderAPI-2.11.2.jar//me.clip.placeholderapi.replacer.CharsReplacer.apply(CharsReplacer.java:119)
11.03.2023 - 19:04:29 - 	at PlaceholderAPI-2.11.2.jar//me.clip.placeholderapi.PlaceholderAPI.setPlaceholders(PlaceholderAPI.java:71)
11.03.2023 - 19:04:29 - 	at PlaceholderAPI-2.11.2.jar//me.clip.placeholderapi.PlaceholderAPI.setPlaceholders(PlaceholderAPI.java:99)
11.03.2023 - 19:04:29 - 	at TAB.v3.2.4.jar//me.neznamy.tab.platforms.bukkit.BukkitPlatform.lambda$registerUnknownPlaceholder$2(BukkitPlatform.java:179)
11.03.2023 - 19:04:29 - 	at TAB.v3.2.4.jar//me.neznamy.tab.shared.placeholders.PlayerPlaceholderImpl.request(PlayerPlaceholderImpl.java:130)
11.03.2023 - 19:04:29 - 	at TAB.v3.2.4.jar//me.neznamy.tab.shared.placeholders.PlayerPlaceholderImpl.update(PlayerPlaceholderImpl.java:53)
11.03.2023 - 19:04:29 - 	at TAB.v3.2.4.jar//me.neznamy.tab.shared.features.PlaceholderManagerImpl.updatePlayerPlaceholder(PlaceholderManagerImpl.java:117)
11.03.2023 - 19:04:29 - 	at TAB.v3.2.4.jar//me.neznamy.tab.shared.features.PlaceholderManagerImpl.refresh(PlaceholderManagerImpl.java:68)
11.03.2023 - 19:04:29 - 	at TAB.v3.2.4.jar//me.neznamy.tab.shared.CpuManager.lambda$runMeasuredTask$8(CpuManager.java:354)
11.03.2023 - 19:04:29 - 	at TAB.v3.2.4.jar//me.neznamy.tab.shared.CpuManager.lambda$submit$1(CpuManager.java:111)
11.03.2023 - 19:04:29 - 	at java.base/java.util.concurrent.Executors$RunnableAdapter.call(Executors.java:539)
11.03.2023 - 19:04:29 - 	at java.base/java.util.concurrent.FutureTask.run(FutureTask.java:264)
11.03.2023 - 19:04:29 - 	at java.base/java.util.concurrent.ThreadPoolExecutor.runWorker(ThreadPoolExecutor.java:1136)
11.03.2023 - 19:04:29 - 	at java.base/java.util.concurrent.ThreadPoolExecutor$Worker.run(ThreadPoolExecutor.java:635)
11.03.2023 - 19:04:29 - 	at java.base/java.lang.Thread.run(Thread.java:833)
11.03.2023 - 19:04:29 - [TAB v3.2.4] Player placeholder %spbuild_getstagestring% generated an error when setting for player Dalynkaa
11.03.2023 - 19:04:29 - java.lang.IllegalStateException: zip file closed
11.03.2023 - 19:04:29 - 	at java.base/java.util.zip.ZipFile.ensureOpen(ZipFile.java:831)
11.03.2023 - 19:04:29 - 	at java.base/java.util.zip.ZipFile.getEntry(ZipFile.java:330)
11.03.2023 - 19:04:29 - 	at java.base/java.util.jar.JarFile.getEntry(JarFile.java:518)
11.03.2023 - 19:04:29 - 	at java.base/java.util.jar.JarFile.getJarEntry(JarFile.java:473)
11.03.2023 - 19:04:29 - 	at org.bukkit.plugin.java.PluginClassLoader.findClass(PluginClassLoader.java:189)
11.03.2023 - 19:04:29 - 	at java.base/java.lang.ClassLoader.loadClass(ClassLoader.java:587)
11.03.2023 - 19:04:29 - 	at org.bukkit.plugin.java.PluginClassLoader.loadClass0(PluginClassLoader.java:129)
11.03.2023 - 19:04:29 - 	at org.bukkit.plugin.java.PluginClassLoader.loadClass(PluginClassLoader.java:124)
11.03.2023 - 19:04:29 - 	at java.base/java.lang.ClassLoader.loadClass(ClassLoader.java:520)
11.03.2023 - 19:04:29 - 	at spworlds-1.0-SNAPSHOT.jar//com.spworlds.utils.PlaceholderApis.onRequest(PlaceholderApis.java:33)
11.03.2023 - 19:04:29 - 	at PlaceholderAPI-2.11.2.jar//me.clip.placeholderapi.replacer.CharsReplacer.apply(CharsReplacer.java:119)
11.03.2023 - 19:04:29 - 	at PlaceholderAPI-2.11.2.jar//me.clip.placeholderapi.PlaceholderAPI.setPlaceholders(PlaceholderAPI.java:71)
11.03.2023 - 19:04:29 - 	at PlaceholderAPI-2.11.2.jar//me.clip.placeholderapi.PlaceholderAPI.setPlaceholders(PlaceholderAPI.java:99)
11.03.2023 - 19:04:29 - 	at TAB.v3.2.4.jar//me.neznamy.tab.platforms.bukkit.BukkitPlatform.lambda$registerUnknownPlaceholder$2(BukkitPlatform.java:179)
11.03.2023 - 19:04:29 - 	at TAB.v3.2.4.jar//me.neznamy.tab.shared.placeholders.PlayerPlaceholderImpl.request(PlayerPlaceholderImpl.java:130)
11.03.2023 - 19:04:29 - 	at TAB.v3.2.4.jar//me.neznamy.tab.shared.placeholders.PlayerPlaceholderImpl.update(PlayerPlaceholderImpl.java:53)
11.03.2023 - 19:04:29 - 	at TAB.v3.2.4.jar//me.neznamy.tab.shared.features.PlaceholderManagerImpl.updatePlayerPlaceholder(PlaceholderManagerImpl.java:117)
11.03.2023 - 19:04:29 - 	at TAB.v3.2.4.jar//me.neznamy.tab.shared.features.PlaceholderManagerImpl.refresh(PlaceholderManagerImpl.java:68)
11.03.2023 - 19:04:29 - 	at TAB.v3.2.4.jar//me.neznamy.tab.shared.CpuManager.lambda$runMeasuredTask$8(CpuManager.java:354)
11.03.2023 - 19:04:29 - 	at TAB.v3.2.4.jar//me.neznamy.tab.shared.CpuManager.lambda$submit$1(CpuManager.java:111)
11.03.2023 - 19:04:29 - 	at java.base/java.util.concurrent.Executors$RunnableAdapter.call(Executors.java:539)
11.03.2023 - 19:04:29 - 	at java.base/java.util.concurrent.FutureTask.run(FutureTask.java:264)
11.03.2023 - 19:04:29 - 	at java.base/java.util.concurrent.ThreadPoolExecutor.runWorker(ThreadPoolExecutor.java:1136)
11.03.2023 - 19:04:29 - 	at java.base/java.util.concurrent.ThreadPoolExecutor$Worker.run(ThreadPoolExecutor.java:635)
11.03.2023 - 19:04:29 - 	at java.base/java.lang.Thread.run(Thread.java:833)
11.03.2023 - 19:04:30 - [TAB v3.2.4] Player placeholder %spbuild_getstagestring% generated an error when setting for player Dalynkaa
11.03.2023 - 19:04:30 - java.lang.IllegalStateException: zip file closed
11.03.2023 - 19:04:30 - 	at java.base/java.util.zip.ZipFile.ensureOpen(ZipFile.java:831)
11.03.2023 - 19:04:30 - 	at java.base/java.util.zip.ZipFile.getEntry(ZipFile.java:330)
11.03.2023 - 19:04:30 - 	at java.base/java.util.jar.JarFile.getEntry(JarFile.java:518)
11.03.2023 - 19:04:30 - 	at java.base/java.util.jar.JarFile.getJarEntry(JarFile.java:473)
11.03.2023 - 19:04:30 - 	at org.bukkit.plugin.java.PluginClassLoader.findClass(PluginClassLoader.java:189)
11.03.2023 - 19:04:30 - 	at java.base/java.lang.ClassLoader.loadClass(ClassLoader.java:587)
11.03.2023 - 19:04:30 - 	at org.bukkit.plugin.java.PluginClassLoader.loadClass0(PluginClassLoader.java:129)
11.03.2023 - 19:04:30 - 	at org.bukkit.plugin.java.PluginClassLoader.loadClass(PluginClassLoader.java:124)
11.03.2023 - 19:04:30 - 	at java.base/java.lang.ClassLoader.loadClass(ClassLoader.java:520)
11.03.2023 - 19:04:30 - 	at spworlds-1.0-SNAPSHOT.jar//com.spworlds.utils.PlaceholderApis.onRequest(PlaceholderApis.java:33)
11.03.2023 - 19:04:30 - 	at PlaceholderAPI-2.11.2.jar//me.clip.placeholderapi.replacer.CharsReplacer.apply(CharsReplacer.java:119)
11.03.2023 - 19:04:30 - 	at PlaceholderAPI-2.11.2.jar//me.clip.placeholderapi.PlaceholderAPI.setPlaceholders(PlaceholderAPI.java:71)
11.03.2023 - 19:04:30 - 	at PlaceholderAPI-2.11.2.jar//me.clip.placeholderapi.PlaceholderAPI.setPlaceholders(PlaceholderAPI.java:99)
11.03.2023 - 19:04:30 - 	at TAB.v3.2.4.jar//me.neznamy.tab.platforms.bukkit.BukkitPlatform.lambda$registerUnknownPlaceholder$2(BukkitPlatform.java:179)
11.03.2023 - 19:04:30 - 	at TAB.v3.2.4.jar//me.neznamy.tab.shared.placeholders.PlayerPlaceholderImpl.request(PlayerPlaceholderImpl.java:130)
11.03.2023 - 19:04:30 - 	at TAB.v3.2.4.jar//me.neznamy.tab.shared.placeholders.PlayerPlaceholderImpl.update(PlayerPlaceholderImpl.java:53)
11.03.2023 - 19:04:30 - 	at TAB.v3.2.4.jar//me.neznamy.tab.shared.features.PlaceholderManagerImpl.updatePlayerPlaceholder(PlaceholderManagerImpl.java:117)
11.03.2023 - 19:04:30 - 	at TAB.v3.2.4.jar//me.neznamy.tab.shared.features.PlaceholderManagerImpl.refresh(PlaceholderManagerImpl.java:68)
11.03.2023 - 19:04:30 - 	at TAB.v3.2.4.jar//me.neznamy.tab.shared.CpuManager.lambda$runMeasuredTask$8(CpuManager.java:354)
11.03.2023 - 19:04:30 - 	at TAB.v3.2.4.jar//me.neznamy.tab.shared.CpuManager.lambda$submit$1(CpuManager.java:111)
11.03.2023 - 19:04:30 - 	at java.base/java.util.concurrent.Executors$RunnableAdapter.call(Executors.java:539)
11.03.2023 - 19:04:30 - 	at java.base/java.util.concurrent.FutureTask.run(FutureTask.java:264)
11.03.2023 - 19:04:30 - 	at java.base/java.util.concurrent.ThreadPoolExecutor.runWorker(ThreadPoolExecutor.java:1136)
11.03.2023 - 19:04:30 - 	at java.base/java.util.concurrent.ThreadPoolExecutor$Worker.run(ThreadPoolExecutor.java:635)
11.03.2023 - 19:04:30 - 	at java.base/java.lang.Thread.run(Thread.java:833)
11.03.2023 - 19:04:30 - [TAB v3.2.4] Player placeholder %spbuild_getstagestring% generated an error when setting for player Dalynkaa
11.03.2023 - 19:04:30 - java.lang.IllegalStateException: zip file closed
11.03.2023 - 19:04:30 - 	at java.base/java.util.zip.ZipFile.ensureOpen(ZipFile.java:831)
11.03.2023 - 19:04:30 - 	at java.base/java.util.zip.ZipFile.getEntry(ZipFile.java:330)
11.03.2023 - 19:04:30 - 	at java.base/java.util.jar.JarFile.getEntry(JarFile.java:518)
11.03.2023 - 19:04:30 - 	at java.base/java.util.jar.JarFile.getJarEntry(JarFile.java:473)
11.03.2023 - 19:04:30 - 	at org.bukkit.plugin.java.PluginClassLoader.findClass(PluginClassLoader.java:189)
11.03.2023 - 19:04:30 - 	at java.base/java.lang.ClassLoader.loadClass(ClassLoader.java:587)
11.03.2023 - 19:04:30 - 	at org.bukkit.plugin.java.PluginClassLoader.loadClass0(PluginClassLoader.java:129)
11.03.2023 - 19:04:30 - 	at org.bukkit.plugin.java.PluginClassLoader.loadClass(PluginClassLoader.java:124)
11.03.2023 - 19:04:30 - 	at java.base/java.lang.ClassLoader.loadClass(ClassLoader.java:520)
11.03.2023 - 19:04:30 - 	at spworlds-1.0-SNAPSHOT.jar//com.spworlds.utils.PlaceholderApis.onRequest(PlaceholderApis.java:33)
11.03.2023 - 19:04:30 - 	at PlaceholderAPI-2.11.2.jar//me.clip.placeholderapi.replacer.CharsReplacer.apply(CharsReplacer.java:119)
11.03.2023 - 19:04:30 - 	at PlaceholderAPI-2.11.2.jar//me.clip.placeholderapi.PlaceholderAPI.setPlaceholders(PlaceholderAPI.java:71)
11.03.2023 - 19:04:30 - 	at PlaceholderAPI-2.11.2.jar//me.clip.placeholderapi.PlaceholderAPI.setPlaceholders(PlaceholderAPI.java:99)
11.03.2023 - 19:04:30 - 	at TAB.v3.2.4.jar//me.neznamy.tab.platforms.bukkit.BukkitPlatform.lambda$registerUnknownPlaceholder$2(BukkitPlatform.java:179)
11.03.2023 - 19:04:30 - 	at TAB.v3.2.4.jar//me.neznamy.tab.shared.placeholders.PlayerPlaceholderImpl.request(PlayerPlaceholderImpl.java:130)
11.03.2023 - 19:04:30 - 	at TAB.v3.2.4.jar//me.neznamy.tab.shared.placeholders.PlayerPlaceholderImpl.update(PlayerPlaceholderImpl.java:53)
11.03.2023 - 19:04:30 - 	at TAB.v3.2.4.jar//me.neznamy.tab.shared.features.PlaceholderManagerImpl.updatePlayerPlaceholder(PlaceholderManagerImpl.java:117)
11.03.2023 - 19:04:30 - 	at TAB.v3.2.4.jar//me.neznamy.tab.shared.features.PlaceholderManagerImpl.refresh(PlaceholderManagerImpl.java:68)
11.03.2023 - 19:04:30 - 	at TAB.v3.2.4.jar//me.neznamy.tab.shared.CpuManager.lambda$runMeasuredTask$8(CpuManager.java:354)
11.03.2023 - 19:04:30 - 	at TAB.v3.2.4.jar//me.neznamy.tab.shared.CpuManager.lambda$submit$1(CpuManager.java:111)
11.03.2023 - 19:04:30 - 	at java.base/java.util.concurrent.Executors$RunnableAdapter.call(Executors.java:539)
11.03.2023 - 19:04:30 - 	at java.base/java.util.concurrent.FutureTask.run(FutureTask.java:264)
11.03.2023 - 19:04:30 - 	at java.base/java.util.concurrent.ThreadPoolExecutor.runWorker(ThreadPoolExecutor.java:1136)
11.03.2023 - 19:04:30 - 	at java.base/java.util.concurrent.ThreadPoolExecutor$Worker.run(ThreadPoolExecutor.java:635)
11.03.2023 - 19:04:30 - 	at java.base/java.lang.Thread.run(Thread.java:833)
11.03.2023 - 19:04:31 - [TAB v3.2.4] Player placeholder %spbuild_getstagestring% generated an error when setting for player Dalynkaa
11.03.2023 - 19:04:31 - java.lang.IllegalStateException: zip file closed
11.03.2023 - 19:04:31 - 	at java.base/java.util.zip.ZipFile.ensureOpen(ZipFile.java:831)
11.03.2023 - 19:04:31 - 	at java.base/java.util.zip.ZipFile.getEntry(ZipFile.java:330)
11.03.2023 - 19:04:31 - 	at java.base/java.util.jar.JarFile.getEntry(JarFile.java:518)
11.03.2023 - 19:04:31 - 	at java.base/java.util.jar.JarFile.getJarEntry(JarFile.java:473)
11.03.2023 - 19:04:31 - 	at org.bukkit.plugin.java.PluginClassLoader.findClass(PluginClassLoader.java:189)
11.03.2023 - 19:04:31 - 	at java.base/java.lang.ClassLoader.loadClass(ClassLoader.java:587)
11.03.2023 - 19:04:31 - 	at org.bukkit.plugin.java.PluginClassLoader.loadClass0(PluginClassLoader.java:129)
11.03.2023 - 19:04:31 - 	at org.bukkit.plugin.java.PluginClassLoader.loadClass(PluginClassLoader.java:124)
11.03.2023 - 19:04:31 - 	at java.base/java.lang.ClassLoader.loadClass(ClassLoader.java:520)
11.03.2023 - 19:04:31 - 	at spworlds-1.0-SNAPSHOT.jar//com.spworlds.utils.PlaceholderApis.onRequest(PlaceholderApis.java:33)
11.03.2023 - 19:04:31 - 	at PlaceholderAPI-2.11.2.jar//me.clip.placeholderapi.replacer.CharsReplacer.apply(CharsReplacer.java:119)
11.03.2023 - 19:04:31 - 	at PlaceholderAPI-2.11.2.jar//me.clip.placeholderapi.PlaceholderAPI.setPlaceholders(PlaceholderAPI.java:71)
11.03.2023 - 19:04:31 - 	at PlaceholderAPI-2.11.2.jar//me.clip.placeholderapi.PlaceholderAPI.setPlaceholders(PlaceholderAPI.java:99)
11.03.2023 - 19:04:31 - 	at TAB.v3.2.4.jar//me.neznamy.tab.platforms.bukkit.BukkitPlatform.lambda$registerUnknownPlaceholder$2(BukkitPlatform.java:179)
11.03.2023 - 19:04:31 - 	at TAB.v3.2.4.jar//me.neznamy.tab.shared.placeholders.PlayerPlaceholderImpl.request(PlayerPlaceholderImpl.java:130)
11.03.2023 - 19:04:31 - 	at TAB.v3.2.4.jar//me.neznamy.tab.shared.placeholders.PlayerPlaceholderImpl.update(PlayerPlaceholderImpl.java:53)
11.03.2023 - 19:04:31 - 	at TAB.v3.2.4.jar//me.neznamy.tab.shared.features.PlaceholderManagerImpl.updatePlayerPlaceholder(PlaceholderManagerImpl.java:117)
11.03.2023 - 19:04:31 - 	at TAB.v3.2.4.jar//me.neznamy.tab.shared.features.PlaceholderManagerImpl.refresh(PlaceholderManagerImpl.java:68)
11.03.2023 - 19:04:31 - 	at TAB.v3.2.4.jar//me.neznamy.tab.shared.CpuManager.lambda$runMeasuredTask$8(CpuManager.java:354)
11.03.2023 - 19:04:31 - 	at TAB.v3.2.4.jar//me.neznamy.tab.shared.CpuManager.lambda$submit$1(CpuManager.java:111)
11.03.2023 - 19:04:31 - 	at java.base/java.util.concurrent.Executors$RunnableAdapter.call(Executors.java:539)
11.03.2023 - 19:04:31 - 	at java.base/java.util.concurrent.FutureTask.run(FutureTask.java:264)
11.03.2023 - 19:04:31 - 	at java.base/java.util.concurrent.ThreadPoolExecutor.runWorker(ThreadPoolExecutor.java:1136)
11.03.2023 - 19:04:31 - 	at java.base/java.util.concurrent.ThreadPoolExecutor$Worker.run(ThreadPoolExecutor.java:635)
11.03.2023 - 19:04:31 - 	at java.base/java.lang.Thread.run(Thread.java:833)
11.03.2023 - 19:04:31 - [TAB v3.2.4] Player placeholder %spbuild_getstagestring% generated an error when setting for player Dalynkaa
11.03.2023 - 19:04:31 - java.lang.IllegalStateException: zip file closed
11.03.2023 - 19:04:31 - 	at java.base/java.util.zip.ZipFile.ensureOpen(ZipFile.java:831)
11.03.2023 - 19:04:31 - 	at java.base/java.util.zip.ZipFile.getEntry(ZipFile.java:330)
11.03.2023 - 19:04:31 - 	at java.base/java.util.jar.JarFile.getEntry(JarFile.java:518)
11.03.2023 - 19:04:31 - 	at java.base/java.util.jar.JarFile.getJarEntry(JarFile.java:473)
11.03.2023 - 19:04:31 - 	at org.bukkit.plugin.java.PluginClassLoader.findClass(PluginClassLoader.java:189)
11.03.2023 - 19:04:31 - 	at java.base/java.lang.ClassLoader.loadClass(ClassLoader.java:587)
11.03.2023 - 19:04:31 - 	at org.bukkit.plugin.java.PluginClassLoader.loadClass0(PluginClassLoader.java:129)
11.03.2023 - 19:04:31 - 	at org.bukkit.plugin.java.PluginClassLoader.loadClass(PluginClassLoader.java:124)
11.03.2023 - 19:04:31 - 	at java.base/java.lang.ClassLoader.loadClass(ClassLoader.java:520)
11.03.2023 - 19:04:31 - 	at spworlds-1.0-SNAPSHOT.jar//com.spworlds.utils.PlaceholderApis.onRequest(PlaceholderApis.java:33)
11.03.2023 - 19:04:31 - 	at PlaceholderAPI-2.11.2.jar//me.clip.placeholderapi.replacer.CharsReplacer.apply(CharsReplacer.java:119)
11.03.2023 - 19:04:31 - 	at PlaceholderAPI-2.11.2.jar//me.clip.placeholderapi.PlaceholderAPI.setPlaceholders(PlaceholderAPI.java:71)
11.03.2023 - 19:04:31 - 	at PlaceholderAPI-2.11.2.jar//me.clip.placeholderapi.PlaceholderAPI.setPlaceholders(PlaceholderAPI.java:99)
11.03.2023 - 19:04:31 - 	at TAB.v3.2.4.jar//me.neznamy.tab.platforms.bukkit.BukkitPlatform.lambda$registerUnknownPlaceholder$2(BukkitPlatform.java:179)
11.03.2023 - 19:04:31 - 	at TAB.v3.2.4.jar//me.neznamy.tab.shared.placeholders.PlayerPlaceholderImpl.request(PlayerPlaceholderImpl.java:130)
11.03.2023 - 19:04:31 - 	at TAB.v3.2.4.jar//me.neznamy.tab.shared.placeholders.PlayerPlaceholderImpl.update(PlayerPlaceholderImpl.java:53)
11.03.2023 - 19:04:31 - 	at TAB.v3.2.4.jar//me.neznamy.tab.shared.features.PlaceholderManagerImpl.updatePlayerPlaceholder(PlaceholderManagerImpl.java:117)
11.03.2023 - 19:04:31 - 	at TAB.v3.2.4.jar//me.neznamy.tab.shared.features.PlaceholderManagerImpl.refresh(PlaceholderManagerImpl.java:68)
11.03.2023 - 19:04:31 - 	at TAB.v3.2.4.jar//me.neznamy.tab.shared.CpuManager.lambda$runMeasuredTask$8(CpuManager.java:354)
11.03.2023 - 19:04:31 - 	at TAB.v3.2.4.jar//me.neznamy.tab.shared.CpuManager.lambda$submit$1(CpuManager.java:111)
11.03.2023 - 19:04:31 - 	at java.base/java.util.concurrent.Executors$RunnableAdapter.call(Executors.java:539)
11.03.2023 - 19:04:31 - 	at java.base/java.util.concurrent.FutureTask.run(FutureTask.java:264)
11.03.2023 - 19:04:31 - 	at java.base/java.util.concurrent.ThreadPoolExecutor.runWorker(ThreadPoolExecutor.java:1136)
11.03.2023 - 19:04:31 - 	at java.base/java.util.concurrent.ThreadPoolExecutor$Worker.run(ThreadPoolExecutor.java:635)
11.03.2023 - 19:04:31 - 	at java.base/java.lang.Thread.run(Thread.java:833)
11.03.2023 - 19:04:32 - [TAB v3.2.4] Player placeholder %spbuild_getstagestring% generated an error when setting for player Dalynkaa
11.03.2023 - 19:04:32 - java.lang.IllegalStateException: zip file closed
11.03.2023 - 19:04:32 - 	at java.base/java.util.zip.ZipFile.ensureOpen(ZipFile.java:831)
11.03.2023 - 19:04:32 - 	at java.base/java.util.zip.ZipFile.getEntry(ZipFile.java:330)
11.03.2023 - 19:04:32 - 	at java.base/java.util.jar.JarFile.getEntry(JarFile.java:518)
11.03.2023 - 19:04:32 - 	at java.base/java.util.jar.JarFile.getJarEntry(JarFile.java:473)
11.03.2023 - 19:04:32 - 	at org.bukkit.plugin.java.PluginClassLoader.findClass(PluginClassLoader.java:189)
11.03.2023 - 19:04:32 - 	at java.base/java.lang.ClassLoader.loadClass(ClassLoader.java:587)
11.03.2023 - 19:04:32 - 	at org.bukkit.plugin.java.PluginClassLoader.loadClass0(PluginClassLoader.java:129)
11.03.2023 - 19:04:32 - 	at org.bukkit.plugin.java.PluginClassLoader.loadClass(PluginClassLoader.java:124)
11.03.2023 - 19:04:32 - 	at java.base/java.lang.ClassLoader.loadClass(ClassLoader.java:520)
11.03.2023 - 19:04:32 - 	at spworlds-1.0-SNAPSHOT.jar//com.spworlds.utils.PlaceholderApis.onRequest(PlaceholderApis.java:33)
11.03.2023 - 19:04:32 - 	at PlaceholderAPI-2.11.2.jar//me.clip.placeholderapi.replacer.CharsReplacer.apply(CharsReplacer.java:119)
11.03.2023 - 19:04:32 - 	at PlaceholderAPI-2.11.2.jar//me.clip.placeholderapi.PlaceholderAPI.setPlaceholders(PlaceholderAPI.java:71)
11.03.2023 - 19:04:32 - 	at PlaceholderAPI-2.11.2.jar//me.clip.placeholderapi.PlaceholderAPI.setPlaceholders(PlaceholderAPI.java:99)
11.03.2023 - 19:04:32 - 	at TAB.v3.2.4.jar//me.neznamy.tab.platforms.bukkit.BukkitPlatform.lambda$registerUnknownPlaceholder$2(BukkitPlatform.java:179)
11.03.2023 - 19:04:32 - 	at TAB.v3.2.4.jar//me.neznamy.tab.shared.placeholders.PlayerPlaceholderImpl.request(PlayerPlaceholderImpl.java:130)
11.03.2023 - 19:04:32 - 	at TAB.v3.2.4.jar//me.neznamy.tab.shared.placeholders.PlayerPlaceholderImpl.update(PlayerPlaceholderImpl.java:53)
11.03.2023 - 19:04:32 - 	at TAB.v3.2.4.jar//me.neznamy.tab.shared.features.PlaceholderManagerImpl.updatePlayerPlaceholder(PlaceholderManagerImpl.java:117)
11.03.2023 - 19:04:32 - 	at TAB.v3.2.4.jar//me.neznamy.tab.shared.features.PlaceholderManagerImpl.refresh(PlaceholderManagerImpl.java:68)
11.03.2023 - 19:04:32 - 	at TAB.v3.2.4.jar//me.neznamy.tab.shared.CpuManager.lambda$runMeasuredTask$8(CpuManager.java:354)
11.03.2023 - 19:04:32 - 	at TAB.v3.2.4.jar//me.neznamy.tab.shared.CpuManager.lambda$submit$1(CpuManager.java:111)
11.03.2023 - 19:04:32 - 	at java.base/java.util.concurrent.Executors$RunnableAdapter.call(Executors.java:539)
11.03.2023 - 19:04:32 - 	at java.base/java.util.concurrent.FutureTask.run(FutureTask.java:264)
11.03.2023 - 19:04:32 - 	at java.base/java.util.concurrent.ThreadPoolExecutor.runWorker(ThreadPoolExecutor.java:1136)
11.03.2023 - 19:04:32 - 	at java.base/java.util.concurrent.ThreadPoolExecutor$Worker.run(ThreadPoolExecutor.java:635)
11.03.2023 - 19:04:32 - 	at java.base/java.lang.Thread.run(Thread.java:833)
11.03.2023 - 19:04:32 - [TAB v3.2.4] Player placeholder %spbuild_getstagestring% generated an error when setting for player Dalynkaa
11.03.2023 - 19:04:32 - java.lang.IllegalStateException: zip file closed
11.03.2023 - 19:04:32 - 	at java.base/java.util.zip.ZipFile.ensureOpen(ZipFile.java:831)
11.03.2023 - 19:04:32 - 	at java.base/java.util.zip.ZipFile.getEntry(ZipFile.java:330)
11.03.2023 - 19:04:32 - 	at java.base/java.util.jar.JarFile.getEntry(JarFile.java:518)
11.03.2023 - 19:04:32 - 	at java.base/java.util.jar.JarFile.getJarEntry(JarFile.java:473)
11.03.2023 - 19:04:32 - 	at org.bukkit.plugin.java.PluginClassLoader.findClass(PluginClassLoader.java:189)
11.03.2023 - 19:04:32 - 	at java.base/java.lang.ClassLoader.loadClass(ClassLoader.java:587)
11.03.2023 - 19:04:32 - 	at org.bukkit.plugin.java.PluginClassLoader.loadClass0(PluginClassLoader.java:129)
11.03.2023 - 19:04:32 - 	at org.bukkit.plugin.java.PluginClassLoader.loadClass(PluginClassLoader.java:124)
11.03.2023 - 19:04:32 - 	at java.base/java.lang.ClassLoader.loadClass(ClassLoader.java:520)
11.03.2023 - 19:04:32 - 	at spworlds-1.0-SNAPSHOT.jar//com.spworlds.utils.PlaceholderApis.onRequest(PlaceholderApis.java:33)
11.03.2023 - 19:04:32 - 	at PlaceholderAPI-2.11.2.jar//me.clip.placeholderapi.replacer.CharsReplacer.apply(CharsReplacer.java:119)
11.03.2023 - 19:04:32 - 	at PlaceholderAPI-2.11.2.jar//me.clip.placeholderapi.PlaceholderAPI.setPlaceholders(PlaceholderAPI.java:71)
11.03.2023 - 19:04:32 - 	at PlaceholderAPI-2.11.2.jar//me.clip.placeholderapi.PlaceholderAPI.setPlaceholders(PlaceholderAPI.java:99)
11.03.2023 - 19:04:32 - 	at TAB.v3.2.4.jar//me.neznamy.tab.platforms.bukkit.BukkitPlatform.lambda$registerUnknownPlaceholder$2(BukkitPlatform.java:179)
11.03.2023 - 19:04:32 - 	at TAB.v3.2.4.jar//me.neznamy.tab.shared.placeholders.PlayerPlaceholderImpl.request(PlayerPlaceholderImpl.java:130)
11.03.2023 - 19:04:32 - 	at TAB.v3.2.4.jar//me.neznamy.tab.shared.placeholders.PlayerPlaceholderImpl.update(PlayerPlaceholderImpl.java:53)
11.03.2023 - 19:04:32 - 	at TAB.v3.2.4.jar//me.neznamy.tab.shared.features.PlaceholderManagerImpl.updatePlayerPlaceholder(PlaceholderManagerImpl.java:117)
11.03.2023 - 19:04:32 - 	at TAB.v3.2.4.jar//me.neznamy.tab.shared.features.PlaceholderManagerImpl.refresh(PlaceholderManagerImpl.java:68)
11.03.2023 - 19:04:32 - 	at TAB.v3.2.4.jar//me.neznamy.tab.shared.CpuManager.lambda$runMeasuredTask$8(CpuManager.java:354)
11.03.2023 - 19:04:32 - 	at TAB.v3.2.4.jar//me.neznamy.tab.shared.CpuManager.lambda$submit$1(CpuManager.java:111)
11.03.2023 - 19:04:32 - 	at java.base/java.util.concurrent.Executors$RunnableAdapter.call(Executors.java:539)
11.03.2023 - 19:04:32 - 	at java.base/java.util.concurrent.FutureTask.run(FutureTask.java:264)
11.03.2023 - 19:04:32 - 	at java.base/java.util.concurrent.ThreadPoolExecutor.runWorker(ThreadPoolExecutor.java:1136)
11.03.2023 - 19:04:32 - 	at java.base/java.util.concurrent.ThreadPoolExecutor$Worker.run(ThreadPoolExecutor.java:635)
11.03.2023 - 19:04:32 - 	at java.base/java.lang.Thread.run(Thread.java:833)
11.03.2023 - 19:04:33 - [TAB v3.2.4] Player placeholder %spbuild_getstagestring% generated an error when setting for player Dalynkaa
11.03.2023 - 19:04:33 - java.lang.IllegalStateException: zip file closed
11.03.2023 - 19:04:33 - 	at java.base/java.util.zip.ZipFile.ensureOpen(ZipFile.java:831)
11.03.2023 - 19:04:33 - 	at java.base/java.util.zip.ZipFile.getEntry(ZipFile.java:330)
11.03.2023 - 19:04:33 - 	at java.base/java.util.jar.JarFile.getEntry(JarFile.java:518)
11.03.2023 - 19:04:33 - 	at java.base/java.util.jar.JarFile.getJarEntry(JarFile.java:473)
11.03.2023 - 19:04:33 - 	at org.bukkit.plugin.java.PluginClassLoader.findClass(PluginClassLoader.java:189)
11.03.2023 - 19:04:33 - 	at java.base/java.lang.ClassLoader.loadClass(ClassLoader.java:587)
11.03.2023 - 19:04:33 - 	at org.bukkit.plugin.java.PluginClassLoader.loadClass0(PluginClassLoader.java:129)
11.03.2023 - 19:04:33 - 	at org.bukkit.plugin.java.PluginClassLoader.loadClass(PluginClassLoader.java:124)
11.03.2023 - 19:04:33 - 	at java.base/java.lang.ClassLoader.loadClass(ClassLoader.java:520)
11.03.2023 - 19:04:33 - 	at spworlds-1.0-SNAPSHOT.jar//com.spworlds.utils.PlaceholderApis.onRequest(PlaceholderApis.java:33)
11.03.2023 - 19:04:33 - 	at PlaceholderAPI-2.11.2.jar//me.clip.placeholderapi.replacer.CharsReplacer.apply(CharsReplacer.java:119)
11.03.2023 - 19:04:33 - 	at PlaceholderAPI-2.11.2.jar//me.clip.placeholderapi.PlaceholderAPI.setPlaceholders(PlaceholderAPI.java:71)
11.03.2023 - 19:04:33 - 	at PlaceholderAPI-2.11.2.jar//me.clip.placeholderapi.PlaceholderAPI.setPlaceholders(PlaceholderAPI.java:99)
11.03.2023 - 19:04:33 - 	at TAB.v3.2.4.jar//me.neznamy.tab.platforms.bukkit.BukkitPlatform.lambda$registerUnknownPlaceholder$2(BukkitPlatform.java:179)
11.03.2023 - 19:04:33 - 	at TAB.v3.2.4.jar//me.neznamy.tab.shared.placeholders.PlayerPlaceholderImpl.request(PlayerPlaceholderImpl.java:130)
11.03.2023 - 19:04:33 - 	at TAB.v3.2.4.jar//me.neznamy.tab.shared.placeholders.PlayerPlaceholderImpl.update(PlayerPlaceholderImpl.java:53)
11.03.2023 - 19:04:33 - 	at TAB.v3.2.4.jar//me.neznamy.tab.shared.features.PlaceholderManagerImpl.updatePlayerPlaceholder(PlaceholderManagerImpl.java:117)
11.03.2023 - 19:04:33 - 	at TAB.v3.2.4.jar//me.neznamy.tab.shared.features.PlaceholderManagerImpl.refresh(PlaceholderManagerImpl.java:68)
11.03.2023 - 19:04:33 - 	at TAB.v3.2.4.jar//me.neznamy.tab.shared.CpuManager.lambda$runMeasuredTask$8(CpuManager.java:354)
11.03.2023 - 19:04:33 - 	at TAB.v3.2.4.jar//me.neznamy.tab.shared.CpuManager.lambda$submit$1(CpuManager.java:111)
11.03.2023 - 19:04:33 - 	at java.base/java.util.concurrent.Executors$RunnableAdapter.call(Executors.java:539)
11.03.2023 - 19:04:33 - 	at java.base/java.util.concurrent.FutureTask.run(FutureTask.java:264)
11.03.2023 - 19:04:33 - 	at java.base/java.util.concurrent.ThreadPoolExecutor.runWorker(ThreadPoolExecutor.java:1136)
11.03.2023 - 19:04:33 - 	at java.base/java.util.concurrent.ThreadPoolExecutor$Worker.run(ThreadPoolExecutor.java:635)
11.03.2023 - 19:04:33 - 	at java.base/java.lang.Thread.run(Thread.java:833)
11.03.2023 - 19:04:33 - [TAB v3.2.4] Player placeholder %spbuild_getstagestring% generated an error when setting for player Dalynkaa
11.03.2023 - 19:04:33 - java.lang.IllegalStateException: zip file closed
11.03.2023 - 19:04:33 - 	at java.base/java.util.zip.ZipFile.ensureOpen(ZipFile.java:831)
11.03.2023 - 19:04:33 - 	at java.base/java.util.zip.ZipFile.getEntry(ZipFile.java:330)
11.03.2023 - 19:04:33 - 	at java.base/java.util.jar.JarFile.getEntry(JarFile.java:518)
11.03.2023 - 19:04:33 - 	at java.base/java.util.jar.JarFile.getJarEntry(JarFile.java:473)
11.03.2023 - 19:04:33 - 	at org.bukkit.plugin.java.PluginClassLoader.findClass(PluginClassLoader.java:189)
11.03.2023 - 19:04:33 - 	at java.base/java.lang.ClassLoader.loadClass(ClassLoader.java:587)
11.03.2023 - 19:04:33 - 	at org.bukkit.plugin.java.PluginClassLoader.loadClass0(PluginClassLoader.java:129)
11.03.2023 - 19:04:33 - 	at org.bukkit.plugin.java.PluginClassLoader.loadClass(PluginClassLoader.java:124)
11.03.2023 - 19:04:33 - 	at java.base/java.lang.ClassLoader.loadClass(ClassLoader.java:520)
11.03.2023 - 19:04:33 - 	at spworlds-1.0-SNAPSHOT.jar//com.spworlds.utils.PlaceholderApis.onRequest(PlaceholderApis.java:33)
11.03.2023 - 19:04:33 - 	at PlaceholderAPI-2.11.2.jar//me.clip.placeholderapi.replacer.CharsReplacer.apply(CharsReplacer.java:119)
11.03.2023 - 19:04:33 - 	at PlaceholderAPI-2.11.2.jar//me.clip.placeholderapi.PlaceholderAPI.setPlaceholders(PlaceholderAPI.java:71)
11.03.2023 - 19:04:33 - 	at PlaceholderAPI-2.11.2.jar//me.clip.placeholderapi.PlaceholderAPI.setPlaceholders(PlaceholderAPI.java:99)
11.03.2023 - 19:04:33 - 	at TAB.v3.2.4.jar//me.neznamy.tab.platforms.bukkit.BukkitPlatform.lambda$registerUnknownPlaceholder$2(BukkitPlatform.java:179)
11.03.2023 - 19:04:33 - 	at TAB.v3.2.4.jar//me.neznamy.tab.shared.placeholders.PlayerPlaceholderImpl.request(PlayerPlaceholderImpl.java:130)
11.03.2023 - 19:04:33 - 	at TAB.v3.2.4.jar//me.neznamy.tab.shared.placeholders.PlayerPlaceholderImpl.update(PlayerPlaceholderImpl.java:53)
11.03.2023 - 19:04:33 - 	at TAB.v3.2.4.jar//me.neznamy.tab.shared.features.PlaceholderManagerImpl.updatePlayerPlaceholder(PlaceholderManagerImpl.java:117)
11.03.2023 - 19:04:33 - 	at TAB.v3.2.4.jar//me.neznamy.tab.shared.features.PlaceholderManagerImpl.refresh(PlaceholderManagerImpl.java:68)
11.03.2023 - 19:04:33 - 	at TAB.v3.2.4.jar//me.neznamy.tab.shared.CpuManager.lambda$runMeasuredTask$8(CpuManager.java:354)
11.03.2023 - 19:04:33 - 	at TAB.v3.2.4.jar//me.neznamy.tab.shared.CpuManager.lambda$submit$1(CpuManager.java:111)
11.03.2023 - 19:04:33 - 	at java.base/java.util.concurrent.Executors$RunnableAdapter.call(Executors.java:539)
11.03.2023 - 19:04:33 - 	at java.base/java.util.concurrent.FutureTask.run(FutureTask.java:264)
11.03.2023 - 19:04:33 - 	at java.base/java.util.concurrent.ThreadPoolExecutor.runWorker(ThreadPoolExecutor.java:1136)
11.03.2023 - 19:04:33 - 	at java.base/java.util.concurrent.ThreadPoolExecutor$Worker.run(ThreadPoolExecutor.java:635)
11.03.2023 - 19:04:33 - 	at java.base/java.lang.Thread.run(Thread.java:833)
11.03.2023 - 19:04:34 - [TAB v3.2.4] Player placeholder %spbuild_getstagestring% generated an error when setting for player Dalynkaa
11.03.2023 - 19:04:34 - java.lang.IllegalStateException: zip file closed
11.03.2023 - 19:04:34 - 	at java.base/java.util.zip.ZipFile.ensureOpen(ZipFile.java:831)
11.03.2023 - 19:04:34 - 	at java.base/java.util.zip.ZipFile.getEntry(ZipFile.java:330)
11.03.2023 - 19:04:34 - 	at java.base/java.util.jar.JarFile.getEntry(JarFile.java:518)
11.03.2023 - 19:04:34 - 	at java.base/java.util.jar.JarFile.getJarEntry(JarFile.java:473)
11.03.2023 - 19:04:34 - 	at org.bukkit.plugin.java.PluginClassLoader.findClass(PluginClassLoader.java:189)
11.03.2023 - 19:04:34 - 	at java.base/java.lang.ClassLoader.loadClass(ClassLoader.java:587)
11.03.2023 - 19:04:34 - 	at org.bukkit.plugin.java.PluginClassLoader.loadClass0(PluginClassLoader.java:129)
11.03.2023 - 19:04:34 - 	at org.bukkit.plugin.java.PluginClassLoader.loadClass(PluginClassLoader.java:124)
11.03.2023 - 19:04:34 - 	at java.base/java.lang.ClassLoader.loadClass(ClassLoader.java:520)
11.03.2023 - 19:04:34 - 	at spworlds-1.0-SNAPSHOT.jar//com.spworlds.utils.PlaceholderApis.onRequest(PlaceholderApis.java:33)
11.03.2023 - 19:04:34 - 	at PlaceholderAPI-2.11.2.jar//me.clip.placeholderapi.replacer.CharsReplacer.apply(CharsReplacer.java:119)
11.03.2023 - 19:04:34 - 	at PlaceholderAPI-2.11.2.jar//me.clip.placeholderapi.PlaceholderAPI.setPlaceholders(PlaceholderAPI.java:71)
11.03.2023 - 19:04:34 - 	at PlaceholderAPI-2.11.2.jar//me.clip.placeholderapi.PlaceholderAPI.setPlaceholders(PlaceholderAPI.java:99)
11.03.2023 - 19:04:34 - 	at TAB.v3.2.4.jar//me.neznamy.tab.platforms.bukkit.BukkitPlatform.lambda$registerUnknownPlaceholder$2(BukkitPlatform.java:179)
11.03.2023 - 19:04:34 - 	at TAB.v3.2.4.jar//me.neznamy.tab.shared.placeholders.PlayerPlaceholderImpl.request(PlayerPlaceholderImpl.java:130)
11.03.2023 - 19:04:34 - 	at TAB.v3.2.4.jar//me.neznamy.tab.shared.placeholders.PlayerPlaceholderImpl.update(PlayerPlaceholderImpl.java:53)
11.03.2023 - 19:04:34 - 	at TAB.v3.2.4.jar//me.neznamy.tab.shared.features.PlaceholderManagerImpl.updatePlayerPlaceholder(PlaceholderManagerImpl.java:117)
11.03.2023 - 19:04:34 - 	at TAB.v3.2.4.jar//me.neznamy.tab.shared.features.PlaceholderManagerImpl.refresh(PlaceholderManagerImpl.java:68)
11.03.2023 - 19:04:34 - 	at TAB.v3.2.4.jar//me.neznamy.tab.shared.CpuManager.lambda$runMeasuredTask$8(CpuManager.java:354)
11.03.2023 - 19:04:34 - 	at TAB.v3.2.4.jar//me.neznamy.tab.shared.CpuManager.lambda$submit$1(CpuManager.java:111)
11.03.2023 - 19:04:34 - 	at java.base/java.util.concurrent.Executors$RunnableAdapter.call(Executors.java:539)
11.03.2023 - 19:04:34 - 	at java.base/java.util.concurrent.FutureTask.run(FutureTask.java:264)
11.03.2023 - 19:04:34 - 	at java.base/java.util.concurrent.ThreadPoolExecutor.runWorker(ThreadPoolExecutor.java:1136)
11.03.2023 - 19:04:34 - 	at java.base/java.util.concurrent.ThreadPoolExecutor$Worker.run(ThreadPoolExecutor.java:635)
11.03.2023 - 19:04:34 - 	at java.base/java.lang.Thread.run(Thread.java:833)
11.03.2023 - 19:04:34 - [TAB v3.2.4] Player placeholder %spbuild_getstagestring% generated an error when setting for player Dalynkaa
11.03.2023 - 19:04:34 - java.lang.IllegalStateException: zip file closed
11.03.2023 - 19:04:34 - 	at java.base/java.util.zip.ZipFile.ensureOpen(ZipFile.java:831)
11.03.2023 - 19:04:34 - 	at java.base/java.util.zip.ZipFile.getEntry(ZipFile.java:330)
11.03.2023 - 19:04:34 - 	at java.base/java.util.jar.JarFile.getEntry(JarFile.java:518)
11.03.2023 - 19:04:34 - 	at java.base/java.util.jar.JarFile.getJarEntry(JarFile.java:473)
11.03.2023 - 19:04:34 - 	at org.bukkit.plugin.java.PluginClassLoader.findClass(PluginClassLoader.java:189)
11.03.2023 - 19:04:34 - 	at java.base/java.lang.ClassLoader.loadClass(ClassLoader.java:587)
11.03.2023 - 19:04:34 - 	at org.bukkit.plugin.java.PluginClassLoader.loadClass0(PluginClassLoader.java:129)
11.03.2023 - 19:04:34 - 	at org.bukkit.plugin.java.PluginClassLoader.loadClass(PluginClassLoader.java:124)
11.03.2023 - 19:04:34 - 	at java.base/java.lang.ClassLoader.loadClass(ClassLoader.java:520)
11.03.2023 - 19:04:34 - 	at spworlds-1.0-SNAPSHOT.jar//com.spworlds.utils.PlaceholderApis.onRequest(PlaceholderApis.java:33)
11.03.2023 - 19:04:34 - 	at PlaceholderAPI-2.11.2.jar//me.clip.placeholderapi.replacer.CharsReplacer.apply(CharsReplacer.java:119)
11.03.2023 - 19:04:34 - 	at PlaceholderAPI-2.11.2.jar//me.clip.placeholderapi.PlaceholderAPI.setPlaceholders(PlaceholderAPI.java:71)
11.03.2023 - 19:04:34 - 	at PlaceholderAPI-2.11.2.jar//me.clip.placeholderapi.PlaceholderAPI.setPlaceholders(PlaceholderAPI.java:99)
11.03.2023 - 19:04:34 - 	at TAB.v3.2.4.jar//me.neznamy.tab.platforms.bukkit.BukkitPlatform.lambda$registerUnknownPlaceholder$2(BukkitPlatform.java:179)
11.03.2023 - 19:04:34 - 	at TAB.v3.2.4.jar//me.neznamy.tab.shared.placeholders.PlayerPlaceholderImpl.request(PlayerPlaceholderImpl.java:130)
11.03.2023 - 19:04:34 - 	at TAB.v3.2.4.jar//me.neznamy.tab.shared.placeholders.PlayerPlaceholderImpl.update(PlayerPlaceholderImpl.java:53)
11.03.2023 - 19:04:34 - 	at TAB.v3.2.4.jar//me.neznamy.tab.shared.features.PlaceholderManagerImpl.updatePlayerPlaceholder(PlaceholderManagerImpl.java:117)
11.03.2023 - 19:04:34 - 	at TAB.v3.2.4.jar//me.neznamy.tab.shared.features.PlaceholderManagerImpl.refresh(PlaceholderManagerImpl.java:68)
11.03.2023 - 19:04:34 - 	at TAB.v3.2.4.jar//me.neznamy.tab.shared.CpuManager.lambda$runMeasuredTask$8(CpuManager.java:354)
11.03.2023 - 19:04:34 - 	at TAB.v3.2.4.jar//me.neznamy.tab.shared.CpuManager.lambda$submit$1(CpuManager.java:111)
11.03.2023 - 19:04:34 - 	at java.base/java.util.concurrent.Executors$RunnableAdapter.call(Executors.java:539)
11.03.2023 - 19:04:34 - 	at java.base/java.util.concurrent.FutureTask.run(FutureTask.java:264)
11.03.2023 - 19:04:34 - 	at java.base/java.util.concurrent.ThreadPoolExecutor.runWorker(ThreadPoolExecutor.java:1136)
11.03.2023 - 19:04:34 - 	at java.base/java.util.concurrent.ThreadPoolExecutor$Worker.run(ThreadPoolExecutor.java:635)
11.03.2023 - 19:04:34 - 	at java.base/java.lang.Thread.run(Thread.java:833)
11.03.2023 - 19:04:35 - [TAB v3.2.4] Player placeholder %spbuild_getstagestring% generated an error when setting for player Dalynkaa
11.03.2023 - 19:04:35 - java.lang.IllegalStateException: zip file closed
11.03.2023 - 19:04:35 - 	at java.base/java.util.zip.ZipFile.ensureOpen(ZipFile.java:831)
11.03.2023 - 19:04:35 - 	at java.base/java.util.zip.ZipFile.getEntry(ZipFile.java:330)
11.03.2023 - 19:04:35 - 	at java.base/java.util.jar.JarFile.getEntry(JarFile.java:518)
11.03.2023 - 19:04:35 - 	at java.base/java.util.jar.JarFile.getJarEntry(JarFile.java:473)
11.03.2023 - 19:04:35 - 	at org.bukkit.plugin.java.PluginClassLoader.findClass(PluginClassLoader.java:189)
11.03.2023 - 19:04:35 - 	at java.base/java.lang.ClassLoader.loadClass(ClassLoader.java:587)
11.03.2023 - 19:04:35 - 	at org.bukkit.plugin.java.PluginClassLoader.loadClass0(PluginClassLoader.java:129)
11.03.2023 - 19:04:35 - 	at org.bukkit.plugin.java.PluginClassLoader.loadClass(PluginClassLoader.java:124)
11.03.2023 - 19:04:35 - 	at java.base/java.lang.ClassLoader.loadClass(ClassLoader.java:520)
11.03.2023 - 19:04:35 - 	at spworlds-1.0-SNAPSHOT.jar//com.spworlds.utils.PlaceholderApis.onRequest(PlaceholderApis.java:33)
11.03.2023 - 19:04:35 - 	at PlaceholderAPI-2.11.2.jar//me.clip.placeholderapi.replacer.CharsReplacer.apply(CharsReplacer.java:119)
11.03.2023 - 19:04:35 - 	at PlaceholderAPI-2.11.2.jar//me.clip.placeholderapi.PlaceholderAPI.setPlaceholders(PlaceholderAPI.java:71)
11.03.2023 - 19:04:35 - 	at PlaceholderAPI-2.11.2.jar//me.clip.placeholderapi.PlaceholderAPI.setPlaceholders(PlaceholderAPI.java:99)
11.03.2023 - 19:04:35 - 	at TAB.v3.2.4.jar//me.neznamy.tab.platforms.bukkit.BukkitPlatform.lambda$registerUnknownPlaceholder$2(BukkitPlatform.java:179)
11.03.2023 - 19:04:35 - 	at TAB.v3.2.4.jar//me.neznamy.tab.shared.placeholders.PlayerPlaceholderImpl.request(PlayerPlaceholderImpl.java:130)
11.03.2023 - 19:04:35 - 	at TAB.v3.2.4.jar//me.neznamy.tab.shared.placeholders.PlayerPlaceholderImpl.update(PlayerPlaceholderImpl.java:53)
11.03.2023 - 19:04:35 - 	at TAB.v3.2.4.jar//me.neznamy.tab.shared.features.PlaceholderManagerImpl.updatePlayerPlaceholder(PlaceholderManagerImpl.java:117)
11.03.2023 - 19:04:35 - 	at TAB.v3.2.4.jar//me.neznamy.tab.shared.features.PlaceholderManagerImpl.refresh(PlaceholderManagerImpl.java:68)
11.03.2023 - 19:04:35 - 	at TAB.v3.2.4.jar//me.neznamy.tab.shared.CpuManager.lambda$runMeasuredTask$8(CpuManager.java:354)
11.03.2023 - 19:04:35 - 	at TAB.v3.2.4.jar//me.neznamy.tab.shared.CpuManager.lambda$submit$1(CpuManager.java:111)
11.03.2023 - 19:04:35 - 	at java.base/java.util.concurrent.Executors$RunnableAdapter.call(Executors.java:539)
11.03.2023 - 19:04:35 - 	at java.base/java.util.concurrent.FutureTask.run(FutureTask.java:264)
11.03.2023 - 19:04:35 - 	at java.base/java.util.concurrent.ThreadPoolExecutor.runWorker(ThreadPoolExecutor.java:1136)
11.03.2023 - 19:04:35 - 	at java.base/java.util.concurrent.ThreadPoolExecutor$Worker.run(ThreadPoolExecutor.java:635)
11.03.2023 - 19:04:35 - 	at java.base/java.lang.Thread.run(Thread.java:833)
11.03.2023 - 19:04:35 - [TAB v3.2.4] Player placeholder %spbuild_getstagestring% generated an error when setting for player Dalynkaa
11.03.2023 - 19:04:35 - java.lang.IllegalStateException: zip file closed
11.03.2023 - 19:04:35 - 	at java.base/java.util.zip.ZipFile.ensureOpen(ZipFile.java:831)
11.03.2023 - 19:04:35 - 	at java.base/java.util.zip.ZipFile.getEntry(ZipFile.java:330)
11.03.2023 - 19:04:35 - 	at java.base/java.util.jar.JarFile.getEntry(JarFile.java:518)
11.03.2023 - 19:04:35 - 	at java.base/java.util.jar.JarFile.getJarEntry(JarFile.java:473)
11.03.2023 - 19:04:35 - 	at org.bukkit.plugin.java.PluginClassLoader.findClass(PluginClassLoader.java:189)
11.03.2023 - 19:04:35 - 	at java.base/java.lang.ClassLoader.loadClass(ClassLoader.java:587)
11.03.2023 - 19:04:35 - 	at org.bukkit.plugin.java.PluginClassLoader.loadClass0(PluginClassLoader.java:129)
11.03.2023 - 19:04:35 - 	at org.bukkit.plugin.java.PluginClassLoader.loadClass(PluginClassLoader.java:124)
11.03.2023 - 19:04:35 - 	at java.base/java.lang.ClassLoader.loadClass(ClassLoader.java:520)
11.03.2023 - 19:04:35 - 	at spworlds-1.0-SNAPSHOT.jar//com.spworlds.utils.PlaceholderApis.onRequest(PlaceholderApis.java:33)
11.03.2023 - 19:04:35 - 	at PlaceholderAPI-2.11.2.jar//me.clip.placeholderapi.replacer.CharsReplacer.apply(CharsReplacer.java:119)
11.03.2023 - 19:04:35 - 	at PlaceholderAPI-2.11.2.jar//me.clip.placeholderapi.PlaceholderAPI.setPlaceholders(PlaceholderAPI.java:71)
11.03.2023 - 19:04:35 - 	at PlaceholderAPI-2.11.2.jar//me.clip.placeholderapi.PlaceholderAPI.setPlaceholders(PlaceholderAPI.java:99)
11.03.2023 - 19:04:35 - 	at TAB.v3.2.4.jar//me.neznamy.tab.platforms.bukkit.BukkitPlatform.lambda$registerUnknownPlaceholder$2(BukkitPlatform.java:179)
11.03.2023 - 19:04:35 - 	at TAB.v3.2.4.jar//me.neznamy.tab.shared.placeholders.PlayerPlaceholderImpl.request(PlayerPlaceholderImpl.java:130)
11.03.2023 - 19:04:35 - 	at TAB.v3.2.4.jar//me.neznamy.tab.shared.placeholders.PlayerPlaceholderImpl.update(PlayerPlaceholderImpl.java:53)
11.03.2023 - 19:04:35 - 	at TAB.v3.2.4.jar//me.neznamy.tab.shared.features.PlaceholderManagerImpl.updatePlayerPlaceholder(PlaceholderManagerImpl.java:117)
11.03.2023 - 19:04:35 - 	at TAB.v3.2.4.jar//me.neznamy.tab.shared.features.PlaceholderManagerImpl.refresh(PlaceholderManagerImpl.java:68)
11.03.2023 - 19:04:35 - 	at TAB.v3.2.4.jar//me.neznamy.tab.shared.CpuManager.lambda$runMeasuredTask$8(CpuManager.java:354)
11.03.2023 - 19:04:35 - 	at TAB.v3.2.4.jar//me.neznamy.tab.shared.CpuManager.lambda$submit$1(CpuManager.java:111)
11.03.2023 - 19:04:35 - 	at java.base/java.util.concurrent.Executors$RunnableAdapter.call(Executors.java:539)
11.03.2023 - 19:04:35 - 	at java.base/java.util.concurrent.FutureTask.run(FutureTask.java:264)
11.03.2023 - 19:04:35 - 	at java.base/java.util.concurrent.ThreadPoolExecutor.runWorker(ThreadPoolExecutor.java:1136)
11.03.2023 - 19:04:35 - 	at java.base/java.util.concurrent.ThreadPoolExecutor$Worker.run(ThreadPoolExecutor.java:635)
11.03.2023 - 19:04:35 - 	at java.base/java.lang.Thread.run(Thread.java:833)
11.03.2023 - 19:04:36 - [TAB v3.2.4] Player placeholder %spbuild_getstagestring% generated an error when setting for player Dalynkaa
11.03.2023 - 19:04:36 - java.lang.IllegalStateException: zip file closed
11.03.2023 - 19:04:36 - 	at java.base/java.util.zip.ZipFile.ensureOpen(ZipFile.java:831)
11.03.2023 - 19:04:36 - 	at java.base/java.util.zip.ZipFile.getEntry(ZipFile.java:330)
11.03.2023 - 19:04:36 - 	at java.base/java.util.jar.JarFile.getEntry(JarFile.java:518)
11.03.2023 - 19:04:36 - 	at java.base/java.util.jar.JarFile.getJarEntry(JarFile.java:473)
11.03.2023 - 19:04:36 - 	at org.bukkit.plugin.java.PluginClassLoader.findClass(PluginClassLoader.java:189)
11.03.2023 - 19:04:36 - 	at java.base/java.lang.ClassLoader.loadClass(ClassLoader.java:587)
11.03.2023 - 19:04:36 - 	at org.bukkit.plugin.java.PluginClassLoader.loadClass0(PluginClassLoader.java:129)
11.03.2023 - 19:04:36 - 	at org.bukkit.plugin.java.PluginClassLoader.loadClass(PluginClassLoader.java:124)
11.03.2023 - 19:04:36 - 	at java.base/java.lang.ClassLoader.loadClass(ClassLoader.java:520)
11.03.2023 - 19:04:36 - 	at spworlds-1.0-SNAPSHOT.jar//com.spworlds.utils.PlaceholderApis.onRequest(PlaceholderApis.java:33)
11.03.2023 - 19:04:36 - 	at PlaceholderAPI-2.11.2.jar//me.clip.placeholderapi.replacer.CharsReplacer.apply(CharsReplacer.java:119)
11.03.2023 - 19:04:36 - 	at PlaceholderAPI-2.11.2.jar//me.clip.placeholderapi.PlaceholderAPI.setPlaceholders(PlaceholderAPI.java:71)
11.03.2023 - 19:04:36 - 	at PlaceholderAPI-2.11.2.jar//me.clip.placeholderapi.PlaceholderAPI.setPlaceholders(PlaceholderAPI.java:99)
11.03.2023 - 19:04:36 - 	at TAB.v3.2.4.jar//me.neznamy.tab.platforms.bukkit.BukkitPlatform.lambda$registerUnknownPlaceholder$2(BukkitPlatform.java:179)
11.03.2023 - 19:04:36 - 	at TAB.v3.2.4.jar//me.neznamy.tab.shared.placeholders.PlayerPlaceholderImpl.request(PlayerPlaceholderImpl.java:130)
11.03.2023 - 19:04:36 - 	at TAB.v3.2.4.jar//me.neznamy.tab.shared.placeholders.PlayerPlaceholderImpl.update(PlayerPlaceholderImpl.java:53)
11.03.2023 - 19:04:36 - 	at TAB.v3.2.4.jar//me.neznamy.tab.shared.features.PlaceholderManagerImpl.updatePlayerPlaceholder(PlaceholderManagerImpl.java:117)
11.03.2023 - 19:04:36 - 	at TAB.v3.2.4.jar//me.neznamy.tab.shared.features.PlaceholderManagerImpl.refresh(PlaceholderManagerImpl.java:68)
11.03.2023 - 19:04:36 - 	at TAB.v3.2.4.jar//me.neznamy.tab.shared.CpuManager.lambda$runMeasuredTask$8(CpuManager.java:354)
11.03.2023 - 19:04:36 - 	at TAB.v3.2.4.jar//me.neznamy.tab.shared.CpuManager.lambda$submit$1(CpuManager.java:111)
11.03.2023 - 19:04:36 - 	at java.base/java.util.concurrent.Executors$RunnableAdapter.call(Executors.java:539)
11.03.2023 - 19:04:36 - 	at java.base/java.util.concurrent.FutureTask.run(FutureTask.java:264)
11.03.2023 - 19:04:36 - 	at java.base/java.util.concurrent.ThreadPoolExecutor.runWorker(ThreadPoolExecutor.java:1136)
11.03.2023 - 19:04:36 - 	at java.base/java.util.concurrent.ThreadPoolExecutor$Worker.run(ThreadPoolExecutor.java:635)
11.03.2023 - 19:04:36 - 	at java.base/java.lang.Thread.run(Thread.java:833)
11.03.2023 - 19:04:36 - [TAB v3.2.4] Player placeholder %spbuild_getstagestring% generated an error when setting for player Dalynkaa
11.03.2023 - 19:04:36 - java.lang.IllegalStateException: zip file closed
11.03.2023 - 19:04:36 - 	at java.base/java.util.zip.ZipFile.ensureOpen(ZipFile.java:831)
11.03.2023 - 19:04:36 - 	at java.base/java.util.zip.ZipFile.getEntry(ZipFile.java:330)
11.03.2023 - 19:04:36 - 	at java.base/java.util.jar.JarFile.getEntry(JarFile.java:518)
11.03.2023 - 19:04:36 - 	at java.base/java.util.jar.JarFile.getJarEntry(JarFile.java:473)
11.03.2023 - 19:04:36 - 	at org.bukkit.plugin.java.PluginClassLoader.findClass(PluginClassLoader.java:189)
11.03.2023 - 19:04:36 - 	at java.base/java.lang.ClassLoader.loadClass(ClassLoader.java:587)
11.03.2023 - 19:04:36 - 	at org.bukkit.plugin.java.PluginClassLoader.loadClass0(PluginClassLoader.java:129)
11.03.2023 - 19:04:36 - 	at org.bukkit.plugin.java.PluginClassLoader.loadClass(PluginClassLoader.java:124)
11.03.2023 - 19:04:36 - 	at java.base/java.lang.ClassLoader.loadClass(ClassLoader.java:520)
11.03.2023 - 19:04:36 - 	at spworlds-1.0-SNAPSHOT.jar//com.spworlds.utils.PlaceholderApis.onRequest(PlaceholderApis.java:33)
11.03.2023 - 19:04:36 - 	at PlaceholderAPI-2.11.2.jar//me.clip.placeholderapi.replacer.CharsReplacer.apply(CharsReplacer.java:119)
11.03.2023 - 19:04:36 - 	at PlaceholderAPI-2.11.2.jar//me.clip.placeholderapi.PlaceholderAPI.setPlaceholders(PlaceholderAPI.java:71)
11.03.2023 - 19:04:36 - 	at PlaceholderAPI-2.11.2.jar//me.clip.placeholderapi.PlaceholderAPI.setPlaceholders(PlaceholderAPI.java:99)
11.03.2023 - 19:04:36 - 	at TAB.v3.2.4.jar//me.neznamy.tab.platforms.bukkit.BukkitPlatform.lambda$registerUnknownPlaceholder$2(BukkitPlatform.java:179)
11.03.2023 - 19:04:36 - 	at TAB.v3.2.4.jar//me.neznamy.tab.shared.placeholders.PlayerPlaceholderImpl.request(PlayerPlaceholderImpl.java:130)
11.03.2023 - 19:04:36 - 	at TAB.v3.2.4.jar//me.neznamy.tab.shared.placeholders.PlayerPlaceholderImpl.update(PlayerPlaceholderImpl.java:53)
11.03.2023 - 19:04:36 - 	at TAB.v3.2.4.jar//me.neznamy.tab.shared.features.PlaceholderManagerImpl.updatePlayerPlaceholder(PlaceholderManagerImpl.java:117)
11.03.2023 - 19:04:36 - 	at TAB.v3.2.4.jar//me.neznamy.tab.shared.features.PlaceholderManagerImpl.refresh(PlaceholderManagerImpl.java:68)
11.03.2023 - 19:04:36 - 	at TAB.v3.2.4.jar//me.neznamy.tab.shared.CpuManager.lambda$runMeasuredTask$8(CpuManager.java:354)
11.03.2023 - 19:04:36 - 	at TAB.v3.2.4.jar//me.neznamy.tab.shared.CpuManager.lambda$submit$1(CpuManager.java:111)
11.03.2023 - 19:04:36 - 	at java.base/java.util.concurrent.Executors$RunnableAdapter.call(Executors.java:539)
11.03.2023 - 19:04:36 - 	at java.base/java.util.concurrent.FutureTask.run(FutureTask.java:264)
11.03.2023 - 19:04:36 - 	at java.base/java.util.concurrent.ThreadPoolExecutor.runWorker(ThreadPoolExecutor.java:1136)
11.03.2023 - 19:04:36 - 	at java.base/java.util.concurrent.ThreadPoolExecutor$Worker.run(ThreadPoolExecutor.java:635)
11.03.2023 - 19:04:36 - 	at java.base/java.lang.Thread.run(Thread.java:833)
11.03.2023 - 19:04:37 - [TAB v3.2.4] Player placeholder %spbuild_getstagestring% generated an error when setting for player Dalynkaa
11.03.2023 - 19:04:37 - java.lang.IllegalStateException: zip file closed
11.03.2023 - 19:04:37 - 	at java.base/java.util.zip.ZipFile.ensureOpen(ZipFile.java:831)
11.03.2023 - 19:04:37 - 	at java.base/java.util.zip.ZipFile.getEntry(ZipFile.java:330)
11.03.2023 - 19:04:37 - 	at java.base/java.util.jar.JarFile.getEntry(JarFile.java:518)
11.03.2023 - 19:04:37 - 	at java.base/java.util.jar.JarFile.getJarEntry(JarFile.java:473)
11.03.2023 - 19:04:37 - 	at org.bukkit.plugin.java.PluginClassLoader.findClass(PluginClassLoader.java:189)
11.03.2023 - 19:04:37 - 	at java.base/java.lang.ClassLoader.loadClass(ClassLoader.java:587)
11.03.2023 - 19:04:37 - 	at org.bukkit.plugin.java.PluginClassLoader.loadClass0(PluginClassLoader.java:129)
11.03.2023 - 19:04:37 - 	at org.bukkit.plugin.java.PluginClassLoader.loadClass(PluginClassLoader.java:124)
11.03.2023 - 19:04:37 - 	at java.base/java.lang.ClassLoader.loadClass(ClassLoader.java:520)
11.03.2023 - 19:04:37 - 	at spworlds-1.0-SNAPSHOT.jar//com.spworlds.utils.PlaceholderApis.onRequest(PlaceholderApis.java:33)
11.03.2023 - 19:04:37 - 	at PlaceholderAPI-2.11.2.jar//me.clip.placeholderapi.replacer.CharsReplacer.apply(CharsReplacer.java:119)
11.03.2023 - 19:04:37 - 	at PlaceholderAPI-2.11.2.jar//me.clip.placeholderapi.PlaceholderAPI.setPlaceholders(PlaceholderAPI.java:71)
11.03.2023 - 19:04:37 - 	at PlaceholderAPI-2.11.2.jar//me.clip.placeholderapi.PlaceholderAPI.setPlaceholders(PlaceholderAPI.java:99)
11.03.2023 - 19:04:37 - 	at TAB.v3.2.4.jar//me.neznamy.tab.platforms.bukkit.BukkitPlatform.lambda$registerUnknownPlaceholder$2(BukkitPlatform.java:179)
11.03.2023 - 19:04:37 - 	at TAB.v3.2.4.jar//me.neznamy.tab.shared.placeholders.PlayerPlaceholderImpl.request(PlayerPlaceholderImpl.java:130)
11.03.2023 - 19:04:37 - 	at TAB.v3.2.4.jar//me.neznamy.tab.shared.placeholders.PlayerPlaceholderImpl.update(PlayerPlaceholderImpl.java:53)
11.03.2023 - 19:04:37 - 	at TAB.v3.2.4.jar//me.neznamy.tab.shared.features.PlaceholderManagerImpl.updatePlayerPlaceholder(PlaceholderManagerImpl.java:117)
11.03.2023 - 19:04:37 - 	at TAB.v3.2.4.jar//me.neznamy.tab.shared.features.PlaceholderManagerImpl.refresh(PlaceholderManagerImpl.java:68)
11.03.2023 - 19:04:37 - 	at TAB.v3.2.4.jar//me.neznamy.tab.shared.CpuManager.lambda$runMeasuredTask$8(CpuManager.java:354)
11.03.2023 - 19:04:37 - 	at TAB.v3.2.4.jar//me.neznamy.tab.shared.CpuManager.lambda$submit$1(CpuManager.java:111)
11.03.2023 - 19:04:37 - 	at java.base/java.util.concurrent.Executors$RunnableAdapter.call(Executors.java:539)
11.03.2023 - 19:04:37 - 	at java.base/java.util.concurrent.FutureTask.run(FutureTask.java:264)
11.03.2023 - 19:04:37 - 	at java.base/java.util.concurrent.ThreadPoolExecutor.runWorker(ThreadPoolExecutor.java:1136)
11.03.2023 - 19:04:37 - 	at java.base/java.util.concurrent.ThreadPoolExecutor$Worker.run(ThreadPoolExecutor.java:635)
11.03.2023 - 19:04:37 - 	at java.base/java.lang.Thread.run(Thread.java:833)
11.03.2023 - 19:04:37 - [TAB v3.2.4] Player placeholder %spbuild_getstagestring% generated an error when setting for player Dalynkaa
11.03.2023 - 19:04:37 - java.lang.IllegalStateException: zip file closed
11.03.2023 - 19:04:37 - 	at java.base/java.util.zip.ZipFile.ensureOpen(ZipFile.java:831)
11.03.2023 - 19:04:37 - 	at java.base/java.util.zip.ZipFile.getEntry(ZipFile.java:330)
11.03.2023 - 19:04:37 - 	at java.base/java.util.jar.JarFile.getEntry(JarFile.java:518)
11.03.2023 - 19:04:37 - 	at java.base/java.util.jar.JarFile.getJarEntry(JarFile.java:473)
11.03.2023 - 19:04:37 - 	at org.bukkit.plugin.java.PluginClassLoader.findClass(PluginClassLoader.java:189)
11.03.2023 - 19:04:37 - 	at java.base/java.lang.ClassLoader.loadClass(ClassLoader.java:587)
11.03.2023 - 19:04:37 - 	at org.bukkit.plugin.java.PluginClassLoader.loadClass0(PluginClassLoader.java:129)
11.03.2023 - 19:04:37 - 	at org.bukkit.plugin.java.PluginClassLoader.loadClass(PluginClassLoader.java:124)
11.03.2023 - 19:04:37 - 	at java.base/java.lang.ClassLoader.loadClass(ClassLoader.java:520)
11.03.2023 - 19:04:37 - 	at spworlds-1.0-SNAPSHOT.jar//com.spworlds.utils.PlaceholderApis.onRequest(PlaceholderApis.java:33)
11.03.2023 - 19:04:37 - 	at PlaceholderAPI-2.11.2.jar//me.clip.placeholderapi.replacer.CharsReplacer.apply(CharsReplacer.java:119)
11.03.2023 - 19:04:37 - 	at PlaceholderAPI-2.11.2.jar//me.clip.placeholderapi.PlaceholderAPI.setPlaceholders(PlaceholderAPI.java:71)
11.03.2023 - 19:04:37 - 	at PlaceholderAPI-2.11.2.jar//me.clip.placeholderapi.PlaceholderAPI.setPlaceholders(PlaceholderAPI.java:99)
11.03.2023 - 19:04:37 - 	at TAB.v3.2.4.jar//me.neznamy.tab.platforms.bukkit.BukkitPlatform.lambda$registerUnknownPlaceholder$2(BukkitPlatform.java:179)
11.03.2023 - 19:04:37 - 	at TAB.v3.2.4.jar//me.neznamy.tab.shared.placeholders.PlayerPlaceholderImpl.request(PlayerPlaceholderImpl.java:130)
11.03.2023 - 19:04:37 - 	at TAB.v3.2.4.jar//me.neznamy.tab.shared.placeholders.PlayerPlaceholderImpl.update(PlayerPlaceholderImpl.java:53)
11.03.2023 - 19:04:37 - 	at TAB.v3.2.4.jar//me.neznamy.tab.shared.features.PlaceholderManagerImpl.updatePlayerPlaceholder(PlaceholderManagerImpl.java:117)
11.03.2023 - 19:04:37 - 	at TAB.v3.2.4.jar//me.neznamy.tab.shared.features.PlaceholderManagerImpl.refresh(PlaceholderManagerImpl.java:68)
11.03.2023 - 19:04:37 - 	at TAB.v3.2.4.jar//me.neznamy.tab.shared.CpuManager.lambda$runMeasuredTask$8(CpuManager.java:354)
11.03.2023 - 19:04:37 - 	at TAB.v3.2.4.jar//me.neznamy.tab.shared.CpuManager.lambda$submit$1(CpuManager.java:111)
11.03.2023 - 19:04:37 - 	at java.base/java.util.concurrent.Executors$RunnableAdapter.call(Executors.java:539)
11.03.2023 - 19:04:37 - 	at java.base/java.util.concurrent.FutureTask.run(FutureTask.java:264)
11.03.2023 - 19:04:37 - 	at java.base/java.util.concurrent.ThreadPoolExecutor.runWorker(ThreadPoolExecutor.java:1136)
11.03.2023 - 19:04:37 - 	at java.base/java.util.concurrent.ThreadPoolExecutor$Worker.run(ThreadPoolExecutor.java:635)
11.03.2023 - 19:04:37 - 	at java.base/java.lang.Thread.run(Thread.java:833)
11.03.2023 - 19:04:38 - [TAB v3.2.4] Player placeholder %spbuild_getstagestring% generated an error when setting for player Dalynkaa
11.03.2023 - 19:04:38 - java.lang.IllegalStateException: zip file closed
11.03.2023 - 19:04:38 - 	at java.base/java.util.zip.ZipFile.ensureOpen(ZipFile.java:831)
11.03.2023 - 19:04:38 - 	at java.base/java.util.zip.ZipFile.getEntry(ZipFile.java:330)
11.03.2023 - 19:04:38 - 	at java.base/java.util.jar.JarFile.getEntry(JarFile.java:518)
11.03.2023 - 19:04:38 - 	at java.base/java.util.jar.JarFile.getJarEntry(JarFile.java:473)
11.03.2023 - 19:04:38 - 	at org.bukkit.plugin.java.PluginClassLoader.findClass(PluginClassLoader.java:189)
11.03.2023 - 19:04:38 - 	at java.base/java.lang.ClassLoader.loadClass(ClassLoader.java:587)
11.03.2023 - 19:04:38 - 	at org.bukkit.plugin.java.PluginClassLoader.loadClass0(PluginClassLoader.java:129)
11.03.2023 - 19:04:38 - 	at org.bukkit.plugin.java.PluginClassLoader.loadClass(PluginClassLoader.java:124)
11.03.2023 - 19:04:38 - 	at java.base/java.lang.ClassLoader.loadClass(ClassLoader.java:520)
11.03.2023 - 19:04:38 - 	at spworlds-1.0-SNAPSHOT.jar//com.spworlds.utils.PlaceholderApis.onRequest(PlaceholderApis.java:33)
11.03.2023 - 19:04:38 - 	at PlaceholderAPI-2.11.2.jar//me.clip.placeholderapi.replacer.CharsReplacer.apply(CharsReplacer.java:119)
11.03.2023 - 19:04:38 - 	at PlaceholderAPI-2.11.2.jar//me.clip.placeholderapi.PlaceholderAPI.setPlaceholders(PlaceholderAPI.java:71)
11.03.2023 - 19:04:38 - 	at PlaceholderAPI-2.11.2.jar//me.clip.placeholderapi.PlaceholderAPI.setPlaceholders(PlaceholderAPI.java:99)
11.03.2023 - 19:04:38 - 	at TAB.v3.2.4.jar//me.neznamy.tab.platforms.bukkit.BukkitPlatform.lambda$registerUnknownPlaceholder$2(BukkitPlatform.java:179)
11.03.2023 - 19:04:38 - 	at TAB.v3.2.4.jar//me.neznamy.tab.shared.placeholders.PlayerPlaceholderImpl.request(PlayerPlaceholderImpl.java:130)
11.03.2023 - 19:04:38 - 	at TAB.v3.2.4.jar//me.neznamy.tab.shared.placeholders.PlayerPlaceholderImpl.update(PlayerPlaceholderImpl.java:53)
11.03.2023 - 19:04:38 - 	at TAB.v3.2.4.jar//me.neznamy.tab.shared.features.PlaceholderManagerImpl.updatePlayerPlaceholder(PlaceholderManagerImpl.java:117)
11.03.2023 - 19:04:38 - 	at TAB.v3.2.4.jar//me.neznamy.tab.shared.features.PlaceholderManagerImpl.refresh(PlaceholderManagerImpl.java:68)
11.03.2023 - 19:04:38 - 	at TAB.v3.2.4.jar//me.neznamy.tab.shared.CpuManager.lambda$runMeasuredTask$8(CpuManager.java:354)
11.03.2023 - 19:04:38 - 	at TAB.v3.2.4.jar//me.neznamy.tab.shared.CpuManager.lambda$submit$1(CpuManager.java:111)
11.03.2023 - 19:04:38 - 	at java.base/java.util.concurrent.Executors$RunnableAdapter.call(Executors.java:539)
11.03.2023 - 19:04:38 - 	at java.base/java.util.concurrent.FutureTask.run(FutureTask.java:264)
11.03.2023 - 19:04:38 - 	at java.base/java.util.concurrent.ThreadPoolExecutor.runWorker(ThreadPoolExecutor.java:1136)
11.03.2023 - 19:04:38 - 	at java.base/java.util.concurrent.ThreadPoolExecutor$Worker.run(ThreadPoolExecutor.java:635)
11.03.2023 - 19:04:38 - 	at java.base/java.lang.Thread.run(Thread.java:833)
11.03.2023 - 19:04:38 - [TAB v3.2.4] Player placeholder %spbuild_getstagestring% generated an error when setting for player Dalynkaa
11.03.2023 - 19:04:38 - java.lang.IllegalStateException: zip file closed
11.03.2023 - 19:04:38 - 	at java.base/java.util.zip.ZipFile.ensureOpen(ZipFile.java:831)
11.03.2023 - 19:04:38 - 	at java.base/java.util.zip.ZipFile.getEntry(ZipFile.java:330)
11.03.2023 - 19:04:38 - 	at java.base/java.util.jar.JarFile.getEntry(JarFile.java:518)
11.03.2023 - 19:04:38 - 	at java.base/java.util.jar.JarFile.getJarEntry(JarFile.java:473)
11.03.2023 - 19:04:38 - 	at org.bukkit.plugin.java.PluginClassLoader.findClass(PluginClassLoader.java:189)
11.03.2023 - 19:04:38 - 	at java.base/java.lang.ClassLoader.loadClass(ClassLoader.java:587)
11.03.2023 - 19:04:38 - 	at org.bukkit.plugin.java.PluginClassLoader.loadClass0(PluginClassLoader.java:129)
11.03.2023 - 19:04:38 - 	at org.bukkit.plugin.java.PluginClassLoader.loadClass(PluginClassLoader.java:124)
11.03.2023 - 19:04:38 - 	at java.base/java.lang.ClassLoader.loadClass(ClassLoader.java:520)
11.03.2023 - 19:04:38 - 	at spworlds-1.0-SNAPSHOT.jar//com.spworlds.utils.PlaceholderApis.onRequest(PlaceholderApis.java:33)
11.03.2023 - 19:04:38 - 	at PlaceholderAPI-2.11.2.jar//me.clip.placeholderapi.replacer.CharsReplacer.apply(CharsReplacer.java:119)
11.03.2023 - 19:04:38 - 	at PlaceholderAPI-2.11.2.jar//me.clip.placeholderapi.PlaceholderAPI.setPlaceholders(PlaceholderAPI.java:71)
11.03.2023 - 19:04:38 - 	at PlaceholderAPI-2.11.2.jar//me.clip.placeholderapi.PlaceholderAPI.setPlaceholders(PlaceholderAPI.java:99)
11.03.2023 - 19:04:38 - 	at TAB.v3.2.4.jar//me.neznamy.tab.platforms.bukkit.BukkitPlatform.lambda$registerUnknownPlaceholder$2(BukkitPlatform.java:179)
11.03.2023 - 19:04:38 - 	at TAB.v3.2.4.jar//me.neznamy.tab.shared.placeholders.PlayerPlaceholderImpl.request(PlayerPlaceholderImpl.java:130)
11.03.2023 - 19:04:38 - 	at TAB.v3.2.4.jar//me.neznamy.tab.shared.placeholders.PlayerPlaceholderImpl.update(PlayerPlaceholderImpl.java:53)
11.03.2023 - 19:04:38 - 	at TAB.v3.2.4.jar//me.neznamy.tab.shared.features.PlaceholderManagerImpl.updatePlayerPlaceholder(PlaceholderManagerImpl.java:117)
11.03.2023 - 19:04:38 - 	at TAB.v3.2.4.jar//me.neznamy.tab.shared.features.PlaceholderManagerImpl.refresh(PlaceholderManagerImpl.java:68)
11.03.2023 - 19:04:38 - 	at TAB.v3.2.4.jar//me.neznamy.tab.shared.CpuManager.lambda$runMeasuredTask$8(CpuManager.java:354)
11.03.2023 - 19:04:38 - 	at TAB.v3.2.4.jar//me.neznamy.tab.shared.CpuManager.lambda$submit$1(CpuManager.java:111)
11.03.2023 - 19:04:38 - 	at java.base/java.util.concurrent.Executors$RunnableAdapter.call(Executors.java:539)
11.03.2023 - 19:04:38 - 	at java.base/java.util.concurrent.FutureTask.run(FutureTask.java:264)
11.03.2023 - 19:04:38 - 	at java.base/java.util.concurrent.ThreadPoolExecutor.runWorker(ThreadPoolExecutor.java:1136)
11.03.2023 - 19:04:38 - 	at java.base/java.util.concurrent.ThreadPoolExecutor$Worker.run(ThreadPoolExecutor.java:635)
11.03.2023 - 19:04:38 - 	at java.base/java.lang.Thread.run(Thread.java:833)
11.03.2023 - 19:04:39 - [TAB v3.2.4] Player placeholder %spbuild_getstagestring% generated an error when setting for player Dalynkaa
11.03.2023 - 19:04:39 - java.lang.IllegalStateException: zip file closed
11.03.2023 - 19:04:39 - 	at java.base/java.util.zip.ZipFile.ensureOpen(ZipFile.java:831)
11.03.2023 - 19:04:39 - 	at java.base/java.util.zip.ZipFile.getEntry(ZipFile.java:330)
11.03.2023 - 19:04:39 - 	at java.base/java.util.jar.JarFile.getEntry(JarFile.java:518)
11.03.2023 - 19:04:39 - 	at java.base/java.util.jar.JarFile.getJarEntry(JarFile.java:473)
11.03.2023 - 19:04:39 - 	at org.bukkit.plugin.java.PluginClassLoader.findClass(PluginClassLoader.java:189)
11.03.2023 - 19:04:39 - 	at java.base/java.lang.ClassLoader.loadClass(ClassLoader.java:587)
11.03.2023 - 19:04:39 - 	at org.bukkit.plugin.java.PluginClassLoader.loadClass0(PluginClassLoader.java:129)
11.03.2023 - 19:04:39 - 	at org.bukkit.plugin.java.PluginClassLoader.loadClass(PluginClassLoader.java:124)
11.03.2023 - 19:04:39 - 	at java.base/java.lang.ClassLoader.loadClass(ClassLoader.java:520)
11.03.2023 - 19:04:39 - 	at spworlds-1.0-SNAPSHOT.jar//com.spworlds.utils.PlaceholderApis.onRequest(PlaceholderApis.java:33)
11.03.2023 - 19:04:39 - 	at PlaceholderAPI-2.11.2.jar//me.clip.placeholderapi.replacer.CharsReplacer.apply(CharsReplacer.java:119)
11.03.2023 - 19:04:39 - 	at PlaceholderAPI-2.11.2.jar//me.clip.placeholderapi.PlaceholderAPI.setPlaceholders(PlaceholderAPI.java:71)
11.03.2023 - 19:04:39 - 	at PlaceholderAPI-2.11.2.jar//me.clip.placeholderapi.PlaceholderAPI.setPlaceholders(PlaceholderAPI.java:99)
11.03.2023 - 19:04:39 - 	at TAB.v3.2.4.jar//me.neznamy.tab.platforms.bukkit.BukkitPlatform.lambda$registerUnknownPlaceholder$2(BukkitPlatform.java:179)
11.03.2023 - 19:04:39 - 	at TAB.v3.2.4.jar//me.neznamy.tab.shared.placeholders.PlayerPlaceholderImpl.request(PlayerPlaceholderImpl.java:130)
11.03.2023 - 19:04:39 - 	at TAB.v3.2.4.jar//me.neznamy.tab.shared.placeholders.PlayerPlaceholderImpl.update(PlayerPlaceholderImpl.java:53)
11.03.2023 - 19:04:39 - 	at TAB.v3.2.4.jar//me.neznamy.tab.shared.features.PlaceholderManagerImpl.updatePlayerPlaceholder(PlaceholderManagerImpl.java:117)
11.03.2023 - 19:04:39 - 	at TAB.v3.2.4.jar//me.neznamy.tab.shared.features.PlaceholderManagerImpl.refresh(PlaceholderManagerImpl.java:68)
11.03.2023 - 19:04:39 - 	at TAB.v3.2.4.jar//me.neznamy.tab.shared.CpuManager.lambda$runMeasuredTask$8(CpuManager.java:354)
11.03.2023 - 19:04:39 - 	at TAB.v3.2.4.jar//me.neznamy.tab.shared.CpuManager.lambda$submit$1(CpuManager.java:111)
11.03.2023 - 19:04:39 - 	at java.base/java.util.concurrent.Executors$RunnableAdapter.call(Executors.java:539)
11.03.2023 - 19:04:39 - 	at java.base/java.util.concurrent.FutureTask.run(FutureTask.java:264)
11.03.2023 - 19:04:39 - 	at java.base/java.util.concurrent.ThreadPoolExecutor.runWorker(ThreadPoolExecutor.java:1136)
11.03.2023 - 19:04:39 - 	at java.base/java.util.concurrent.ThreadPoolExecutor$Worker.run(ThreadPoolExecutor.java:635)
11.03.2023 - 19:04:39 - 	at java.base/java.lang.Thread.run(Thread.java:833)
11.03.2023 - 19:04:39 - [TAB v3.2.4] Player placeholder %spbuild_getstagestring% generated an error when setting for player Dalynkaa
11.03.2023 - 19:04:39 - java.lang.IllegalStateException: zip file closed
11.03.2023 - 19:04:39 - 	at java.base/java.util.zip.ZipFile.ensureOpen(ZipFile.java:831)
11.03.2023 - 19:04:39 - 	at java.base/java.util.zip.ZipFile.getEntry(ZipFile.java:330)
11.03.2023 - 19:04:39 - 	at java.base/java.util.jar.JarFile.getEntry(JarFile.java:518)
11.03.2023 - 19:04:39 - 	at java.base/java.util.jar.JarFile.getJarEntry(JarFile.java:473)
11.03.2023 - 19:04:39 - 	at org.bukkit.plugin.java.PluginClassLoader.findClass(PluginClassLoader.java:189)
11.03.2023 - 19:04:39 - 	at java.base/java.lang.ClassLoader.loadClass(ClassLoader.java:587)
11.03.2023 - 19:04:39 - 	at org.bukkit.plugin.java.PluginClassLoader.loadClass0(PluginClassLoader.java:129)
11.03.2023 - 19:04:39 - 	at org.bukkit.plugin.java.PluginClassLoader.loadClass(PluginClassLoader.java:124)
11.03.2023 - 19:04:39 - 	at java.base/java.lang.ClassLoader.loadClass(ClassLoader.java:520)
11.03.2023 - 19:04:39 - 	at spworlds-1.0-SNAPSHOT.jar//com.spworlds.utils.PlaceholderApis.onRequest(PlaceholderApis.java:33)
11.03.2023 - 19:04:39 - 	at PlaceholderAPI-2.11.2.jar//me.clip.placeholderapi.replacer.CharsReplacer.apply(CharsReplacer.java:119)
11.03.2023 - 19:04:39 - 	at PlaceholderAPI-2.11.2.jar//me.clip.placeholderapi.PlaceholderAPI.setPlaceholders(PlaceholderAPI.java:71)
11.03.2023 - 19:04:39 - 	at PlaceholderAPI-2.11.2.jar//me.clip.placeholderapi.PlaceholderAPI.setPlaceholders(PlaceholderAPI.java:99)
11.03.2023 - 19:04:39 - 	at TAB.v3.2.4.jar//me.neznamy.tab.platforms.bukkit.BukkitPlatform.lambda$registerUnknownPlaceholder$2(BukkitPlatform.java:179)
11.03.2023 - 19:04:39 - 	at TAB.v3.2.4.jar//me.neznamy.tab.shared.placeholders.PlayerPlaceholderImpl.request(PlayerPlaceholderImpl.java:130)
11.03.2023 - 19:04:39 - 	at TAB.v3.2.4.jar//me.neznamy.tab.shared.placeholders.PlayerPlaceholderImpl.update(PlayerPlaceholderImpl.java:53)
11.03.2023 - 19:04:39 - 	at TAB.v3.2.4.jar//me.neznamy.tab.shared.features.PlaceholderManagerImpl.updatePlayerPlaceholder(PlaceholderManagerImpl.java:117)
11.03.2023 - 19:04:39 - 	at TAB.v3.2.4.jar//me.neznamy.tab.shared.features.PlaceholderManagerImpl.refresh(PlaceholderManagerImpl.java:68)
11.03.2023 - 19:04:39 - 	at TAB.v3.2.4.jar//me.neznamy.tab.shared.CpuManager.lambda$runMeasuredTask$8(CpuManager.java:354)
11.03.2023 - 19:04:39 - 	at TAB.v3.2.4.jar//me.neznamy.tab.shared.CpuManager.lambda$submit$1(CpuManager.java:111)
11.03.2023 - 19:04:39 - 	at java.base/java.util.concurrent.Executors$RunnableAdapter.call(Executors.java:539)
11.03.2023 - 19:04:39 - 	at java.base/java.util.concurrent.FutureTask.run(FutureTask.java:264)
11.03.2023 - 19:04:39 - 	at java.base/java.util.concurrent.ThreadPoolExecutor.runWorker(ThreadPoolExecutor.java:1136)
11.03.2023 - 19:04:39 - 	at java.base/java.util.concurrent.ThreadPoolExecutor$Worker.run(ThreadPoolExecutor.java:635)
11.03.2023 - 19:04:39 - 	at java.base/java.lang.Thread.run(Thread.java:833)
11.03.2023 - 19:04:40 - [TAB v3.2.4] Player placeholder %spbuild_getstagestring% generated an error when setting for player Dalynkaa
11.03.2023 - 19:04:40 - java.lang.IllegalStateException: zip file closed
11.03.2023 - 19:04:40 - 	at java.base/java.util.zip.ZipFile.ensureOpen(ZipFile.java:831)
11.03.2023 - 19:04:40 - 	at java.base/java.util.zip.ZipFile.getEntry(ZipFile.java:330)
11.03.2023 - 19:04:40 - 	at java.base/java.util.jar.JarFile.getEntry(JarFile.java:518)
11.03.2023 - 19:04:40 - 	at java.base/java.util.jar.JarFile.getJarEntry(JarFile.java:473)
11.03.2023 - 19:04:40 - 	at org.bukkit.plugin.java.PluginClassLoader.findClass(PluginClassLoader.java:189)
11.03.2023 - 19:04:40 - 	at java.base/java.lang.ClassLoader.loadClass(ClassLoader.java:587)
11.03.2023 - 19:04:40 - 	at org.bukkit.plugin.java.PluginClassLoader.loadClass0(PluginClassLoader.java:129)
11.03.2023 - 19:04:40 - 	at org.bukkit.plugin.java.PluginClassLoader.loadClass(PluginClassLoader.java:124)
11.03.2023 - 19:04:40 - 	at java.base/java.lang.ClassLoader.loadClass(ClassLoader.java:520)
11.03.2023 - 19:04:40 - 	at spworlds-1.0-SNAPSHOT.jar//com.spworlds.utils.PlaceholderApis.onRequest(PlaceholderApis.java:33)
11.03.2023 - 19:04:40 - 	at PlaceholderAPI-2.11.2.jar//me.clip.placeholderapi.replacer.CharsReplacer.apply(CharsReplacer.java:119)
11.03.2023 - 19:04:40 - 	at PlaceholderAPI-2.11.2.jar//me.clip.placeholderapi.PlaceholderAPI.setPlaceholders(PlaceholderAPI.java:71)
11.03.2023 - 19:04:40 - 	at PlaceholderAPI-2.11.2.jar//me.clip.placeholderapi.PlaceholderAPI.setPlaceholders(PlaceholderAPI.java:99)
11.03.2023 - 19:04:40 - 	at TAB.v3.2.4.jar//me.neznamy.tab.platforms.bukkit.BukkitPlatform.lambda$registerUnknownPlaceholder$2(BukkitPlatform.java:179)
11.03.2023 - 19:04:40 - 	at TAB.v3.2.4.jar//me.neznamy.tab.shared.placeholders.PlayerPlaceholderImpl.request(PlayerPlaceholderImpl.java:130)
11.03.2023 - 19:04:40 - 	at TAB.v3.2.4.jar//me.neznamy.tab.shared.placeholders.PlayerPlaceholderImpl.update(PlayerPlaceholderImpl.java:53)
11.03.2023 - 19:04:40 - 	at TAB.v3.2.4.jar//me.neznamy.tab.shared.features.PlaceholderManagerImpl.updatePlayerPlaceholder(PlaceholderManagerImpl.java:117)
11.03.2023 - 19:04:40 - 	at TAB.v3.2.4.jar//me.neznamy.tab.shared.features.PlaceholderManagerImpl.refresh(PlaceholderManagerImpl.java:68)
11.03.2023 - 19:04:40 - 	at TAB.v3.2.4.jar//me.neznamy.tab.shared.CpuManager.lambda$runMeasuredTask$8(CpuManager.java:354)
11.03.2023 - 19:04:40 - 	at TAB.v3.2.4.jar//me.neznamy.tab.shared.CpuManager.lambda$submit$1(CpuManager.java:111)
11.03.2023 - 19:04:40 - 	at java.base/java.util.concurrent.Executors$RunnableAdapter.call(Executors.java:539)
11.03.2023 - 19:04:40 - 	at java.base/java.util.concurrent.FutureTask.run(FutureTask.java:264)
11.03.2023 - 19:04:40 - 	at java.base/java.util.concurrent.ThreadPoolExecutor.runWorker(ThreadPoolExecutor.java:1136)
11.03.2023 - 19:04:40 - 	at java.base/java.util.concurrent.ThreadPoolExecutor$Worker.run(ThreadPoolExecutor.java:635)
11.03.2023 - 19:04:40 - 	at java.base/java.lang.Thread.run(Thread.java:833)
11.03.2023 - 19:04:40 - [TAB v3.2.4] Player placeholder %spbuild_getstagestring% generated an error when setting for player Dalynkaa
11.03.2023 - 19:04:40 - java.lang.IllegalStateException: zip file closed
11.03.2023 - 19:04:40 - 	at java.base/java.util.zip.ZipFile.ensureOpen(ZipFile.java:831)
11.03.2023 - 19:04:40 - 	at java.base/java.util.zip.ZipFile.getEntry(ZipFile.java:330)
11.03.2023 - 19:04:40 - 	at java.base/java.util.jar.JarFile.getEntry(JarFile.java:518)
11.03.2023 - 19:04:40 - 	at java.base/java.util.jar.JarFile.getJarEntry(JarFile.java:473)
11.03.2023 - 19:04:40 - 	at org.bukkit.plugin.java.PluginClassLoader.findClass(PluginClassLoader.java:189)
11.03.2023 - 19:04:40 - 	at java.base/java.lang.ClassLoader.loadClass(ClassLoader.java:587)
11.03.2023 - 19:04:40 - 	at org.bukkit.plugin.java.PluginClassLoader.loadClass0(PluginClassLoader.java:129)
11.03.2023 - 19:04:40 - 	at org.bukkit.plugin.java.PluginClassLoader.loadClass(PluginClassLoader.java:124)
11.03.2023 - 19:04:40 - 	at java.base/java.lang.ClassLoader.loadClass(ClassLoader.java:520)
11.03.2023 - 19:04:40 - 	at spworlds-1.0-SNAPSHOT.jar//com.spworlds.utils.PlaceholderApis.onRequest(PlaceholderApis.java:33)
11.03.2023 - 19:04:40 - 	at PlaceholderAPI-2.11.2.jar//me.clip.placeholderapi.replacer.CharsReplacer.apply(CharsReplacer.java:119)
11.03.2023 - 19:04:40 - 	at PlaceholderAPI-2.11.2.jar//me.clip.placeholderapi.PlaceholderAPI.setPlaceholders(PlaceholderAPI.java:71)
11.03.2023 - 19:04:40 - 	at PlaceholderAPI-2.11.2.jar//me.clip.placeholderapi.PlaceholderAPI.setPlaceholders(PlaceholderAPI.java:99)
11.03.2023 - 19:04:40 - 	at TAB.v3.2.4.jar//me.neznamy.tab.platforms.bukkit.BukkitPlatform.lambda$registerUnknownPlaceholder$2(BukkitPlatform.java:179)
11.03.2023 - 19:04:40 - 	at TAB.v3.2.4.jar//me.neznamy.tab.shared.placeholders.PlayerPlaceholderImpl.request(PlayerPlaceholderImpl.java:130)
11.03.2023 - 19:04:40 - 	at TAB.v3.2.4.jar//me.neznamy.tab.shared.placeholders.PlayerPlaceholderImpl.update(PlayerPlaceholderImpl.java:53)
11.03.2023 - 19:04:40 - 	at TAB.v3.2.4.jar//me.neznamy.tab.shared.features.PlaceholderManagerImpl.updatePlayerPlaceholder(PlaceholderManagerImpl.java:117)
11.03.2023 - 19:04:40 - 	at TAB.v3.2.4.jar//me.neznamy.tab.shared.features.PlaceholderManagerImpl.refresh(PlaceholderManagerImpl.java:68)
11.03.2023 - 19:04:40 - 	at TAB.v3.2.4.jar//me.neznamy.tab.shared.CpuManager.lambda$runMeasuredTask$8(CpuManager.java:354)
11.03.2023 - 19:04:40 - 	at TAB.v3.2.4.jar//me.neznamy.tab.shared.CpuManager.lambda$submit$1(CpuManager.java:111)
11.03.2023 - 19:04:40 - 	at java.base/java.util.concurrent.Executors$RunnableAdapter.call(Executors.java:539)
11.03.2023 - 19:04:40 - 	at java.base/java.util.concurrent.FutureTask.run(FutureTask.java:264)
11.03.2023 - 19:04:40 - 	at java.base/java.util.concurrent.ThreadPoolExecutor.runWorker(ThreadPoolExecutor.java:1136)
11.03.2023 - 19:04:40 - 	at java.base/java.util.concurrent.ThreadPoolExecutor$Worker.run(ThreadPoolExecutor.java:635)
11.03.2023 - 19:04:40 - 	at java.base/java.lang.Thread.run(Thread.java:833)
11.03.2023 - 19:04:41 - [TAB v3.2.4] Player placeholder %spbuild_getstagestring% generated an error when setting for player Dalynkaa
11.03.2023 - 19:04:41 - java.lang.IllegalStateException: zip file closed
11.03.2023 - 19:04:41 - 	at java.base/java.util.zip.ZipFile.ensureOpen(ZipFile.java:831)
11.03.2023 - 19:04:41 - 	at java.base/java.util.zip.ZipFile.getEntry(ZipFile.java:330)
11.03.2023 - 19:04:41 - 	at java.base/java.util.jar.JarFile.getEntry(JarFile.java:518)
11.03.2023 - 19:04:41 - 	at java.base/java.util.jar.JarFile.getJarEntry(JarFile.java:473)
11.03.2023 - 19:04:41 - 	at org.bukkit.plugin.java.PluginClassLoader.findClass(PluginClassLoader.java:189)
11.03.2023 - 19:04:41 - 	at java.base/java.lang.ClassLoader.loadClass(ClassLoader.java:587)
11.03.2023 - 19:04:41 - 	at org.bukkit.plugin.java.PluginClassLoader.loadClass0(PluginClassLoader.java:129)
11.03.2023 - 19:04:41 - 	at org.bukkit.plugin.java.PluginClassLoader.loadClass(PluginClassLoader.java:124)
11.03.2023 - 19:04:41 - 	at java.base/java.lang.ClassLoader.loadClass(ClassLoader.java:520)
11.03.2023 - 19:04:41 - 	at spworlds-1.0-SNAPSHOT.jar//com.spworlds.utils.PlaceholderApis.onRequest(PlaceholderApis.java:33)
11.03.2023 - 19:04:41 - 	at PlaceholderAPI-2.11.2.jar//me.clip.placeholderapi.replacer.CharsReplacer.apply(CharsReplacer.java:119)
11.03.2023 - 19:04:41 - 	at PlaceholderAPI-2.11.2.jar//me.clip.placeholderapi.PlaceholderAPI.setPlaceholders(PlaceholderAPI.java:71)
11.03.2023 - 19:04:41 - 	at PlaceholderAPI-2.11.2.jar//me.clip.placeholderapi.PlaceholderAPI.setPlaceholders(PlaceholderAPI.java:99)
11.03.2023 - 19:04:41 - 	at TAB.v3.2.4.jar//me.neznamy.tab.platforms.bukkit.BukkitPlatform.lambda$registerUnknownPlaceholder$2(BukkitPlatform.java:179)
11.03.2023 - 19:04:41 - 	at TAB.v3.2.4.jar//me.neznamy.tab.shared.placeholders.PlayerPlaceholderImpl.request(PlayerPlaceholderImpl.java:130)
11.03.2023 - 19:04:41 - 	at TAB.v3.2.4.jar//me.neznamy.tab.shared.placeholders.PlayerPlaceholderImpl.update(PlayerPlaceholderImpl.java:53)
11.03.2023 - 19:04:41 - 	at TAB.v3.2.4.jar//me.neznamy.tab.shared.features.PlaceholderManagerImpl.updatePlayerPlaceholder(PlaceholderManagerImpl.java:117)
11.03.2023 - 19:04:41 - 	at TAB.v3.2.4.jar//me.neznamy.tab.shared.features.PlaceholderManagerImpl.refresh(PlaceholderManagerImpl.java:68)
11.03.2023 - 19:04:41 - 	at TAB.v3.2.4.jar//me.neznamy.tab.shared.CpuManager.lambda$runMeasuredTask$8(CpuManager.java:354)
11.03.2023 - 19:04:41 - 	at TAB.v3.2.4.jar//me.neznamy.tab.shared.CpuManager.lambda$submit$1(CpuManager.java:111)
11.03.2023 - 19:04:41 - 	at java.base/java.util.concurrent.Executors$RunnableAdapter.call(Executors.java:539)
11.03.2023 - 19:04:41 - 	at java.base/java.util.concurrent.FutureTask.run(FutureTask.java:264)
11.03.2023 - 19:04:41 - 	at java.base/java.util.concurrent.ThreadPoolExecutor.runWorker(ThreadPoolExecutor.java:1136)
11.03.2023 - 19:04:41 - 	at java.base/java.util.concurrent.ThreadPoolExecutor$Worker.run(ThreadPoolExecutor.java:635)
11.03.2023 - 19:04:41 - 	at java.base/java.lang.Thread.run(Thread.java:833)
11.03.2023 - 19:04:41 - [TAB v3.2.4] Player placeholder %spbuild_getstagestring% generated an error when setting for player Dalynkaa
11.03.2023 - 19:04:41 - java.lang.IllegalStateException: zip file closed
11.03.2023 - 19:04:41 - 	at java.base/java.util.zip.ZipFile.ensureOpen(ZipFile.java:831)
11.03.2023 - 19:04:41 - 	at java.base/java.util.zip.ZipFile.getEntry(ZipFile.java:330)
11.03.2023 - 19:04:41 - 	at java.base/java.util.jar.JarFile.getEntry(JarFile.java:518)
11.03.2023 - 19:04:41 - 	at java.base/java.util.jar.JarFile.getJarEntry(JarFile.java:473)
11.03.2023 - 19:04:41 - 	at org.bukkit.plugin.java.PluginClassLoader.findClass(PluginClassLoader.java:189)
11.03.2023 - 19:04:41 - 	at java.base/java.lang.ClassLoader.loadClass(ClassLoader.java:587)
11.03.2023 - 19:04:41 - 	at org.bukkit.plugin.java.PluginClassLoader.loadClass0(PluginClassLoader.java:129)
11.03.2023 - 19:04:41 - 	at org.bukkit.plugin.java.PluginClassLoader.loadClass(PluginClassLoader.java:124)
11.03.2023 - 19:04:41 - 	at java.base/java.lang.ClassLoader.loadClass(ClassLoader.java:520)
11.03.2023 - 19:04:41 - 	at spworlds-1.0-SNAPSHOT.jar//com.spworlds.utils.PlaceholderApis.onRequest(PlaceholderApis.java:33)
11.03.2023 - 19:04:41 - 	at PlaceholderAPI-2.11.2.jar//me.clip.placeholderapi.replacer.CharsReplacer.apply(CharsReplacer.java:119)
11.03.2023 - 19:04:41 - 	at PlaceholderAPI-2.11.2.jar//me.clip.placeholderapi.PlaceholderAPI.setPlaceholders(PlaceholderAPI.java:71)
11.03.2023 - 19:04:41 - 	at PlaceholderAPI-2.11.2.jar//me.clip.placeholderapi.PlaceholderAPI.setPlaceholders(PlaceholderAPI.java:99)
11.03.2023 - 19:04:41 - 	at TAB.v3.2.4.jar//me.neznamy.tab.platforms.bukkit.BukkitPlatform.lambda$registerUnknownPlaceholder$2(BukkitPlatform.java:179)
11.03.2023 - 19:04:41 - 	at TAB.v3.2.4.jar//me.neznamy.tab.shared.placeholders.PlayerPlaceholderImpl.request(PlayerPlaceholderImpl.java:130)
11.03.2023 - 19:04:41 - 	at TAB.v3.2.4.jar//me.neznamy.tab.shared.placeholders.PlayerPlaceholderImpl.update(PlayerPlaceholderImpl.java:53)
11.03.2023 - 19:04:41 - 	at TAB.v3.2.4.jar//me.neznamy.tab.shared.features.PlaceholderManagerImpl.updatePlayerPlaceholder(PlaceholderManagerImpl.java:117)
11.03.2023 - 19:04:41 - 	at TAB.v3.2.4.jar//me.neznamy.tab.shared.features.PlaceholderManagerImpl.refresh(PlaceholderManagerImpl.java:68)
11.03.2023 - 19:04:41 - 	at TAB.v3.2.4.jar//me.neznamy.tab.shared.CpuManager.lambda$runMeasuredTask$8(CpuManager.java:354)
11.03.2023 - 19:04:41 - 	at TAB.v3.2.4.jar//me.neznamy.tab.shared.CpuManager.lambda$submit$1(CpuManager.java:111)
11.03.2023 - 19:04:41 - 	at java.base/java.util.concurrent.Executors$RunnableAdapter.call(Executors.java:539)
11.03.2023 - 19:04:41 - 	at java.base/java.util.concurrent.FutureTask.run(FutureTask.java:264)
11.03.2023 - 19:04:41 - 	at java.base/java.util.concurrent.ThreadPoolExecutor.runWorker(ThreadPoolExecutor.java:1136)
11.03.2023 - 19:04:41 - 	at java.base/java.util.concurrent.ThreadPoolExecutor$Worker.run(ThreadPoolExecutor.java:635)
11.03.2023 - 19:04:41 - 	at java.base/java.lang.Thread.run(Thread.java:833)
11.03.2023 - 19:04:42 - [TAB v3.2.4] Player placeholder %spbuild_getstagestring% generated an error when setting for player Dalynkaa
11.03.2023 - 19:04:42 - java.lang.IllegalStateException: zip file closed
11.03.2023 - 19:04:42 - 	at java.base/java.util.zip.ZipFile.ensureOpen(ZipFile.java:831)
11.03.2023 - 19:04:42 - 	at java.base/java.util.zip.ZipFile.getEntry(ZipFile.java:330)
11.03.2023 - 19:04:42 - 	at java.base/java.util.jar.JarFile.getEntry(JarFile.java:518)
11.03.2023 - 19:04:42 - 	at java.base/java.util.jar.JarFile.getJarEntry(JarFile.java:473)
11.03.2023 - 19:04:42 - 	at org.bukkit.plugin.java.PluginClassLoader.findClass(PluginClassLoader.java:189)
11.03.2023 - 19:04:42 - 	at java.base/java.lang.ClassLoader.loadClass(ClassLoader.java:587)
11.03.2023 - 19:04:42 - 	at org.bukkit.plugin.java.PluginClassLoader.loadClass0(PluginClassLoader.java:129)
11.03.2023 - 19:04:42 - 	at org.bukkit.plugin.java.PluginClassLoader.loadClass(PluginClassLoader.java:124)
11.03.2023 - 19:04:42 - 	at java.base/java.lang.ClassLoader.loadClass(ClassLoader.java:520)
11.03.2023 - 19:04:42 - 	at spworlds-1.0-SNAPSHOT.jar//com.spworlds.utils.PlaceholderApis.onRequest(PlaceholderApis.java:33)
11.03.2023 - 19:04:42 - 	at PlaceholderAPI-2.11.2.jar//me.clip.placeholderapi.replacer.CharsReplacer.apply(CharsReplacer.java:119)
11.03.2023 - 19:04:42 - 	at PlaceholderAPI-2.11.2.jar//me.clip.placeholderapi.PlaceholderAPI.setPlaceholders(PlaceholderAPI.java:71)
11.03.2023 - 19:04:42 - 	at PlaceholderAPI-2.11.2.jar//me.clip.placeholderapi.PlaceholderAPI.setPlaceholders(PlaceholderAPI.java:99)
11.03.2023 - 19:04:42 - 	at TAB.v3.2.4.jar//me.neznamy.tab.platforms.bukkit.BukkitPlatform.lambda$registerUnknownPlaceholder$2(BukkitPlatform.java:179)
11.03.2023 - 19:04:42 - 	at TAB.v3.2.4.jar//me.neznamy.tab.shared.placeholders.PlayerPlaceholderImpl.request(PlayerPlaceholderImpl.java:130)
11.03.2023 - 19:04:42 - 	at TAB.v3.2.4.jar//me.neznamy.tab.shared.placeholders.PlayerPlaceholderImpl.update(PlayerPlaceholderImpl.java:53)
11.03.2023 - 19:04:42 - 	at TAB.v3.2.4.jar//me.neznamy.tab.shared.features.PlaceholderManagerImpl.updatePlayerPlaceholder(PlaceholderManagerImpl.java:117)
11.03.2023 - 19:04:42 - 	at TAB.v3.2.4.jar//me.neznamy.tab.shared.features.PlaceholderManagerImpl.refresh(PlaceholderManagerImpl.java:68)
11.03.2023 - 19:04:42 - 	at TAB.v3.2.4.jar//me.neznamy.tab.shared.CpuManager.lambda$runMeasuredTask$8(CpuManager.java:354)
11.03.2023 - 19:04:42 - 	at TAB.v3.2.4.jar//me.neznamy.tab.shared.CpuManager.lambda$submit$1(CpuManager.java:111)
11.03.2023 - 19:04:42 - 	at java.base/java.util.concurrent.Executors$RunnableAdapter.call(Executors.java:539)
11.03.2023 - 19:04:42 - 	at java.base/java.util.concurrent.FutureTask.run(FutureTask.java:264)
11.03.2023 - 19:04:42 - 	at java.base/java.util.concurrent.ThreadPoolExecutor.runWorker(ThreadPoolExecutor.java:1136)
11.03.2023 - 19:04:42 - 	at java.base/java.util.concurrent.ThreadPoolExecutor$Worker.run(ThreadPoolExecutor.java:635)
11.03.2023 - 19:04:42 - 	at java.base/java.lang.Thread.run(Thread.java:833)
11.03.2023 - 19:04:42 - [TAB v3.2.4] Player placeholder %spbuild_getstagestring% generated an error when setting for player Dalynkaa
11.03.2023 - 19:04:42 - java.lang.IllegalStateException: zip file closed
11.03.2023 - 19:04:42 - 	at java.base/java.util.zip.ZipFile.ensureOpen(ZipFile.java:831)
11.03.2023 - 19:04:42 - 	at java.base/java.util.zip.ZipFile.getEntry(ZipFile.java:330)
11.03.2023 - 19:04:42 - 	at java.base/java.util.jar.JarFile.getEntry(JarFile.java:518)
11.03.2023 - 19:04:42 - 	at java.base/java.util.jar.JarFile.getJarEntry(JarFile.java:473)
11.03.2023 - 19:04:42 - 	at org.bukkit.plugin.java.PluginClassLoader.findClass(PluginClassLoader.java:189)
11.03.2023 - 19:04:42 - 	at java.base/java.lang.ClassLoader.loadClass(ClassLoader.java:587)
11.03.2023 - 19:04:42 - 	at org.bukkit.plugin.java.PluginClassLoader.loadClass0(PluginClassLoader.java:129)
11.03.2023 - 19:04:42 - 	at org.bukkit.plugin.java.PluginClassLoader.loadClass(PluginClassLoader.java:124)
11.03.2023 - 19:04:42 - 	at java.base/java.lang.ClassLoader.loadClass(ClassLoader.java:520)
11.03.2023 - 19:04:42 - 	at spworlds-1.0-SNAPSHOT.jar//com.spworlds.utils.PlaceholderApis.onRequest(PlaceholderApis.java:33)
11.03.2023 - 19:04:42 - 	at PlaceholderAPI-2.11.2.jar//me.clip.placeholderapi.replacer.CharsReplacer.apply(CharsReplacer.java:119)
11.03.2023 - 19:04:42 - 	at PlaceholderAPI-2.11.2.jar//me.clip.placeholderapi.PlaceholderAPI.setPlaceholders(PlaceholderAPI.java:71)
11.03.2023 - 19:04:42 - 	at PlaceholderAPI-2.11.2.jar//me.clip.placeholderapi.PlaceholderAPI.setPlaceholders(PlaceholderAPI.java:99)
11.03.2023 - 19:04:42 - 	at TAB.v3.2.4.jar//me.neznamy.tab.platforms.bukkit.BukkitPlatform.lambda$registerUnknownPlaceholder$2(BukkitPlatform.java:179)
11.03.2023 - 19:04:42 - 	at TAB.v3.2.4.jar//me.neznamy.tab.shared.placeholders.PlayerPlaceholderImpl.request(PlayerPlaceholderImpl.java:130)
11.03.2023 - 19:04:42 - 	at TAB.v3.2.4.jar//me.neznamy.tab.shared.placeholders.PlayerPlaceholderImpl.update(PlayerPlaceholderImpl.java:53)
11.03.2023 - 19:04:42 - 	at TAB.v3.2.4.jar//me.neznamy.tab.shared.features.PlaceholderManagerImpl.updatePlayerPlaceholder(PlaceholderManagerImpl.java:117)
11.03.2023 - 19:04:42 - 	at TAB.v3.2.4.jar//me.neznamy.tab.shared.features.PlaceholderManagerImpl.refresh(PlaceholderManagerImpl.java:68)
11.03.2023 - 19:04:42 - 	at TAB.v3.2.4.jar//me.neznamy.tab.shared.CpuManager.lambda$runMeasuredTask$8(CpuManager.java:354)
11.03.2023 - 19:04:42 - 	at TAB.v3.2.4.jar//me.neznamy.tab.shared.CpuManager.lambda$submit$1(CpuManager.java:111)
11.03.2023 - 19:04:42 - 	at java.base/java.util.concurrent.Executors$RunnableAdapter.call(Executors.java:539)
11.03.2023 - 19:04:42 - 	at java.base/java.util.concurrent.FutureTask.run(FutureTask.java:264)
11.03.2023 - 19:04:42 - 	at java.base/java.util.concurrent.ThreadPoolExecutor.runWorker(ThreadPoolExecutor.java:1136)
11.03.2023 - 19:04:42 - 	at java.base/java.util.concurrent.ThreadPoolExecutor$Worker.run(ThreadPoolExecutor.java:635)
11.03.2023 - 19:04:42 - 	at java.base/java.lang.Thread.run(Thread.java:833)
11.03.2023 - 19:04:43 - [TAB v3.2.4] Player placeholder %spbuild_getstagestring% generated an error when setting for player Dalynkaa
11.03.2023 - 19:04:43 - java.lang.IllegalStateException: zip file closed
11.03.2023 - 19:04:43 - 	at java.base/java.util.zip.ZipFile.ensureOpen(ZipFile.java:831)
11.03.2023 - 19:04:43 - 	at java.base/java.util.zip.ZipFile.getEntry(ZipFile.java:330)
11.03.2023 - 19:04:43 - 	at java.base/java.util.jar.JarFile.getEntry(JarFile.java:518)
11.03.2023 - 19:04:43 - 	at java.base/java.util.jar.JarFile.getJarEntry(JarFile.java:473)
11.03.2023 - 19:04:43 - 	at org.bukkit.plugin.java.PluginClassLoader.findClass(PluginClassLoader.java:189)
11.03.2023 - 19:04:43 - 	at java.base/java.lang.ClassLoader.loadClass(ClassLoader.java:587)
11.03.2023 - 19:04:43 - 	at org.bukkit.plugin.java.PluginClassLoader.loadClass0(PluginClassLoader.java:129)
11.03.2023 - 19:04:43 - 	at org.bukkit.plugin.java.PluginClassLoader.loadClass(PluginClassLoader.java:124)
11.03.2023 - 19:04:43 - 	at java.base/java.lang.ClassLoader.loadClass(ClassLoader.java:520)
11.03.2023 - 19:04:43 - 	at spworlds-1.0-SNAPSHOT.jar//com.spworlds.utils.PlaceholderApis.onRequest(PlaceholderApis.java:33)
11.03.2023 - 19:04:43 - 	at PlaceholderAPI-2.11.2.jar//me.clip.placeholderapi.replacer.CharsReplacer.apply(CharsReplacer.java:119)
11.03.2023 - 19:04:43 - 	at PlaceholderAPI-2.11.2.jar//me.clip.placeholderapi.PlaceholderAPI.setPlaceholders(PlaceholderAPI.java:71)
11.03.2023 - 19:04:43 - 	at PlaceholderAPI-2.11.2.jar//me.clip.placeholderapi.PlaceholderAPI.setPlaceholders(PlaceholderAPI.java:99)
11.03.2023 - 19:04:43 - 	at TAB.v3.2.4.jar//me.neznamy.tab.platforms.bukkit.BukkitPlatform.lambda$registerUnknownPlaceholder$2(BukkitPlatform.java:179)
11.03.2023 - 19:04:43 - 	at TAB.v3.2.4.jar//me.neznamy.tab.shared.placeholders.PlayerPlaceholderImpl.request(PlayerPlaceholderImpl.java:130)
11.03.2023 - 19:04:43 - 	at TAB.v3.2.4.jar//me.neznamy.tab.shared.placeholders.PlayerPlaceholderImpl.update(PlayerPlaceholderImpl.java:53)
11.03.2023 - 19:04:43 - 	at TAB.v3.2.4.jar//me.neznamy.tab.shared.features.PlaceholderManagerImpl.updatePlayerPlaceholder(PlaceholderManagerImpl.java:117)
11.03.2023 - 19:04:43 - 	at TAB.v3.2.4.jar//me.neznamy.tab.shared.features.PlaceholderManagerImpl.refresh(PlaceholderManagerImpl.java:68)
11.03.2023 - 19:04:43 - 	at TAB.v3.2.4.jar//me.neznamy.tab.shared.CpuManager.lambda$runMeasuredTask$8(CpuManager.java:354)
11.03.2023 - 19:04:43 - 	at TAB.v3.2.4.jar//me.neznamy.tab.shared.CpuManager.lambda$submit$1(CpuManager.java:111)
11.03.2023 - 19:04:43 - 	at java.base/java.util.concurrent.Executors$RunnableAdapter.call(Executors.java:539)
11.03.2023 - 19:04:43 - 	at java.base/java.util.concurrent.FutureTask.run(FutureTask.java:264)
11.03.2023 - 19:04:43 - 	at java.base/java.util.concurrent.ThreadPoolExecutor.runWorker(ThreadPoolExecutor.java:1136)
11.03.2023 - 19:04:43 - 	at java.base/java.util.concurrent.ThreadPoolExecutor$Worker.run(ThreadPoolExecutor.java:635)
11.03.2023 - 19:04:43 - 	at java.base/java.lang.Thread.run(Thread.java:833)
11.03.2023 - 19:04:43 - [TAB v3.2.4] Player placeholder %spbuild_getstagestring% generated an error when setting for player Dalynkaa
11.03.2023 - 19:04:43 - java.lang.IllegalStateException: zip file closed
11.03.2023 - 19:04:43 - 	at java.base/java.util.zip.ZipFile.ensureOpen(ZipFile.java:831)
11.03.2023 - 19:04:43 - 	at java.base/java.util.zip.ZipFile.getEntry(ZipFile.java:330)
11.03.2023 - 19:04:43 - 	at java.base/java.util.jar.JarFile.getEntry(JarFile.java:518)
11.03.2023 - 19:04:43 - 	at java.base/java.util.jar.JarFile.getJarEntry(JarFile.java:473)
11.03.2023 - 19:04:43 - 	at org.bukkit.plugin.java.PluginClassLoader.findClass(PluginClassLoader.java:189)
11.03.2023 - 19:04:43 - 	at java.base/java.lang.ClassLoader.loadClass(ClassLoader.java:587)
11.03.2023 - 19:04:43 - 	at org.bukkit.plugin.java.PluginClassLoader.loadClass0(PluginClassLoader.java:129)
11.03.2023 - 19:04:43 - 	at org.bukkit.plugin.java.PluginClassLoader.loadClass(PluginClassLoader.java:124)
11.03.2023 - 19:04:43 - 	at java.base/java.lang.ClassLoader.loadClass(ClassLoader.java:520)
11.03.2023 - 19:04:43 - 	at spworlds-1.0-SNAPSHOT.jar//com.spworlds.utils.PlaceholderApis.onRequest(PlaceholderApis.java:33)
11.03.2023 - 19:04:43 - 	at PlaceholderAPI-2.11.2.jar//me.clip.placeholderapi.replacer.CharsReplacer.apply(CharsReplacer.java:119)
11.03.2023 - 19:04:43 - 	at PlaceholderAPI-2.11.2.jar//me.clip.placeholderapi.PlaceholderAPI.setPlaceholders(PlaceholderAPI.java:71)
11.03.2023 - 19:04:43 - 	at PlaceholderAPI-2.11.2.jar//me.clip.placeholderapi.PlaceholderAPI.setPlaceholders(PlaceholderAPI.java:99)
11.03.2023 - 19:04:43 - 	at TAB.v3.2.4.jar//me.neznamy.tab.platforms.bukkit.BukkitPlatform.lambda$registerUnknownPlaceholder$2(BukkitPlatform.java:179)
11.03.2023 - 19:04:43 - 	at TAB.v3.2.4.jar//me.neznamy.tab.shared.placeholders.PlayerPlaceholderImpl.request(PlayerPlaceholderImpl.java:130)
11.03.2023 - 19:04:43 - 	at TAB.v3.2.4.jar//me.neznamy.tab.shared.placeholders.PlayerPlaceholderImpl.update(PlayerPlaceholderImpl.java:53)
11.03.2023 - 19:04:43 - 	at TAB.v3.2.4.jar//me.neznamy.tab.shared.features.PlaceholderManagerImpl.updatePlayerPlaceholder(PlaceholderManagerImpl.java:117)
11.03.2023 - 19:04:43 - 	at TAB.v3.2.4.jar//me.neznamy.tab.shared.features.PlaceholderManagerImpl.refresh(PlaceholderManagerImpl.java:68)
11.03.2023 - 19:04:43 - 	at TAB.v3.2.4.jar//me.neznamy.tab.shared.CpuManager.lambda$runMeasuredTask$8(CpuManager.java:354)
11.03.2023 - 19:04:43 - 	at TAB.v3.2.4.jar//me.neznamy.tab.shared.CpuManager.lambda$submit$1(CpuManager.java:111)
11.03.2023 - 19:04:43 - 	at java.base/java.util.concurrent.Executors$RunnableAdapter.call(Executors.java:539)
11.03.2023 - 19:04:43 - 	at java.base/java.util.concurrent.FutureTask.run(FutureTask.java:264)
11.03.2023 - 19:04:43 - 	at java.base/java.util.concurrent.ThreadPoolExecutor.runWorker(ThreadPoolExecutor.java:1136)
11.03.2023 - 19:04:43 - 	at java.base/java.util.concurrent.ThreadPoolExecutor$Worker.run(ThreadPoolExecutor.java:635)
11.03.2023 - 19:04:43 - 	at java.base/java.lang.Thread.run(Thread.java:833)
11.03.2023 - 19:04:44 - [TAB v3.2.4] Player placeholder %spbuild_getstagestring% generated an error when setting for player Dalynkaa
11.03.2023 - 19:04:44 - java.lang.IllegalStateException: zip file closed
11.03.2023 - 19:04:44 - 	at java.base/java.util.zip.ZipFile.ensureOpen(ZipFile.java:831)
11.03.2023 - 19:04:44 - 	at java.base/java.util.zip.ZipFile.getEntry(ZipFile.java:330)
11.03.2023 - 19:04:44 - 	at java.base/java.util.jar.JarFile.getEntry(JarFile.java:518)
11.03.2023 - 19:04:44 - 	at java.base/java.util.jar.JarFile.getJarEntry(JarFile.java:473)
11.03.2023 - 19:04:44 - 	at org.bukkit.plugin.java.PluginClassLoader.findClass(PluginClassLoader.java:189)
11.03.2023 - 19:04:44 - 	at java.base/java.lang.ClassLoader.loadClass(ClassLoader.java:587)
11.03.2023 - 19:04:44 - 	at org.bukkit.plugin.java.PluginClassLoader.loadClass0(PluginClassLoader.java:129)
11.03.2023 - 19:04:44 - 	at org.bukkit.plugin.java.PluginClassLoader.loadClass(PluginClassLoader.java:124)
11.03.2023 - 19:04:44 - 	at java.base/java.lang.ClassLoader.loadClass(ClassLoader.java:520)
11.03.2023 - 19:04:44 - 	at spworlds-1.0-SNAPSHOT.jar//com.spworlds.utils.PlaceholderApis.onRequest(PlaceholderApis.java:33)
11.03.2023 - 19:04:44 - 	at PlaceholderAPI-2.11.2.jar//me.clip.placeholderapi.replacer.CharsReplacer.apply(CharsReplacer.java:119)
11.03.2023 - 19:04:44 - 	at PlaceholderAPI-2.11.2.jar//me.clip.placeholderapi.PlaceholderAPI.setPlaceholders(PlaceholderAPI.java:71)
11.03.2023 - 19:04:44 - 	at PlaceholderAPI-2.11.2.jar//me.clip.placeholderapi.PlaceholderAPI.setPlaceholders(PlaceholderAPI.java:99)
11.03.2023 - 19:04:44 - 	at TAB.v3.2.4.jar//me.neznamy.tab.platforms.bukkit.BukkitPlatform.lambda$registerUnknownPlaceholder$2(BukkitPlatform.java:179)
11.03.2023 - 19:04:44 - 	at TAB.v3.2.4.jar//me.neznamy.tab.shared.placeholders.PlayerPlaceholderImpl.request(PlayerPlaceholderImpl.java:130)
11.03.2023 - 19:04:44 - 	at TAB.v3.2.4.jar//me.neznamy.tab.shared.placeholders.PlayerPlaceholderImpl.update(PlayerPlaceholderImpl.java:53)
11.03.2023 - 19:04:44 - 	at TAB.v3.2.4.jar//me.neznamy.tab.shared.features.PlaceholderManagerImpl.updatePlayerPlaceholder(PlaceholderManagerImpl.java:117)
11.03.2023 - 19:04:44 - 	at TAB.v3.2.4.jar//me.neznamy.tab.shared.features.PlaceholderManagerImpl.refresh(PlaceholderManagerImpl.java:68)
11.03.2023 - 19:04:44 - 	at TAB.v3.2.4.jar//me.neznamy.tab.shared.CpuManager.lambda$runMeasuredTask$8(CpuManager.java:354)
11.03.2023 - 19:04:44 - 	at TAB.v3.2.4.jar//me.neznamy.tab.shared.CpuManager.lambda$submit$1(CpuManager.java:111)
11.03.2023 - 19:04:44 - 	at java.base/java.util.concurrent.Executors$RunnableAdapter.call(Executors.java:539)
11.03.2023 - 19:04:44 - 	at java.base/java.util.concurrent.FutureTask.run(FutureTask.java:264)
11.03.2023 - 19:04:44 - 	at java.base/java.util.concurrent.ThreadPoolExecutor.runWorker(ThreadPoolExecutor.java:1136)
11.03.2023 - 19:04:44 - 	at java.base/java.util.concurrent.ThreadPoolExecutor$Worker.run(ThreadPoolExecutor.java:635)
11.03.2023 - 19:04:44 - 	at java.base/java.lang.Thread.run(Thread.java:833)
11.03.2023 - 19:04:44 - [TAB v3.2.4] Player placeholder %spbuild_getstagestring% generated an error when setting for player Dalynkaa
11.03.2023 - 19:04:44 - java.lang.IllegalStateException: zip file closed
11.03.2023 - 19:04:44 - 	at java.base/java.util.zip.ZipFile.ensureOpen(ZipFile.java:831)
11.03.2023 - 19:04:44 - 	at java.base/java.util.zip.ZipFile.getEntry(ZipFile.java:330)
11.03.2023 - 19:04:44 - 	at java.base/java.util.jar.JarFile.getEntry(JarFile.java:518)
11.03.2023 - 19:04:44 - 	at java.base/java.util.jar.JarFile.getJarEntry(JarFile.java:473)
11.03.2023 - 19:04:44 - 	at org.bukkit.plugin.java.PluginClassLoader.findClass(PluginClassLoader.java:189)
11.03.2023 - 19:04:44 - 	at java.base/java.lang.ClassLoader.loadClass(ClassLoader.java:587)
11.03.2023 - 19:04:44 - 	at org.bukkit.plugin.java.PluginClassLoader.loadClass0(PluginClassLoader.java:129)
11.03.2023 - 19:04:44 - 	at org.bukkit.plugin.java.PluginClassLoader.loadClass(PluginClassLoader.java:124)
11.03.2023 - 19:04:44 - 	at java.base/java.lang.ClassLoader.loadClass(ClassLoader.java:520)
11.03.2023 - 19:04:44 - 	at spworlds-1.0-SNAPSHOT.jar//com.spworlds.utils.PlaceholderApis.onRequest(PlaceholderApis.java:33)
11.03.2023 - 19:04:44 - 	at PlaceholderAPI-2.11.2.jar//me.clip.placeholderapi.replacer.CharsReplacer.apply(CharsReplacer.java:119)
11.03.2023 - 19:04:44 - 	at PlaceholderAPI-2.11.2.jar//me.clip.placeholderapi.PlaceholderAPI.setPlaceholders(PlaceholderAPI.java:71)
11.03.2023 - 19:04:44 - 	at PlaceholderAPI-2.11.2.jar//me.clip.placeholderapi.PlaceholderAPI.setPlaceholders(PlaceholderAPI.java:99)
11.03.2023 - 19:04:44 - 	at TAB.v3.2.4.jar//me.neznamy.tab.platforms.bukkit.BukkitPlatform.lambda$registerUnknownPlaceholder$2(BukkitPlatform.java:179)
11.03.2023 - 19:04:44 - 	at TAB.v3.2.4.jar//me.neznamy.tab.shared.placeholders.PlayerPlaceholderImpl.request(PlayerPlaceholderImpl.java:130)
11.03.2023 - 19:04:44 - 	at TAB.v3.2.4.jar//me.neznamy.tab.shared.placeholders.PlayerPlaceholderImpl.update(PlayerPlaceholderImpl.java:53)
11.03.2023 - 19:04:44 - 	at TAB.v3.2.4.jar//me.neznamy.tab.shared.features.PlaceholderManagerImpl.updatePlayerPlaceholder(PlaceholderManagerImpl.java:117)
11.03.2023 - 19:04:44 - 	at TAB.v3.2.4.jar//me.neznamy.tab.shared.features.PlaceholderManagerImpl.refresh(PlaceholderManagerImpl.java:68)
11.03.2023 - 19:04:44 - 	at TAB.v3.2.4.jar//me.neznamy.tab.shared.CpuManager.lambda$runMeasuredTask$8(CpuManager.java:354)
11.03.2023 - 19:04:44 - 	at TAB.v3.2.4.jar//me.neznamy.tab.shared.CpuManager.lambda$submit$1(CpuManager.java:111)
11.03.2023 - 19:04:44 - 	at java.base/java.util.concurrent.Executors$RunnableAdapter.call(Executors.java:539)
11.03.2023 - 19:04:44 - 	at java.base/java.util.concurrent.FutureTask.run(FutureTask.java:264)
11.03.2023 - 19:04:44 - 	at java.base/java.util.concurrent.ThreadPoolExecutor.runWorker(ThreadPoolExecutor.java:1136)
11.03.2023 - 19:04:44 - 	at java.base/java.util.concurrent.ThreadPoolExecutor$Worker.run(ThreadPoolExecutor.java:635)
11.03.2023 - 19:04:44 - 	at java.base/java.lang.Thread.run(Thread.java:833)
11.03.2023 - 19:04:45 - [TAB v3.2.4] Player placeholder %spbuild_getstagestring% generated an error when setting for player Dalynkaa
11.03.2023 - 19:04:45 - java.lang.IllegalStateException: zip file closed
11.03.2023 - 19:04:45 - 	at java.base/java.util.zip.ZipFile.ensureOpen(ZipFile.java:831)
11.03.2023 - 19:04:45 - 	at java.base/java.util.zip.ZipFile.getEntry(ZipFile.java:330)
11.03.2023 - 19:04:45 - 	at java.base/java.util.jar.JarFile.getEntry(JarFile.java:518)
11.03.2023 - 19:04:45 - 	at java.base/java.util.jar.JarFile.getJarEntry(JarFile.java:473)
11.03.2023 - 19:04:45 - 	at org.bukkit.plugin.java.PluginClassLoader.findClass(PluginClassLoader.java:189)
11.03.2023 - 19:04:45 - 	at java.base/java.lang.ClassLoader.loadClass(ClassLoader.java:587)
11.03.2023 - 19:04:45 - 	at org.bukkit.plugin.java.PluginClassLoader.loadClass0(PluginClassLoader.java:129)
11.03.2023 - 19:04:45 - 	at org.bukkit.plugin.java.PluginClassLoader.loadClass(PluginClassLoader.java:124)
11.03.2023 - 19:04:45 - 	at java.base/java.lang.ClassLoader.loadClass(ClassLoader.java:520)
11.03.2023 - 19:04:45 - 	at spworlds-1.0-SNAPSHOT.jar//com.spworlds.utils.PlaceholderApis.onRequest(PlaceholderApis.java:33)
11.03.2023 - 19:04:45 - 	at PlaceholderAPI-2.11.2.jar//me.clip.placeholderapi.replacer.CharsReplacer.apply(CharsReplacer.java:119)
11.03.2023 - 19:04:45 - 	at PlaceholderAPI-2.11.2.jar//me.clip.placeholderapi.PlaceholderAPI.setPlaceholders(PlaceholderAPI.java:71)
11.03.2023 - 19:04:45 - 	at PlaceholderAPI-2.11.2.jar//me.clip.placeholderapi.PlaceholderAPI.setPlaceholders(PlaceholderAPI.java:99)
11.03.2023 - 19:04:45 - 	at TAB.v3.2.4.jar//me.neznamy.tab.platforms.bukkit.BukkitPlatform.lambda$registerUnknownPlaceholder$2(BukkitPlatform.java:179)
11.03.2023 - 19:04:45 - 	at TAB.v3.2.4.jar//me.neznamy.tab.shared.placeholders.PlayerPlaceholderImpl.request(PlayerPlaceholderImpl.java:130)
11.03.2023 - 19:04:45 - 	at TAB.v3.2.4.jar//me.neznamy.tab.shared.placeholders.PlayerPlaceholderImpl.update(PlayerPlaceholderImpl.java:53)
11.03.2023 - 19:04:45 - 	at TAB.v3.2.4.jar//me.neznamy.tab.shared.features.PlaceholderManagerImpl.updatePlayerPlaceholder(PlaceholderManagerImpl.java:117)
11.03.2023 - 19:04:45 - 	at TAB.v3.2.4.jar//me.neznamy.tab.shared.features.PlaceholderManagerImpl.refresh(PlaceholderManagerImpl.java:68)
11.03.2023 - 19:04:45 - 	at TAB.v3.2.4.jar//me.neznamy.tab.shared.CpuManager.lambda$runMeasuredTask$8(CpuManager.java:354)
11.03.2023 - 19:04:45 - 	at TAB.v3.2.4.jar//me.neznamy.tab.shared.CpuManager.lambda$submit$1(CpuManager.java:111)
11.03.2023 - 19:04:45 - 	at java.base/java.util.concurrent.Executors$RunnableAdapter.call(Executors.java:539)
11.03.2023 - 19:04:45 - 	at java.base/java.util.concurrent.FutureTask.run(FutureTask.java:264)
11.03.2023 - 19:04:45 - 	at java.base/java.util.concurrent.ThreadPoolExecutor.runWorker(ThreadPoolExecutor.java:1136)
11.03.2023 - 19:04:45 - 	at java.base/java.util.concurrent.ThreadPoolExecutor$Worker.run(ThreadPoolExecutor.java:635)
11.03.2023 - 19:04:45 - 	at java.base/java.lang.Thread.run(Thread.java:833)
11.03.2023 - 19:04:45 - [TAB v3.2.4] Player placeholder %spbuild_getstagestring% generated an error when setting for player Dalynkaa
11.03.2023 - 19:04:45 - java.lang.IllegalStateException: zip file closed
11.03.2023 - 19:04:45 - 	at java.base/java.util.zip.ZipFile.ensureOpen(ZipFile.java:831)
11.03.2023 - 19:04:45 - 	at java.base/java.util.zip.ZipFile.getEntry(ZipFile.java:330)
11.03.2023 - 19:04:45 - 	at java.base/java.util.jar.JarFile.getEntry(JarFile.java:518)
11.03.2023 - 19:04:45 - 	at java.base/java.util.jar.JarFile.getJarEntry(JarFile.java:473)
11.03.2023 - 19:04:45 - 	at org.bukkit.plugin.java.PluginClassLoader.findClass(PluginClassLoader.java:189)
11.03.2023 - 19:04:45 - 	at java.base/java.lang.ClassLoader.loadClass(ClassLoader.java:587)
11.03.2023 - 19:04:45 - 	at org.bukkit.plugin.java.PluginClassLoader.loadClass0(PluginClassLoader.java:129)
11.03.2023 - 19:04:45 - 	at org.bukkit.plugin.java.PluginClassLoader.loadClass(PluginClassLoader.java:124)
11.03.2023 - 19:04:45 - 	at java.base/java.lang.ClassLoader.loadClass(ClassLoader.java:520)
11.03.2023 - 19:04:45 - 	at spworlds-1.0-SNAPSHOT.jar//com.spworlds.utils.PlaceholderApis.onRequest(PlaceholderApis.java:33)
11.03.2023 - 19:04:45 - 	at PlaceholderAPI-2.11.2.jar//me.clip.placeholderapi.replacer.CharsReplacer.apply(CharsReplacer.java:119)
11.03.2023 - 19:04:45 - 	at PlaceholderAPI-2.11.2.jar//me.clip.placeholderapi.PlaceholderAPI.setPlaceholders(PlaceholderAPI.java:71)
11.03.2023 - 19:04:45 - 	at PlaceholderAPI-2.11.2.jar//me.clip.placeholderapi.PlaceholderAPI.setPlaceholders(PlaceholderAPI.java:99)
11.03.2023 - 19:04:45 - 	at TAB.v3.2.4.jar//me.neznamy.tab.platforms.bukkit.BukkitPlatform.lambda$registerUnknownPlaceholder$2(BukkitPlatform.java:179)
11.03.2023 - 19:04:45 - 	at TAB.v3.2.4.jar//me.neznamy.tab.shared.placeholders.PlayerPlaceholderImpl.request(PlayerPlaceholderImpl.java:130)
11.03.2023 - 19:04:45 - 	at TAB.v3.2.4.jar//me.neznamy.tab.shared.placeholders.PlayerPlaceholderImpl.update(PlayerPlaceholderImpl.java:53)
11.03.2023 - 19:04:45 - 	at TAB.v3.2.4.jar//me.neznamy.tab.shared.features.PlaceholderManagerImpl.updatePlayerPlaceholder(PlaceholderManagerImpl.java:117)
11.03.2023 - 19:04:45 - 	at TAB.v3.2.4.jar//me.neznamy.tab.shared.features.PlaceholderManagerImpl.refresh(PlaceholderManagerImpl.java:68)
11.03.2023 - 19:04:45 - 	at TAB.v3.2.4.jar//me.neznamy.tab.shared.CpuManager.lambda$runMeasuredTask$8(CpuManager.java:354)
11.03.2023 - 19:04:45 - 	at TAB.v3.2.4.jar//me.neznamy.tab.shared.CpuManager.lambda$submit$1(CpuManager.java:111)
11.03.2023 - 19:04:45 - 	at java.base/java.util.concurrent.Executors$RunnableAdapter.call(Executors.java:539)
11.03.2023 - 19:04:45 - 	at java.base/java.util.concurrent.FutureTask.run(FutureTask.java:264)
11.03.2023 - 19:04:45 - 	at java.base/java.util.concurrent.ThreadPoolExecutor.runWorker(ThreadPoolExecutor.java:1136)
11.03.2023 - 19:04:45 - 	at java.base/java.util.concurrent.ThreadPoolExecutor$Worker.run(ThreadPoolExecutor.java:635)
11.03.2023 - 19:04:45 - 	at java.base/java.lang.Thread.run(Thread.java:833)
11.03.2023 - 19:04:46 - [TAB v3.2.4] Player placeholder %spbuild_getstagestring% generated an error when setting for player Dalynkaa
11.03.2023 - 19:04:46 - java.lang.IllegalStateException: zip file closed
11.03.2023 - 19:04:46 - 	at java.base/java.util.zip.ZipFile.ensureOpen(ZipFile.java:831)
11.03.2023 - 19:04:46 - 	at java.base/java.util.zip.ZipFile.getEntry(ZipFile.java:330)
11.03.2023 - 19:04:46 - 	at java.base/java.util.jar.JarFile.getEntry(JarFile.java:518)
11.03.2023 - 19:04:46 - 	at java.base/java.util.jar.JarFile.getJarEntry(JarFile.java:473)
11.03.2023 - 19:04:46 - 	at org.bukkit.plugin.java.PluginClassLoader.findClass(PluginClassLoader.java:189)
11.03.2023 - 19:04:46 - 	at java.base/java.lang.ClassLoader.loadClass(ClassLoader.java:587)
11.03.2023 - 19:04:46 - 	at org.bukkit.plugin.java.PluginClassLoader.loadClass0(PluginClassLoader.java:129)
11.03.2023 - 19:04:46 - 	at org.bukkit.plugin.java.PluginClassLoader.loadClass(PluginClassLoader.java:124)
11.03.2023 - 19:04:46 - 	at java.base/java.lang.ClassLoader.loadClass(ClassLoader.java:520)
11.03.2023 - 19:04:46 - 	at spworlds-1.0-SNAPSHOT.jar//com.spworlds.utils.PlaceholderApis.onRequest(PlaceholderApis.java:33)
11.03.2023 - 19:04:46 - 	at PlaceholderAPI-2.11.2.jar//me.clip.placeholderapi.replacer.CharsReplacer.apply(CharsReplacer.java:119)
11.03.2023 - 19:04:46 - 	at PlaceholderAPI-2.11.2.jar//me.clip.placeholderapi.PlaceholderAPI.setPlaceholders(PlaceholderAPI.java:71)
11.03.2023 - 19:04:46 - 	at PlaceholderAPI-2.11.2.jar//me.clip.placeholderapi.PlaceholderAPI.setPlaceholders(PlaceholderAPI.java:99)
11.03.2023 - 19:04:46 - 	at TAB.v3.2.4.jar//me.neznamy.tab.platforms.bukkit.BukkitPlatform.lambda$registerUnknownPlaceholder$2(BukkitPlatform.java:179)
11.03.2023 - 19:04:46 - 	at TAB.v3.2.4.jar//me.neznamy.tab.shared.placeholders.PlayerPlaceholderImpl.request(PlayerPlaceholderImpl.java:130)
11.03.2023 - 19:04:46 - 	at TAB.v3.2.4.jar//me.neznamy.tab.shared.placeholders.PlayerPlaceholderImpl.update(PlayerPlaceholderImpl.java:53)
11.03.2023 - 19:04:46 - 	at TAB.v3.2.4.jar//me.neznamy.tab.shared.features.PlaceholderManagerImpl.updatePlayerPlaceholder(PlaceholderManagerImpl.java:117)
11.03.2023 - 19:04:46 - 	at TAB.v3.2.4.jar//me.neznamy.tab.shared.features.PlaceholderManagerImpl.refresh(PlaceholderManagerImpl.java:68)
11.03.2023 - 19:04:46 - 	at TAB.v3.2.4.jar//me.neznamy.tab.shared.CpuManager.lambda$runMeasuredTask$8(CpuManager.java:354)
11.03.2023 - 19:04:46 - 	at TAB.v3.2.4.jar//me.neznamy.tab.shared.CpuManager.lambda$submit$1(CpuManager.java:111)
11.03.2023 - 19:04:46 - 	at java.base/java.util.concurrent.Executors$RunnableAdapter.call(Executors.java:539)
11.03.2023 - 19:04:46 - 	at java.base/java.util.concurrent.FutureTask.run(FutureTask.java:264)
11.03.2023 - 19:04:46 - 	at java.base/java.util.concurrent.ThreadPoolExecutor.runWorker(ThreadPoolExecutor.java:1136)
11.03.2023 - 19:04:46 - 	at java.base/java.util.concurrent.ThreadPoolExecutor$Worker.run(ThreadPoolExecutor.java:635)
11.03.2023 - 19:04:46 - 	at java.base/java.lang.Thread.run(Thread.java:833)
11.03.2023 - 19:04:46 - [TAB v3.2.4] Player placeholder %spbuild_getstagestring% generated an error when setting for player Dalynkaa
11.03.2023 - 19:04:46 - java.lang.IllegalStateException: zip file closed
11.03.2023 - 19:04:46 - 	at java.base/java.util.zip.ZipFile.ensureOpen(ZipFile.java:831)
11.03.2023 - 19:04:46 - 	at java.base/java.util.zip.ZipFile.getEntry(ZipFile.java:330)
11.03.2023 - 19:04:46 - 	at java.base/java.util.jar.JarFile.getEntry(JarFile.java:518)
11.03.2023 - 19:04:46 - 	at java.base/java.util.jar.JarFile.getJarEntry(JarFile.java:473)
11.03.2023 - 19:04:46 - 	at org.bukkit.plugin.java.PluginClassLoader.findClass(PluginClassLoader.java:189)
11.03.2023 - 19:04:46 - 	at java.base/java.lang.ClassLoader.loadClass(ClassLoader.java:587)
11.03.2023 - 19:04:46 - 	at org.bukkit.plugin.java.PluginClassLoader.loadClass0(PluginClassLoader.java:129)
11.03.2023 - 19:04:46 - 	at org.bukkit.plugin.java.PluginClassLoader.loadClass(PluginClassLoader.java:124)
11.03.2023 - 19:04:46 - 	at java.base/java.lang.ClassLoader.loadClass(ClassLoader.java:520)
11.03.2023 - 19:04:46 - 	at spworlds-1.0-SNAPSHOT.jar//com.spworlds.utils.PlaceholderApis.onRequest(PlaceholderApis.java:33)
11.03.2023 - 19:04:46 - 	at PlaceholderAPI-2.11.2.jar//me.clip.placeholderapi.replacer.CharsReplacer.apply(CharsReplacer.java:119)
11.03.2023 - 19:04:46 - 	at PlaceholderAPI-2.11.2.jar//me.clip.placeholderapi.PlaceholderAPI.setPlaceholders(PlaceholderAPI.java:71)
11.03.2023 - 19:04:46 - 	at PlaceholderAPI-2.11.2.jar//me.clip.placeholderapi.PlaceholderAPI.setPlaceholders(PlaceholderAPI.java:99)
11.03.2023 - 19:04:46 - 	at TAB.v3.2.4.jar//me.neznamy.tab.platforms.bukkit.BukkitPlatform.lambda$registerUnknownPlaceholder$2(BukkitPlatform.java:179)
11.03.2023 - 19:04:46 - 	at TAB.v3.2.4.jar//me.neznamy.tab.shared.placeholders.PlayerPlaceholderImpl.request(PlayerPlaceholderImpl.java:130)
11.03.2023 - 19:04:46 - 	at TAB.v3.2.4.jar//me.neznamy.tab.shared.placeholders.PlayerPlaceholderImpl.update(PlayerPlaceholderImpl.java:53)
11.03.2023 - 19:04:46 - 	at TAB.v3.2.4.jar//me.neznamy.tab.shared.features.PlaceholderManagerImpl.updatePlayerPlaceholder(PlaceholderManagerImpl.java:117)
11.03.2023 - 19:04:46 - 	at TAB.v3.2.4.jar//me.neznamy.tab.shared.features.PlaceholderManagerImpl.refresh(PlaceholderManagerImpl.java:68)
11.03.2023 - 19:04:46 - 	at TAB.v3.2.4.jar//me.neznamy.tab.shared.CpuManager.lambda$runMeasuredTask$8(CpuManager.java:354)
11.03.2023 - 19:04:46 - 	at TAB.v3.2.4.jar//me.neznamy.tab.shared.CpuManager.lambda$submit$1(CpuManager.java:111)
11.03.2023 - 19:04:46 - 	at java.base/java.util.concurrent.Executors$RunnableAdapter.call(Executors.java:539)
11.03.2023 - 19:04:46 - 	at java.base/java.util.concurrent.FutureTask.run(FutureTask.java:264)
11.03.2023 - 19:04:46 - 	at java.base/java.util.concurrent.ThreadPoolExecutor.runWorker(ThreadPoolExecutor.java:1136)
11.03.2023 - 19:04:46 - 	at java.base/java.util.concurrent.ThreadPoolExecutor$Worker.run(ThreadPoolExecutor.java:635)
11.03.2023 - 19:04:46 - 	at java.base/java.lang.Thread.run(Thread.java:833)
11.03.2023 - 19:04:47 - [TAB v3.2.4] Player placeholder %spbuild_getstagestring% generated an error when setting for player Dalynkaa
11.03.2023 - 19:04:47 - java.lang.IllegalStateException: zip file closed
11.03.2023 - 19:04:47 - 	at java.base/java.util.zip.ZipFile.ensureOpen(ZipFile.java:831)
11.03.2023 - 19:04:47 - 	at java.base/java.util.zip.ZipFile.getEntry(ZipFile.java:330)
11.03.2023 - 19:04:47 - 	at java.base/java.util.jar.JarFile.getEntry(JarFile.java:518)
11.03.2023 - 19:04:47 - 	at java.base/java.util.jar.JarFile.getJarEntry(JarFile.java:473)
11.03.2023 - 19:04:47 - 	at org.bukkit.plugin.java.PluginClassLoader.findClass(PluginClassLoader.java:189)
11.03.2023 - 19:04:47 - 	at java.base/java.lang.ClassLoader.loadClass(ClassLoader.java:587)
11.03.2023 - 19:04:47 - 	at org.bukkit.plugin.java.PluginClassLoader.loadClass0(PluginClassLoader.java:129)
11.03.2023 - 19:04:47 - 	at org.bukkit.plugin.java.PluginClassLoader.loadClass(PluginClassLoader.java:124)
11.03.2023 - 19:04:47 - 	at java.base/java.lang.ClassLoader.loadClass(ClassLoader.java:520)
11.03.2023 - 19:04:47 - 	at spworlds-1.0-SNAPSHOT.jar//com.spworlds.utils.PlaceholderApis.onRequest(PlaceholderApis.java:33)
11.03.2023 - 19:04:47 - 	at PlaceholderAPI-2.11.2.jar//me.clip.placeholderapi.replacer.CharsReplacer.apply(CharsReplacer.java:119)
11.03.2023 - 19:04:47 - 	at PlaceholderAPI-2.11.2.jar//me.clip.placeholderapi.PlaceholderAPI.setPlaceholders(PlaceholderAPI.java:71)
11.03.2023 - 19:04:47 - 	at PlaceholderAPI-2.11.2.jar//me.clip.placeholderapi.PlaceholderAPI.setPlaceholders(PlaceholderAPI.java:99)
11.03.2023 - 19:04:47 - 	at TAB.v3.2.4.jar//me.neznamy.tab.platforms.bukkit.BukkitPlatform.lambda$registerUnknownPlaceholder$2(BukkitPlatform.java:179)
11.03.2023 - 19:04:47 - 	at TAB.v3.2.4.jar//me.neznamy.tab.shared.placeholders.PlayerPlaceholderImpl.request(PlayerPlaceholderImpl.java:130)
11.03.2023 - 19:04:47 - 	at TAB.v3.2.4.jar//me.neznamy.tab.shared.placeholders.PlayerPlaceholderImpl.update(PlayerPlaceholderImpl.java:53)
11.03.2023 - 19:04:47 - 	at TAB.v3.2.4.jar//me.neznamy.tab.shared.features.PlaceholderManagerImpl.updatePlayerPlaceholder(PlaceholderManagerImpl.java:117)
11.03.2023 - 19:04:47 - 	at TAB.v3.2.4.jar//me.neznamy.tab.shared.features.PlaceholderManagerImpl.refresh(PlaceholderManagerImpl.java:68)
11.03.2023 - 19:04:47 - 	at TAB.v3.2.4.jar//me.neznamy.tab.shared.CpuManager.lambda$runMeasuredTask$8(CpuManager.java:354)
11.03.2023 - 19:04:47 - 	at TAB.v3.2.4.jar//me.neznamy.tab.shared.CpuManager.lambda$submit$1(CpuManager.java:111)
11.03.2023 - 19:04:47 - 	at java.base/java.util.concurrent.Executors$RunnableAdapter.call(Executors.java:539)
11.03.2023 - 19:04:47 - 	at java.base/java.util.concurrent.FutureTask.run(FutureTask.java:264)
11.03.2023 - 19:04:47 - 	at java.base/java.util.concurrent.ThreadPoolExecutor.runWorker(ThreadPoolExecutor.java:1136)
11.03.2023 - 19:04:47 - 	at java.base/java.util.concurrent.ThreadPoolExecutor$Worker.run(ThreadPoolExecutor.java:635)
11.03.2023 - 19:04:47 - 	at java.base/java.lang.Thread.run(Thread.java:833)
11.03.2023 - 19:04:47 - [TAB v3.2.4] Player placeholder %spbuild_getstagestring% generated an error when setting for player Dalynkaa
11.03.2023 - 19:04:47 - java.lang.IllegalStateException: zip file closed
11.03.2023 - 19:04:47 - 	at java.base/java.util.zip.ZipFile.ensureOpen(ZipFile.java:831)
11.03.2023 - 19:04:47 - 	at java.base/java.util.zip.ZipFile.getEntry(ZipFile.java:330)
11.03.2023 - 19:04:47 - 	at java.base/java.util.jar.JarFile.getEntry(JarFile.java:518)
11.03.2023 - 19:04:47 - 	at java.base/java.util.jar.JarFile.getJarEntry(JarFile.java:473)
11.03.2023 - 19:04:47 - 	at org.bukkit.plugin.java.PluginClassLoader.findClass(PluginClassLoader.java:189)
11.03.2023 - 19:04:47 - 	at java.base/java.lang.ClassLoader.loadClass(ClassLoader.java:587)
11.03.2023 - 19:04:47 - 	at org.bukkit.plugin.java.PluginClassLoader.loadClass0(PluginClassLoader.java:129)
11.03.2023 - 19:04:47 - 	at org.bukkit.plugin.java.PluginClassLoader.loadClass(PluginClassLoader.java:124)
11.03.2023 - 19:04:47 - 	at java.base/java.lang.ClassLoader.loadClass(ClassLoader.java:520)
11.03.2023 - 19:04:47 - 	at spworlds-1.0-SNAPSHOT.jar//com.spworlds.utils.PlaceholderApis.onRequest(PlaceholderApis.java:33)
11.03.2023 - 19:04:47 - 	at PlaceholderAPI-2.11.2.jar//me.clip.placeholderapi.replacer.CharsReplacer.apply(CharsReplacer.java:119)
11.03.2023 - 19:04:47 - 	at PlaceholderAPI-2.11.2.jar//me.clip.placeholderapi.PlaceholderAPI.setPlaceholders(PlaceholderAPI.java:71)
11.03.2023 - 19:04:47 - 	at PlaceholderAPI-2.11.2.jar//me.clip.placeholderapi.PlaceholderAPI.setPlaceholders(PlaceholderAPI.java:99)
11.03.2023 - 19:04:47 - 	at TAB.v3.2.4.jar//me.neznamy.tab.platforms.bukkit.BukkitPlatform.lambda$registerUnknownPlaceholder$2(BukkitPlatform.java:179)
11.03.2023 - 19:04:47 - 	at TAB.v3.2.4.jar//me.neznamy.tab.shared.placeholders.PlayerPlaceholderImpl.request(PlayerPlaceholderImpl.java:130)
11.03.2023 - 19:04:47 - 	at TAB.v3.2.4.jar//me.neznamy.tab.shared.placeholders.PlayerPlaceholderImpl.update(PlayerPlaceholderImpl.java:53)
11.03.2023 - 19:04:47 - 	at TAB.v3.2.4.jar//me.neznamy.tab.shared.features.PlaceholderManagerImpl.updatePlayerPlaceholder(PlaceholderManagerImpl.java:117)
11.03.2023 - 19:04:47 - 	at TAB.v3.2.4.jar//me.neznamy.tab.shared.features.PlaceholderManagerImpl.refresh(PlaceholderManagerImpl.java:68)
11.03.2023 - 19:04:47 - 	at TAB.v3.2.4.jar//me.neznamy.tab.shared.CpuManager.lambda$runMeasuredTask$8(CpuManager.java:354)
11.03.2023 - 19:04:47 - 	at TAB.v3.2.4.jar//me.neznamy.tab.shared.CpuManager.lambda$submit$1(CpuManager.java:111)
11.03.2023 - 19:04:47 - 	at java.base/java.util.concurrent.Executors$RunnableAdapter.call(Executors.java:539)
11.03.2023 - 19:04:47 - 	at java.base/java.util.concurrent.FutureTask.run(FutureTask.java:264)
11.03.2023 - 19:04:47 - 	at java.base/java.util.concurrent.ThreadPoolExecutor.runWorker(ThreadPoolExecutor.java:1136)
11.03.2023 - 19:04:47 - 	at java.base/java.util.concurrent.ThreadPoolExecutor$Worker.run(ThreadPoolExecutor.java:635)
11.03.2023 - 19:04:47 - 	at java.base/java.lang.Thread.run(Thread.java:833)
11.03.2023 - 19:04:48 - [TAB v3.2.4] Player placeholder %spbuild_getstagestring% generated an error when setting for player Dalynkaa
11.03.2023 - 19:04:48 - java.lang.IllegalStateException: zip file closed
11.03.2023 - 19:04:48 - 	at java.base/java.util.zip.ZipFile.ensureOpen(ZipFile.java:831)
11.03.2023 - 19:04:48 - 	at java.base/java.util.zip.ZipFile.getEntry(ZipFile.java:330)
11.03.2023 - 19:04:48 - 	at java.base/java.util.jar.JarFile.getEntry(JarFile.java:518)
11.03.2023 - 19:04:48 - 	at java.base/java.util.jar.JarFile.getJarEntry(JarFile.java:473)
11.03.2023 - 19:04:48 - 	at org.bukkit.plugin.java.PluginClassLoader.findClass(PluginClassLoader.java:189)
11.03.2023 - 19:04:48 - 	at java.base/java.lang.ClassLoader.loadClass(ClassLoader.java:587)
11.03.2023 - 19:04:48 - 	at org.bukkit.plugin.java.PluginClassLoader.loadClass0(PluginClassLoader.java:129)
11.03.2023 - 19:04:48 - 	at org.bukkit.plugin.java.PluginClassLoader.loadClass(PluginClassLoader.java:124)
11.03.2023 - 19:04:48 - 	at java.base/java.lang.ClassLoader.loadClass(ClassLoader.java:520)
11.03.2023 - 19:04:48 - 	at spworlds-1.0-SNAPSHOT.jar//com.spworlds.utils.PlaceholderApis.onRequest(PlaceholderApis.java:33)
11.03.2023 - 19:04:48 - 	at PlaceholderAPI-2.11.2.jar//me.clip.placeholderapi.replacer.CharsReplacer.apply(CharsReplacer.java:119)
11.03.2023 - 19:04:48 - 	at PlaceholderAPI-2.11.2.jar//me.clip.placeholderapi.PlaceholderAPI.setPlaceholders(PlaceholderAPI.java:71)
11.03.2023 - 19:04:48 - 	at PlaceholderAPI-2.11.2.jar//me.clip.placeholderapi.PlaceholderAPI.setPlaceholders(PlaceholderAPI.java:99)
11.03.2023 - 19:04:48 - 	at TAB.v3.2.4.jar//me.neznamy.tab.platforms.bukkit.BukkitPlatform.lambda$registerUnknownPlaceholder$2(BukkitPlatform.java:179)
11.03.2023 - 19:04:48 - 	at TAB.v3.2.4.jar//me.neznamy.tab.shared.placeholders.PlayerPlaceholderImpl.request(PlayerPlaceholderImpl.java:130)
11.03.2023 - 19:04:48 - 	at TAB.v3.2.4.jar//me.neznamy.tab.shared.placeholders.PlayerPlaceholderImpl.update(PlayerPlaceholderImpl.java:53)
11.03.2023 - 19:04:48 - 	at TAB.v3.2.4.jar//me.neznamy.tab.shared.features.PlaceholderManagerImpl.updatePlayerPlaceholder(PlaceholderManagerImpl.java:117)
11.03.2023 - 19:04:48 - 	at TAB.v3.2.4.jar//me.neznamy.tab.shared.features.PlaceholderManagerImpl.refresh(PlaceholderManagerImpl.java:68)
11.03.2023 - 19:04:48 - 	at TAB.v3.2.4.jar//me.neznamy.tab.shared.CpuManager.lambda$runMeasuredTask$8(CpuManager.java:354)
11.03.2023 - 19:04:48 - 	at TAB.v3.2.4.jar//me.neznamy.tab.shared.CpuManager.lambda$submit$1(CpuManager.java:111)
11.03.2023 - 19:04:48 - 	at java.base/java.util.concurrent.Executors$RunnableAdapter.call(Executors.java:539)
11.03.2023 - 19:04:48 - 	at java.base/java.util.concurrent.FutureTask.run(FutureTask.java:264)
11.03.2023 - 19:04:48 - 	at java.base/java.util.concurrent.ThreadPoolExecutor.runWorker(ThreadPoolExecutor.java:1136)
11.03.2023 - 19:04:48 - 	at java.base/java.util.concurrent.ThreadPoolExecutor$Worker.run(ThreadPoolExecutor.java:635)
11.03.2023 - 19:04:48 - 	at java.base/java.lang.Thread.run(Thread.java:833)
11.03.2023 - 19:04:48 - [TAB v3.2.4] Player placeholder %spbuild_getstagestring% generated an error when setting for player Dalynkaa
11.03.2023 - 19:04:48 - java.lang.IllegalStateException: zip file closed
11.03.2023 - 19:04:48 - 	at java.base/java.util.zip.ZipFile.ensureOpen(ZipFile.java:831)
11.03.2023 - 19:04:48 - 	at java.base/java.util.zip.ZipFile.getEntry(ZipFile.java:330)
11.03.2023 - 19:04:48 - 	at java.base/java.util.jar.JarFile.getEntry(JarFile.java:518)
11.03.2023 - 19:04:48 - 	at java.base/java.util.jar.JarFile.getJarEntry(JarFile.java:473)
11.03.2023 - 19:04:48 - 	at org.bukkit.plugin.java.PluginClassLoader.findClass(PluginClassLoader.java:189)
11.03.2023 - 19:04:48 - 	at java.base/java.lang.ClassLoader.loadClass(ClassLoader.java:587)
11.03.2023 - 19:04:48 - 	at org.bukkit.plugin.java.PluginClassLoader.loadClass0(PluginClassLoader.java:129)
11.03.2023 - 19:04:48 - 	at org.bukkit.plugin.java.PluginClassLoader.loadClass(PluginClassLoader.java:124)
11.03.2023 - 19:04:48 - 	at java.base/java.lang.ClassLoader.loadClass(ClassLoader.java:520)
11.03.2023 - 19:04:48 - 	at spworlds-1.0-SNAPSHOT.jar//com.spworlds.utils.PlaceholderApis.onRequest(PlaceholderApis.java:33)
11.03.2023 - 19:04:48 - 	at PlaceholderAPI-2.11.2.jar//me.clip.placeholderapi.replacer.CharsReplacer.apply(CharsReplacer.java:119)
11.03.2023 - 19:04:48 - 	at PlaceholderAPI-2.11.2.jar//me.clip.placeholderapi.PlaceholderAPI.setPlaceholders(PlaceholderAPI.java:71)
11.03.2023 - 19:04:48 - 	at PlaceholderAPI-2.11.2.jar//me.clip.placeholderapi.PlaceholderAPI.setPlaceholders(PlaceholderAPI.java:99)
11.03.2023 - 19:04:48 - 	at TAB.v3.2.4.jar//me.neznamy.tab.platforms.bukkit.BukkitPlatform.lambda$registerUnknownPlaceholder$2(BukkitPlatform.java:179)
11.03.2023 - 19:04:48 - 	at TAB.v3.2.4.jar//me.neznamy.tab.shared.placeholders.PlayerPlaceholderImpl.request(PlayerPlaceholderImpl.java:130)
11.03.2023 - 19:04:48 - 	at TAB.v3.2.4.jar//me.neznamy.tab.shared.placeholders.PlayerPlaceholderImpl.update(PlayerPlaceholderImpl.java:53)
11.03.2023 - 19:04:48 - 	at TAB.v3.2.4.jar//me.neznamy.tab.shared.features.PlaceholderManagerImpl.updatePlayerPlaceholder(PlaceholderManagerImpl.java:117)
11.03.2023 - 19:04:48 - 	at TAB.v3.2.4.jar//me.neznamy.tab.shared.features.PlaceholderManagerImpl.refresh(PlaceholderManagerImpl.java:68)
11.03.2023 - 19:04:48 - 	at TAB.v3.2.4.jar//me.neznamy.tab.shared.CpuManager.lambda$runMeasuredTask$8(CpuManager.java:354)
11.03.2023 - 19:04:48 - 	at TAB.v3.2.4.jar//me.neznamy.tab.shared.CpuManager.lambda$submit$1(CpuManager.java:111)
11.03.2023 - 19:04:48 - 	at java.base/java.util.concurrent.Executors$RunnableAdapter.call(Executors.java:539)
11.03.2023 - 19:04:48 - 	at java.base/java.util.concurrent.FutureTask.run(FutureTask.java:264)
11.03.2023 - 19:04:48 - 	at java.base/java.util.concurrent.ThreadPoolExecutor.runWorker(ThreadPoolExecutor.java:1136)
11.03.2023 - 19:04:48 - 	at java.base/java.util.concurrent.ThreadPoolExecutor$Worker.run(ThreadPoolExecutor.java:635)
11.03.2023 - 19:04:48 - 	at java.base/java.lang.Thread.run(Thread.java:833)
11.03.2023 - 19:04:49 - [TAB v3.2.4] Player placeholder %spbuild_getstagestring% generated an error when setting for player Dalynkaa
11.03.2023 - 19:04:49 - java.lang.IllegalStateException: zip file closed
11.03.2023 - 19:04:49 - 	at java.base/java.util.zip.ZipFile.ensureOpen(ZipFile.java:831)
11.03.2023 - 19:04:49 - 	at java.base/java.util.zip.ZipFile.getEntry(ZipFile.java:330)
11.03.2023 - 19:04:49 - 	at java.base/java.util.jar.JarFile.getEntry(JarFile.java:518)
11.03.2023 - 19:04:49 - 	at java.base/java.util.jar.JarFile.getJarEntry(JarFile.java:473)
11.03.2023 - 19:04:49 - 	at org.bukkit.plugin.java.PluginClassLoader.findClass(PluginClassLoader.java:189)
11.03.2023 - 19:04:49 - 	at java.base/java.lang.ClassLoader.loadClass(ClassLoader.java:587)
11.03.2023 - 19:04:49 - 	at org.bukkit.plugin.java.PluginClassLoader.loadClass0(PluginClassLoader.java:129)
11.03.2023 - 19:04:49 - 	at org.bukkit.plugin.java.PluginClassLoader.loadClass(PluginClassLoader.java:124)
11.03.2023 - 19:04:49 - 	at java.base/java.lang.ClassLoader.loadClass(ClassLoader.java:520)
11.03.2023 - 19:04:49 - 	at spworlds-1.0-SNAPSHOT.jar//com.spworlds.utils.PlaceholderApis.onRequest(PlaceholderApis.java:33)
11.03.2023 - 19:04:49 - 	at PlaceholderAPI-2.11.2.jar//me.clip.placeholderapi.replacer.CharsReplacer.apply(CharsReplacer.java:119)
11.03.2023 - 19:04:49 - 	at PlaceholderAPI-2.11.2.jar//me.clip.placeholderapi.PlaceholderAPI.setPlaceholders(PlaceholderAPI.java:71)
11.03.2023 - 19:04:49 - 	at PlaceholderAPI-2.11.2.jar//me.clip.placeholderapi.PlaceholderAPI.setPlaceholders(PlaceholderAPI.java:99)
11.03.2023 - 19:04:49 - 	at TAB.v3.2.4.jar//me.neznamy.tab.platforms.bukkit.BukkitPlatform.lambda$registerUnknownPlaceholder$2(BukkitPlatform.java:179)
11.03.2023 - 19:04:49 - 	at TAB.v3.2.4.jar//me.neznamy.tab.shared.placeholders.PlayerPlaceholderImpl.request(PlayerPlaceholderImpl.java:130)
11.03.2023 - 19:04:49 - 	at TAB.v3.2.4.jar//me.neznamy.tab.shared.placeholders.PlayerPlaceholderImpl.update(PlayerPlaceholderImpl.java:53)
11.03.2023 - 19:04:49 - 	at TAB.v3.2.4.jar//me.neznamy.tab.shared.features.PlaceholderManagerImpl.updatePlayerPlaceholder(PlaceholderManagerImpl.java:117)
11.03.2023 - 19:04:49 - 	at TAB.v3.2.4.jar//me.neznamy.tab.shared.features.PlaceholderManagerImpl.refresh(PlaceholderManagerImpl.java:68)
11.03.2023 - 19:04:49 - 	at TAB.v3.2.4.jar//me.neznamy.tab.shared.CpuManager.lambda$runMeasuredTask$8(CpuManager.java:354)
11.03.2023 - 19:04:49 - 	at TAB.v3.2.4.jar//me.neznamy.tab.shared.CpuManager.lambda$submit$1(CpuManager.java:111)
11.03.2023 - 19:04:49 - 	at java.base/java.util.concurrent.Executors$RunnableAdapter.call(Executors.java:539)
11.03.2023 - 19:04:49 - 	at java.base/java.util.concurrent.FutureTask.run(FutureTask.java:264)
11.03.2023 - 19:04:49 - 	at java.base/java.util.concurrent.ThreadPoolExecutor.runWorker(ThreadPoolExecutor.java:1136)
11.03.2023 - 19:04:49 - 	at java.base/java.util.concurrent.ThreadPoolExecutor$Worker.run(ThreadPoolExecutor.java:635)
11.03.2023 - 19:04:49 - 	at java.base/java.lang.Thread.run(Thread.java:833)
11.03.2023 - 19:04:49 - [TAB v3.2.4] Player placeholder %spbuild_getstagestring% generated an error when setting for player Dalynkaa
11.03.2023 - 19:04:49 - java.lang.IllegalStateException: zip file closed
11.03.2023 - 19:04:49 - 	at java.base/java.util.zip.ZipFile.ensureOpen(ZipFile.java:831)
11.03.2023 - 19:04:49 - 	at java.base/java.util.zip.ZipFile.getEntry(ZipFile.java:330)
11.03.2023 - 19:04:49 - 	at java.base/java.util.jar.JarFile.getEntry(JarFile.java:518)
11.03.2023 - 19:04:49 - 	at java.base/java.util.jar.JarFile.getJarEntry(JarFile.java:473)
11.03.2023 - 19:04:49 - 	at org.bukkit.plugin.java.PluginClassLoader.findClass(PluginClassLoader.java:189)
11.03.2023 - 19:04:49 - 	at java.base/java.lang.ClassLoader.loadClass(ClassLoader.java:587)
11.03.2023 - 19:04:49 - 	at org.bukkit.plugin.java.PluginClassLoader.loadClass0(PluginClassLoader.java:129)
11.03.2023 - 19:04:49 - 	at org.bukkit.plugin.java.PluginClassLoader.loadClass(PluginClassLoader.java:124)
11.03.2023 - 19:04:49 - 	at java.base/java.lang.ClassLoader.loadClass(ClassLoader.java:520)
11.03.2023 - 19:04:49 - 	at spworlds-1.0-SNAPSHOT.jar//com.spworlds.utils.PlaceholderApis.onRequest(PlaceholderApis.java:33)
11.03.2023 - 19:04:49 - 	at PlaceholderAPI-2.11.2.jar//me.clip.placeholderapi.replacer.CharsReplacer.apply(CharsReplacer.java:119)
11.03.2023 - 19:04:49 - 	at PlaceholderAPI-2.11.2.jar//me.clip.placeholderapi.PlaceholderAPI.setPlaceholders(PlaceholderAPI.java:71)
11.03.2023 - 19:04:49 - 	at PlaceholderAPI-2.11.2.jar//me.clip.placeholderapi.PlaceholderAPI.setPlaceholders(PlaceholderAPI.java:99)
11.03.2023 - 19:04:49 - 	at TAB.v3.2.4.jar//me.neznamy.tab.platforms.bukkit.BukkitPlatform.lambda$registerUnknownPlaceholder$2(BukkitPlatform.java:179)
11.03.2023 - 19:04:49 - 	at TAB.v3.2.4.jar//me.neznamy.tab.shared.placeholders.PlayerPlaceholderImpl.request(PlayerPlaceholderImpl.java:130)
11.03.2023 - 19:04:49 - 	at TAB.v3.2.4.jar//me.neznamy.tab.shared.placeholders.PlayerPlaceholderImpl.update(PlayerPlaceholderImpl.java:53)
11.03.2023 - 19:04:49 - 	at TAB.v3.2.4.jar//me.neznamy.tab.shared.features.PlaceholderManagerImpl.updatePlayerPlaceholder(PlaceholderManagerImpl.java:117)
11.03.2023 - 19:04:49 - 	at TAB.v3.2.4.jar//me.neznamy.tab.shared.features.PlaceholderManagerImpl.refresh(PlaceholderManagerImpl.java:68)
11.03.2023 - 19:04:49 - 	at TAB.v3.2.4.jar//me.neznamy.tab.shared.CpuManager.lambda$runMeasuredTask$8(CpuManager.java:354)
11.03.2023 - 19:04:49 - 	at TAB.v3.2.4.jar//me.neznamy.tab.shared.CpuManager.lambda$submit$1(CpuManager.java:111)
11.03.2023 - 19:04:49 - 	at java.base/java.util.concurrent.Executors$RunnableAdapter.call(Executors.java:539)
11.03.2023 - 19:04:49 - 	at java.base/java.util.concurrent.FutureTask.run(FutureTask.java:264)
11.03.2023 - 19:04:49 - 	at java.base/java.util.concurrent.ThreadPoolExecutor.runWorker(ThreadPoolExecutor.java:1136)
11.03.2023 - 19:04:49 - 	at java.base/java.util.concurrent.ThreadPoolExecutor$Worker.run(ThreadPoolExecutor.java:635)
11.03.2023 - 19:04:49 - 	at java.base/java.lang.Thread.run(Thread.java:833)
11.03.2023 - 19:04:50 - [TAB v3.2.4] Player placeholder %spbuild_getstagestring% generated an error when setting for player Dalynkaa
11.03.2023 - 19:04:50 - java.lang.IllegalStateException: zip file closed
11.03.2023 - 19:04:50 - 	at java.base/java.util.zip.ZipFile.ensureOpen(ZipFile.java:831)
11.03.2023 - 19:04:50 - 	at java.base/java.util.zip.ZipFile.getEntry(ZipFile.java:330)
11.03.2023 - 19:04:50 - 	at java.base/java.util.jar.JarFile.getEntry(JarFile.java:518)
11.03.2023 - 19:04:50 - 	at java.base/java.util.jar.JarFile.getJarEntry(JarFile.java:473)
11.03.2023 - 19:04:50 - 	at org.bukkit.plugin.java.PluginClassLoader.findClass(PluginClassLoader.java:189)
11.03.2023 - 19:04:50 - 	at java.base/java.lang.ClassLoader.loadClass(ClassLoader.java:587)
11.03.2023 - 19:04:50 - 	at org.bukkit.plugin.java.PluginClassLoader.loadClass0(PluginClassLoader.java:129)
11.03.2023 - 19:04:50 - 	at org.bukkit.plugin.java.PluginClassLoader.loadClass(PluginClassLoader.java:124)
11.03.2023 - 19:04:50 - 	at java.base/java.lang.ClassLoader.loadClass(ClassLoader.java:520)
11.03.2023 - 19:04:50 - 	at spworlds-1.0-SNAPSHOT.jar//com.spworlds.utils.PlaceholderApis.onRequest(PlaceholderApis.java:33)
11.03.2023 - 19:04:50 - 	at PlaceholderAPI-2.11.2.jar//me.clip.placeholderapi.replacer.CharsReplacer.apply(CharsReplacer.java:119)
11.03.2023 - 19:04:50 - 	at PlaceholderAPI-2.11.2.jar//me.clip.placeholderapi.PlaceholderAPI.setPlaceholders(PlaceholderAPI.java:71)
11.03.2023 - 19:04:50 - 	at PlaceholderAPI-2.11.2.jar//me.clip.placeholderapi.PlaceholderAPI.setPlaceholders(PlaceholderAPI.java:99)
11.03.2023 - 19:04:50 - 	at TAB.v3.2.4.jar//me.neznamy.tab.platforms.bukkit.BukkitPlatform.lambda$registerUnknownPlaceholder$2(BukkitPlatform.java:179)
11.03.2023 - 19:04:50 - 	at TAB.v3.2.4.jar//me.neznamy.tab.shared.placeholders.PlayerPlaceholderImpl.request(PlayerPlaceholderImpl.java:130)
11.03.2023 - 19:04:50 - 	at TAB.v3.2.4.jar//me.neznamy.tab.shared.placeholders.PlayerPlaceholderImpl.update(PlayerPlaceholderImpl.java:53)
11.03.2023 - 19:04:50 - 	at TAB.v3.2.4.jar//me.neznamy.tab.shared.features.PlaceholderManagerImpl.updatePlayerPlaceholder(PlaceholderManagerImpl.java:117)
11.03.2023 - 19:04:50 - 	at TAB.v3.2.4.jar//me.neznamy.tab.shared.features.PlaceholderManagerImpl.refresh(PlaceholderManagerImpl.java:68)
11.03.2023 - 19:04:50 - 	at TAB.v3.2.4.jar//me.neznamy.tab.shared.CpuManager.lambda$runMeasuredTask$8(CpuManager.java:354)
11.03.2023 - 19:04:50 - 	at TAB.v3.2.4.jar//me.neznamy.tab.shared.CpuManager.lambda$submit$1(CpuManager.java:111)
11.03.2023 - 19:04:50 - 	at java.base/java.util.concurrent.Executors$RunnableAdapter.call(Executors.java:539)
11.03.2023 - 19:04:50 - 	at java.base/java.util.concurrent.FutureTask.run(FutureTask.java:264)
11.03.2023 - 19:04:50 - 	at java.base/java.util.concurrent.ThreadPoolExecutor.runWorker(ThreadPoolExecutor.java:1136)
11.03.2023 - 19:04:50 - 	at java.base/java.util.concurrent.ThreadPoolExecutor$Worker.run(ThreadPoolExecutor.java:635)
11.03.2023 - 19:04:50 - 	at java.base/java.lang.Thread.run(Thread.java:833)
11.03.2023 - 19:04:50 - [TAB v3.2.4] Player placeholder %spbuild_getstagestring% generated an error when setting for player Dalynkaa
11.03.2023 - 19:04:50 - java.lang.IllegalStateException: zip file closed
11.03.2023 - 19:04:50 - 	at java.base/java.util.zip.ZipFile.ensureOpen(ZipFile.java:831)
11.03.2023 - 19:04:50 - 	at java.base/java.util.zip.ZipFile.getEntry(ZipFile.java:330)
11.03.2023 - 19:04:50 - 	at java.base/java.util.jar.JarFile.getEntry(JarFile.java:518)
11.03.2023 - 19:04:50 - 	at java.base/java.util.jar.JarFile.getJarEntry(JarFile.java:473)
11.03.2023 - 19:04:50 - 	at org.bukkit.plugin.java.PluginClassLoader.findClass(PluginClassLoader.java:189)
11.03.2023 - 19:04:50 - 	at java.base/java.lang.ClassLoader.loadClass(ClassLoader.java:587)
11.03.2023 - 19:04:50 - 	at org.bukkit.plugin.java.PluginClassLoader.loadClass0(PluginClassLoader.java:129)
11.03.2023 - 19:04:50 - 	at org.bukkit.plugin.java.PluginClassLoader.loadClass(PluginClassLoader.java:124)
11.03.2023 - 19:04:50 - 	at java.base/java.lang.ClassLoader.loadClass(ClassLoader.java:520)
11.03.2023 - 19:04:50 - 	at spworlds-1.0-SNAPSHOT.jar//com.spworlds.utils.PlaceholderApis.onRequest(PlaceholderApis.java:33)
11.03.2023 - 19:04:50 - 	at PlaceholderAPI-2.11.2.jar//me.clip.placeholderapi.replacer.CharsReplacer.apply(CharsReplacer.java:119)
11.03.2023 - 19:04:50 - 	at PlaceholderAPI-2.11.2.jar//me.clip.placeholderapi.PlaceholderAPI.setPlaceholders(PlaceholderAPI.java:71)
11.03.2023 - 19:04:50 - 	at PlaceholderAPI-2.11.2.jar//me.clip.placeholderapi.PlaceholderAPI.setPlaceholders(PlaceholderAPI.java:99)
11.03.2023 - 19:04:50 - 	at TAB.v3.2.4.jar//me.neznamy.tab.platforms.bukkit.BukkitPlatform.lambda$registerUnknownPlaceholder$2(BukkitPlatform.java:179)
11.03.2023 - 19:04:50 - 	at TAB.v3.2.4.jar//me.neznamy.tab.shared.placeholders.PlayerPlaceholderImpl.request(PlayerPlaceholderImpl.java:130)
11.03.2023 - 19:04:50 - 	at TAB.v3.2.4.jar//me.neznamy.tab.shared.placeholders.PlayerPlaceholderImpl.update(PlayerPlaceholderImpl.java:53)
11.03.2023 - 19:04:50 - 	at TAB.v3.2.4.jar//me.neznamy.tab.shared.features.PlaceholderManagerImpl.updatePlayerPlaceholder(PlaceholderManagerImpl.java:117)
11.03.2023 - 19:04:50 - 	at TAB.v3.2.4.jar//me.neznamy.tab.shared.features.PlaceholderManagerImpl.refresh(PlaceholderManagerImpl.java:68)
11.03.2023 - 19:04:50 - 	at TAB.v3.2.4.jar//me.neznamy.tab.shared.CpuManager.lambda$runMeasuredTask$8(CpuManager.java:354)
11.03.2023 - 19:04:50 - 	at TAB.v3.2.4.jar//me.neznamy.tab.shared.CpuManager.lambda$submit$1(CpuManager.java:111)
11.03.2023 - 19:04:50 - 	at java.base/java.util.concurrent.Executors$RunnableAdapter.call(Executors.java:539)
11.03.2023 - 19:04:50 - 	at java.base/java.util.concurrent.FutureTask.run(FutureTask.java:264)
11.03.2023 - 19:04:50 - 	at java.base/java.util.concurrent.ThreadPoolExecutor.runWorker(ThreadPoolExecutor.java:1136)
11.03.2023 - 19:04:50 - 	at java.base/java.util.concurrent.ThreadPoolExecutor$Worker.run(ThreadPoolExecutor.java:635)
11.03.2023 - 19:04:50 - 	at java.base/java.lang.Thread.run(Thread.java:833)
11.03.2023 - 19:04:51 - [TAB v3.2.4] Player placeholder %spbuild_getstagestring% generated an error when setting for player Dalynkaa
11.03.2023 - 19:04:51 - java.lang.IllegalStateException: zip file closed
11.03.2023 - 19:04:51 - 	at java.base/java.util.zip.ZipFile.ensureOpen(ZipFile.java:831)
11.03.2023 - 19:04:51 - 	at java.base/java.util.zip.ZipFile.getEntry(ZipFile.java:330)
11.03.2023 - 19:04:51 - 	at java.base/java.util.jar.JarFile.getEntry(JarFile.java:518)
11.03.2023 - 19:04:51 - 	at java.base/java.util.jar.JarFile.getJarEntry(JarFile.java:473)
11.03.2023 - 19:04:51 - 	at org.bukkit.plugin.java.PluginClassLoader.findClass(PluginClassLoader.java:189)
11.03.2023 - 19:04:51 - 	at java.base/java.lang.ClassLoader.loadClass(ClassLoader.java:587)
11.03.2023 - 19:04:51 - 	at org.bukkit.plugin.java.PluginClassLoader.loadClass0(PluginClassLoader.java:129)
11.03.2023 - 19:04:51 - 	at org.bukkit.plugin.java.PluginClassLoader.loadClass(PluginClassLoader.java:124)
11.03.2023 - 19:04:51 - 	at java.base/java.lang.ClassLoader.loadClass(ClassLoader.java:520)
11.03.2023 - 19:04:51 - 	at spworlds-1.0-SNAPSHOT.jar//com.spworlds.utils.PlaceholderApis.onRequest(PlaceholderApis.java:33)
11.03.2023 - 19:04:51 - 	at PlaceholderAPI-2.11.2.jar//me.clip.placeholderapi.replacer.CharsReplacer.apply(CharsReplacer.java:119)
11.03.2023 - 19:04:51 - 	at PlaceholderAPI-2.11.2.jar//me.clip.placeholderapi.PlaceholderAPI.setPlaceholders(PlaceholderAPI.java:71)
11.03.2023 - 19:04:51 - 	at PlaceholderAPI-2.11.2.jar//me.clip.placeholderapi.PlaceholderAPI.setPlaceholders(PlaceholderAPI.java:99)
11.03.2023 - 19:04:51 - 	at TAB.v3.2.4.jar//me.neznamy.tab.platforms.bukkit.BukkitPlatform.lambda$registerUnknownPlaceholder$2(BukkitPlatform.java:179)
11.03.2023 - 19:04:51 - 	at TAB.v3.2.4.jar//me.neznamy.tab.shared.placeholders.PlayerPlaceholderImpl.request(PlayerPlaceholderImpl.java:130)
11.03.2023 - 19:04:51 - 	at TAB.v3.2.4.jar//me.neznamy.tab.shared.placeholders.PlayerPlaceholderImpl.update(PlayerPlaceholderImpl.java:53)
11.03.2023 - 19:04:51 - 	at TAB.v3.2.4.jar//me.neznamy.tab.shared.features.PlaceholderManagerImpl.updatePlayerPlaceholder(PlaceholderManagerImpl.java:117)
11.03.2023 - 19:04:51 - 	at TAB.v3.2.4.jar//me.neznamy.tab.shared.features.PlaceholderManagerImpl.refresh(PlaceholderManagerImpl.java:68)
11.03.2023 - 19:04:51 - 	at TAB.v3.2.4.jar//me.neznamy.tab.shared.CpuManager.lambda$runMeasuredTask$8(CpuManager.java:354)
11.03.2023 - 19:04:51 - 	at TAB.v3.2.4.jar//me.neznamy.tab.shared.CpuManager.lambda$submit$1(CpuManager.java:111)
11.03.2023 - 19:04:51 - 	at java.base/java.util.concurrent.Executors$RunnableAdapter.call(Executors.java:539)
11.03.2023 - 19:04:51 - 	at java.base/java.util.concurrent.FutureTask.run(FutureTask.java:264)
11.03.2023 - 19:04:51 - 	at java.base/java.util.concurrent.ThreadPoolExecutor.runWorker(ThreadPoolExecutor.java:1136)
11.03.2023 - 19:04:51 - 	at java.base/java.util.concurrent.ThreadPoolExecutor$Worker.run(ThreadPoolExecutor.java:635)
11.03.2023 - 19:04:51 - 	at java.base/java.lang.Thread.run(Thread.java:833)
11.03.2023 - 19:04:51 - [TAB v3.2.4] Player placeholder %spbuild_getstagestring% generated an error when setting for player Dalynkaa
11.03.2023 - 19:04:51 - java.lang.IllegalStateException: zip file closed
11.03.2023 - 19:04:51 - 	at java.base/java.util.zip.ZipFile.ensureOpen(ZipFile.java:831)
11.03.2023 - 19:04:51 - 	at java.base/java.util.zip.ZipFile.getEntry(ZipFile.java:330)
11.03.2023 - 19:04:51 - 	at java.base/java.util.jar.JarFile.getEntry(JarFile.java:518)
11.03.2023 - 19:04:51 - 	at java.base/java.util.jar.JarFile.getJarEntry(JarFile.java:473)
11.03.2023 - 19:04:51 - 	at org.bukkit.plugin.java.PluginClassLoader.findClass(PluginClassLoader.java:189)
11.03.2023 - 19:04:51 - 	at java.base/java.lang.ClassLoader.loadClass(ClassLoader.java:587)
11.03.2023 - 19:04:51 - 	at org.bukkit.plugin.java.PluginClassLoader.loadClass0(PluginClassLoader.java:129)
11.03.2023 - 19:04:51 - 	at org.bukkit.plugin.java.PluginClassLoader.loadClass(PluginClassLoader.java:124)
11.03.2023 - 19:04:51 - 	at java.base/java.lang.ClassLoader.loadClass(ClassLoader.java:520)
11.03.2023 - 19:04:51 - 	at spworlds-1.0-SNAPSHOT.jar//com.spworlds.utils.PlaceholderApis.onRequest(PlaceholderApis.java:33)
11.03.2023 - 19:04:51 - 	at PlaceholderAPI-2.11.2.jar//me.clip.placeholderapi.replacer.CharsReplacer.apply(CharsReplacer.java:119)
11.03.2023 - 19:04:51 - 	at PlaceholderAPI-2.11.2.jar//me.clip.placeholderapi.PlaceholderAPI.setPlaceholders(PlaceholderAPI.java:71)
11.03.2023 - 19:04:51 - 	at PlaceholderAPI-2.11.2.jar//me.clip.placeholderapi.PlaceholderAPI.setPlaceholders(PlaceholderAPI.java:99)
11.03.2023 - 19:04:51 - 	at TAB.v3.2.4.jar//me.neznamy.tab.platforms.bukkit.BukkitPlatform.lambda$registerUnknownPlaceholder$2(BukkitPlatform.java:179)
11.03.2023 - 19:04:51 - 	at TAB.v3.2.4.jar//me.neznamy.tab.shared.placeholders.PlayerPlaceholderImpl.request(PlayerPlaceholderImpl.java:130)
11.03.2023 - 19:04:51 - 	at TAB.v3.2.4.jar//me.neznamy.tab.shared.placeholders.PlayerPlaceholderImpl.update(PlayerPlaceholderImpl.java:53)
11.03.2023 - 19:04:51 - 	at TAB.v3.2.4.jar//me.neznamy.tab.shared.features.PlaceholderManagerImpl.updatePlayerPlaceholder(PlaceholderManagerImpl.java:117)
11.03.2023 - 19:04:51 - 	at TAB.v3.2.4.jar//me.neznamy.tab.shared.features.PlaceholderManagerImpl.refresh(PlaceholderManagerImpl.java:68)
11.03.2023 - 19:04:51 - 	at TAB.v3.2.4.jar//me.neznamy.tab.shared.CpuManager.lambda$runMeasuredTask$8(CpuManager.java:354)
11.03.2023 - 19:04:51 - 	at TAB.v3.2.4.jar//me.neznamy.tab.shared.CpuManager.lambda$submit$1(CpuManager.java:111)
11.03.2023 - 19:04:51 - 	at java.base/java.util.concurrent.Executors$RunnableAdapter.call(Executors.java:539)
11.03.2023 - 19:04:51 - 	at java.base/java.util.concurrent.FutureTask.run(FutureTask.java:264)
11.03.2023 - 19:04:51 - 	at java.base/java.util.concurrent.ThreadPoolExecutor.runWorker(ThreadPoolExecutor.java:1136)
11.03.2023 - 19:04:51 - 	at java.base/java.util.concurrent.ThreadPoolExecutor$Worker.run(ThreadPoolExecutor.java:635)
11.03.2023 - 19:04:51 - 	at java.base/java.lang.Thread.run(Thread.java:833)
11.03.2023 - 19:04:52 - [TAB v3.2.4] Player placeholder %spbuild_getstagestring% generated an error when setting for player Dalynkaa
11.03.2023 - 19:04:52 - java.lang.IllegalStateException: zip file closed
11.03.2023 - 19:04:52 - 	at java.base/java.util.zip.ZipFile.ensureOpen(ZipFile.java:831)
11.03.2023 - 19:04:52 - 	at java.base/java.util.zip.ZipFile.getEntry(ZipFile.java:330)
11.03.2023 - 19:04:52 - 	at java.base/java.util.jar.JarFile.getEntry(JarFile.java:518)
11.03.2023 - 19:04:52 - 	at java.base/java.util.jar.JarFile.getJarEntry(JarFile.java:473)
11.03.2023 - 19:04:52 - 	at org.bukkit.plugin.java.PluginClassLoader.findClass(PluginClassLoader.java:189)
11.03.2023 - 19:04:52 - 	at java.base/java.lang.ClassLoader.loadClass(ClassLoader.java:587)
11.03.2023 - 19:04:52 - 	at org.bukkit.plugin.java.PluginClassLoader.loadClass0(PluginClassLoader.java:129)
11.03.2023 - 19:04:52 - 	at org.bukkit.plugin.java.PluginClassLoader.loadClass(PluginClassLoader.java:124)
11.03.2023 - 19:04:52 - 	at java.base/java.lang.ClassLoader.loadClass(ClassLoader.java:520)
11.03.2023 - 19:04:52 - 	at spworlds-1.0-SNAPSHOT.jar//com.spworlds.utils.PlaceholderApis.onRequest(PlaceholderApis.java:33)
11.03.2023 - 19:04:52 - 	at PlaceholderAPI-2.11.2.jar//me.clip.placeholderapi.replacer.CharsReplacer.apply(CharsReplacer.java:119)
11.03.2023 - 19:04:52 - 	at PlaceholderAPI-2.11.2.jar//me.clip.placeholderapi.PlaceholderAPI.setPlaceholders(PlaceholderAPI.java:71)
11.03.2023 - 19:04:52 - 	at PlaceholderAPI-2.11.2.jar//me.clip.placeholderapi.PlaceholderAPI.setPlaceholders(PlaceholderAPI.java:99)
11.03.2023 - 19:04:52 - 	at TAB.v3.2.4.jar//me.neznamy.tab.platforms.bukkit.BukkitPlatform.lambda$registerUnknownPlaceholder$2(BukkitPlatform.java:179)
11.03.2023 - 19:04:52 - 	at TAB.v3.2.4.jar//me.neznamy.tab.shared.placeholders.PlayerPlaceholderImpl.request(PlayerPlaceholderImpl.java:130)
11.03.2023 - 19:04:52 - 	at TAB.v3.2.4.jar//me.neznamy.tab.shared.placeholders.PlayerPlaceholderImpl.update(PlayerPlaceholderImpl.java:53)
11.03.2023 - 19:04:52 - 	at TAB.v3.2.4.jar//me.neznamy.tab.shared.features.PlaceholderManagerImpl.updatePlayerPlaceholder(PlaceholderManagerImpl.java:117)
11.03.2023 - 19:04:52 - 	at TAB.v3.2.4.jar//me.neznamy.tab.shared.features.PlaceholderManagerImpl.refresh(PlaceholderManagerImpl.java:68)
11.03.2023 - 19:04:52 - 	at TAB.v3.2.4.jar//me.neznamy.tab.shared.CpuManager.lambda$runMeasuredTask$8(CpuManager.java:354)
11.03.2023 - 19:04:52 - 	at TAB.v3.2.4.jar//me.neznamy.tab.shared.CpuManager.lambda$submit$1(CpuManager.java:111)
11.03.2023 - 19:04:52 - 	at java.base/java.util.concurrent.Executors$RunnableAdapter.call(Executors.java:539)
11.03.2023 - 19:04:52 - 	at java.base/java.util.concurrent.FutureTask.run(FutureTask.java:264)
11.03.2023 - 19:04:52 - 	at java.base/java.util.concurrent.ThreadPoolExecutor.runWorker(ThreadPoolExecutor.java:1136)
11.03.2023 - 19:04:52 - 	at java.base/java.util.concurrent.ThreadPoolExecutor$Worker.run(ThreadPoolExecutor.java:635)
11.03.2023 - 19:04:52 - 	at java.base/java.lang.Thread.run(Thread.java:833)
11.03.2023 - 19:04:52 - [TAB v3.2.4] Player placeholder %spbuild_getstagestring% generated an error when setting for player Dalynkaa
11.03.2023 - 19:04:52 - java.lang.IllegalStateException: zip file closed
11.03.2023 - 19:04:52 - 	at java.base/java.util.zip.ZipFile.ensureOpen(ZipFile.java:831)
11.03.2023 - 19:04:52 - 	at java.base/java.util.zip.ZipFile.getEntry(ZipFile.java:330)
11.03.2023 - 19:04:52 - 	at java.base/java.util.jar.JarFile.getEntry(JarFile.java:518)
11.03.2023 - 19:04:52 - 	at java.base/java.util.jar.JarFile.getJarEntry(JarFile.java:473)
11.03.2023 - 19:04:52 - 	at org.bukkit.plugin.java.PluginClassLoader.findClass(PluginClassLoader.java:189)
11.03.2023 - 19:04:52 - 	at java.base/java.lang.ClassLoader.loadClass(ClassLoader.java:587)
11.03.2023 - 19:04:52 - 	at org.bukkit.plugin.java.PluginClassLoader.loadClass0(PluginClassLoader.java:129)
11.03.2023 - 19:04:52 - 	at org.bukkit.plugin.java.PluginClassLoader.loadClass(PluginClassLoader.java:124)
11.03.2023 - 19:04:52 - 	at java.base/java.lang.ClassLoader.loadClass(ClassLoader.java:520)
11.03.2023 - 19:04:52 - 	at spworlds-1.0-SNAPSHOT.jar//com.spworlds.utils.PlaceholderApis.onRequest(PlaceholderApis.java:33)
11.03.2023 - 19:04:52 - 	at PlaceholderAPI-2.11.2.jar//me.clip.placeholderapi.replacer.CharsReplacer.apply(CharsReplacer.java:119)
11.03.2023 - 19:04:52 - 	at PlaceholderAPI-2.11.2.jar//me.clip.placeholderapi.PlaceholderAPI.setPlaceholders(PlaceholderAPI.java:71)
11.03.2023 - 19:04:52 - 	at PlaceholderAPI-2.11.2.jar//me.clip.placeholderapi.PlaceholderAPI.setPlaceholders(PlaceholderAPI.java:99)
11.03.2023 - 19:04:52 - 	at TAB.v3.2.4.jar//me.neznamy.tab.platforms.bukkit.BukkitPlatform.lambda$registerUnknownPlaceholder$2(BukkitPlatform.java:179)
11.03.2023 - 19:04:52 - 	at TAB.v3.2.4.jar//me.neznamy.tab.shared.placeholders.PlayerPlaceholderImpl.request(PlayerPlaceholderImpl.java:130)
11.03.2023 - 19:04:52 - 	at TAB.v3.2.4.jar//me.neznamy.tab.shared.placeholders.PlayerPlaceholderImpl.update(PlayerPlaceholderImpl.java:53)
11.03.2023 - 19:04:52 - 	at TAB.v3.2.4.jar//me.neznamy.tab.shared.features.PlaceholderManagerImpl.updatePlayerPlaceholder(PlaceholderManagerImpl.java:117)
11.03.2023 - 19:04:52 - 	at TAB.v3.2.4.jar//me.neznamy.tab.shared.features.PlaceholderManagerImpl.refresh(PlaceholderManagerImpl.java:68)
11.03.2023 - 19:04:52 - 	at TAB.v3.2.4.jar//me.neznamy.tab.shared.CpuManager.lambda$runMeasuredTask$8(CpuManager.java:354)
11.03.2023 - 19:04:52 - 	at TAB.v3.2.4.jar//me.neznamy.tab.shared.CpuManager.lambda$submit$1(CpuManager.java:111)
11.03.2023 - 19:04:52 - 	at java.base/java.util.concurrent.Executors$RunnableAdapter.call(Executors.java:539)
11.03.2023 - 19:04:52 - 	at java.base/java.util.concurrent.FutureTask.run(FutureTask.java:264)
11.03.2023 - 19:04:52 - 	at java.base/java.util.concurrent.ThreadPoolExecutor.runWorker(ThreadPoolExecutor.java:1136)
11.03.2023 - 19:04:52 - 	at java.base/java.util.concurrent.ThreadPoolExecutor$Worker.run(ThreadPoolExecutor.java:635)
11.03.2023 - 19:04:52 - 	at java.base/java.lang.Thread.run(Thread.java:833)
11.03.2023 - 19:04:53 - [TAB v3.2.4] Player placeholder %spbuild_getstagestring% generated an error when setting for player Dalynkaa
11.03.2023 - 19:04:53 - java.lang.IllegalStateException: zip file closed
11.03.2023 - 19:04:53 - 	at java.base/java.util.zip.ZipFile.ensureOpen(ZipFile.java:831)
11.03.2023 - 19:04:53 - 	at java.base/java.util.zip.ZipFile.getEntry(ZipFile.java:330)
11.03.2023 - 19:04:53 - 	at java.base/java.util.jar.JarFile.getEntry(JarFile.java:518)
11.03.2023 - 19:04:53 - 	at java.base/java.util.jar.JarFile.getJarEntry(JarFile.java:473)
11.03.2023 - 19:04:53 - 	at org.bukkit.plugin.java.PluginClassLoader.findClass(PluginClassLoader.java:189)
11.03.2023 - 19:04:53 - 	at java.base/java.lang.ClassLoader.loadClass(ClassLoader.java:587)
11.03.2023 - 19:04:53 - 	at org.bukkit.plugin.java.PluginClassLoader.loadClass0(PluginClassLoader.java:129)
11.03.2023 - 19:04:53 - 	at org.bukkit.plugin.java.PluginClassLoader.loadClass(PluginClassLoader.java:124)
11.03.2023 - 19:04:53 - 	at java.base/java.lang.ClassLoader.loadClass(ClassLoader.java:520)
11.03.2023 - 19:04:53 - 	at spworlds-1.0-SNAPSHOT.jar//com.spworlds.utils.PlaceholderApis.onRequest(PlaceholderApis.java:33)
11.03.2023 - 19:04:53 - 	at PlaceholderAPI-2.11.2.jar//me.clip.placeholderapi.replacer.CharsReplacer.apply(CharsReplacer.java:119)
11.03.2023 - 19:04:53 - 	at PlaceholderAPI-2.11.2.jar//me.clip.placeholderapi.PlaceholderAPI.setPlaceholders(PlaceholderAPI.java:71)
11.03.2023 - 19:04:53 - 	at PlaceholderAPI-2.11.2.jar//me.clip.placeholderapi.PlaceholderAPI.setPlaceholders(PlaceholderAPI.java:99)
11.03.2023 - 19:04:53 - 	at TAB.v3.2.4.jar//me.neznamy.tab.platforms.bukkit.BukkitPlatform.lambda$registerUnknownPlaceholder$2(BukkitPlatform.java:179)
11.03.2023 - 19:04:53 - 	at TAB.v3.2.4.jar//me.neznamy.tab.shared.placeholders.PlayerPlaceholderImpl.request(PlayerPlaceholderImpl.java:130)
11.03.2023 - 19:04:53 - 	at TAB.v3.2.4.jar//me.neznamy.tab.shared.placeholders.PlayerPlaceholderImpl.update(PlayerPlaceholderImpl.java:53)
11.03.2023 - 19:04:53 - 	at TAB.v3.2.4.jar//me.neznamy.tab.shared.features.PlaceholderManagerImpl.updatePlayerPlaceholder(PlaceholderManagerImpl.java:117)
11.03.2023 - 19:04:53 - 	at TAB.v3.2.4.jar//me.neznamy.tab.shared.features.PlaceholderManagerImpl.refresh(PlaceholderManagerImpl.java:68)
11.03.2023 - 19:04:53 - 	at TAB.v3.2.4.jar//me.neznamy.tab.shared.CpuManager.lambda$runMeasuredTask$8(CpuManager.java:354)
11.03.2023 - 19:04:53 - 	at TAB.v3.2.4.jar//me.neznamy.tab.shared.CpuManager.lambda$submit$1(CpuManager.java:111)
11.03.2023 - 19:04:53 - 	at java.base/java.util.concurrent.Executors$RunnableAdapter.call(Executors.java:539)
11.03.2023 - 19:04:53 - 	at java.base/java.util.concurrent.FutureTask.run(FutureTask.java:264)
11.03.2023 - 19:04:53 - 	at java.base/java.util.concurrent.ThreadPoolExecutor.runWorker(ThreadPoolExecutor.java:1136)
11.03.2023 - 19:04:53 - 	at java.base/java.util.concurrent.ThreadPoolExecutor$Worker.run(ThreadPoolExecutor.java:635)
11.03.2023 - 19:04:53 - 	at java.base/java.lang.Thread.run(Thread.java:833)
11.03.2023 - 19:04:53 - [TAB v3.2.4] Player placeholder %spbuild_getstagestring% generated an error when setting for player Dalynkaa
11.03.2023 - 19:04:53 - java.lang.IllegalStateException: zip file closed
11.03.2023 - 19:04:53 - 	at java.base/java.util.zip.ZipFile.ensureOpen(ZipFile.java:831)
11.03.2023 - 19:04:53 - 	at java.base/java.util.zip.ZipFile.getEntry(ZipFile.java:330)
11.03.2023 - 19:04:53 - 	at java.base/java.util.jar.JarFile.getEntry(JarFile.java:518)
11.03.2023 - 19:04:53 - 	at java.base/java.util.jar.JarFile.getJarEntry(JarFile.java:473)
11.03.2023 - 19:04:53 - 	at org.bukkit.plugin.java.PluginClassLoader.findClass(PluginClassLoader.java:189)
11.03.2023 - 19:04:53 - 	at java.base/java.lang.ClassLoader.loadClass(ClassLoader.java:587)
11.03.2023 - 19:04:53 - 	at org.bukkit.plugin.java.PluginClassLoader.loadClass0(PluginClassLoader.java:129)
11.03.2023 - 19:04:53 - 	at org.bukkit.plugin.java.PluginClassLoader.loadClass(PluginClassLoader.java:124)
11.03.2023 - 19:04:53 - 	at java.base/java.lang.ClassLoader.loadClass(ClassLoader.java:520)
11.03.2023 - 19:04:53 - 	at spworlds-1.0-SNAPSHOT.jar//com.spworlds.utils.PlaceholderApis.onRequest(PlaceholderApis.java:33)
11.03.2023 - 19:04:53 - 	at PlaceholderAPI-2.11.2.jar//me.clip.placeholderapi.replacer.CharsReplacer.apply(CharsReplacer.java:119)
11.03.2023 - 19:04:53 - 	at PlaceholderAPI-2.11.2.jar//me.clip.placeholderapi.PlaceholderAPI.setPlaceholders(PlaceholderAPI.java:71)
11.03.2023 - 19:04:53 - 	at PlaceholderAPI-2.11.2.jar//me.clip.placeholderapi.PlaceholderAPI.setPlaceholders(PlaceholderAPI.java:99)
11.03.2023 - 19:04:53 - 	at TAB.v3.2.4.jar//me.neznamy.tab.platforms.bukkit.BukkitPlatform.lambda$registerUnknownPlaceholder$2(BukkitPlatform.java:179)
11.03.2023 - 19:04:53 - 	at TAB.v3.2.4.jar//me.neznamy.tab.shared.placeholders.PlayerPlaceholderImpl.request(PlayerPlaceholderImpl.java:130)
11.03.2023 - 19:04:53 - 	at TAB.v3.2.4.jar//me.neznamy.tab.shared.placeholders.PlayerPlaceholderImpl.update(PlayerPlaceholderImpl.java:53)
11.03.2023 - 19:04:53 - 	at TAB.v3.2.4.jar//me.neznamy.tab.shared.features.PlaceholderManagerImpl.updatePlayerPlaceholder(PlaceholderManagerImpl.java:117)
11.03.2023 - 19:04:53 - 	at TAB.v3.2.4.jar//me.neznamy.tab.shared.features.PlaceholderManagerImpl.refresh(PlaceholderManagerImpl.java:68)
11.03.2023 - 19:04:53 - 	at TAB.v3.2.4.jar//me.neznamy.tab.shared.CpuManager.lambda$runMeasuredTask$8(CpuManager.java:354)
11.03.2023 - 19:04:53 - 	at TAB.v3.2.4.jar//me.neznamy.tab.shared.CpuManager.lambda$submit$1(CpuManager.java:111)
11.03.2023 - 19:04:53 - 	at java.base/java.util.concurrent.Executors$RunnableAdapter.call(Executors.java:539)
11.03.2023 - 19:04:53 - 	at java.base/java.util.concurrent.FutureTask.run(FutureTask.java:264)
11.03.2023 - 19:04:53 - 	at java.base/java.util.concurrent.ThreadPoolExecutor.runWorker(ThreadPoolExecutor.java:1136)
11.03.2023 - 19:04:53 - 	at java.base/java.util.concurrent.ThreadPoolExecutor$Worker.run(ThreadPoolExecutor.java:635)
11.03.2023 - 19:04:53 - 	at java.base/java.lang.Thread.run(Thread.java:833)
11.03.2023 - 19:04:54 - [TAB v3.2.4] Player placeholder %spbuild_getstagestring% generated an error when setting for player Dalynkaa
11.03.2023 - 19:04:54 - java.lang.IllegalStateException: zip file closed
11.03.2023 - 19:04:54 - 	at java.base/java.util.zip.ZipFile.ensureOpen(ZipFile.java:831)
11.03.2023 - 19:04:54 - 	at java.base/java.util.zip.ZipFile.getEntry(ZipFile.java:330)
11.03.2023 - 19:04:54 - 	at java.base/java.util.jar.JarFile.getEntry(JarFile.java:518)
11.03.2023 - 19:04:54 - 	at java.base/java.util.jar.JarFile.getJarEntry(JarFile.java:473)
11.03.2023 - 19:04:54 - 	at org.bukkit.plugin.java.PluginClassLoader.findClass(PluginClassLoader.java:189)
11.03.2023 - 19:04:54 - 	at java.base/java.lang.ClassLoader.loadClass(ClassLoader.java:587)
11.03.2023 - 19:04:54 - 	at org.bukkit.plugin.java.PluginClassLoader.loadClass0(PluginClassLoader.java:129)
11.03.2023 - 19:04:54 - 	at org.bukkit.plugin.java.PluginClassLoader.loadClass(PluginClassLoader.java:124)
11.03.2023 - 19:04:54 - 	at java.base/java.lang.ClassLoader.loadClass(ClassLoader.java:520)
11.03.2023 - 19:04:54 - 	at spworlds-1.0-SNAPSHOT.jar//com.spworlds.utils.PlaceholderApis.onRequest(PlaceholderApis.java:33)
11.03.2023 - 19:04:54 - 	at PlaceholderAPI-2.11.2.jar//me.clip.placeholderapi.replacer.CharsReplacer.apply(CharsReplacer.java:119)
11.03.2023 - 19:04:54 - 	at PlaceholderAPI-2.11.2.jar//me.clip.placeholderapi.PlaceholderAPI.setPlaceholders(PlaceholderAPI.java:71)
11.03.2023 - 19:04:54 - 	at PlaceholderAPI-2.11.2.jar//me.clip.placeholderapi.PlaceholderAPI.setPlaceholders(PlaceholderAPI.java:99)
11.03.2023 - 19:04:54 - 	at TAB.v3.2.4.jar//me.neznamy.tab.platforms.bukkit.BukkitPlatform.lambda$registerUnknownPlaceholder$2(BukkitPlatform.java:179)
11.03.2023 - 19:04:54 - 	at TAB.v3.2.4.jar//me.neznamy.tab.shared.placeholders.PlayerPlaceholderImpl.request(PlayerPlaceholderImpl.java:130)
11.03.2023 - 19:04:54 - 	at TAB.v3.2.4.jar//me.neznamy.tab.shared.placeholders.PlayerPlaceholderImpl.update(PlayerPlaceholderImpl.java:53)
11.03.2023 - 19:04:54 - 	at TAB.v3.2.4.jar//me.neznamy.tab.shared.features.PlaceholderManagerImpl.updatePlayerPlaceholder(PlaceholderManagerImpl.java:117)
11.03.2023 - 19:04:54 - 	at TAB.v3.2.4.jar//me.neznamy.tab.shared.features.PlaceholderManagerImpl.refresh(PlaceholderManagerImpl.java:68)
11.03.2023 - 19:04:54 - 	at TAB.v3.2.4.jar//me.neznamy.tab.shared.CpuManager.lambda$runMeasuredTask$8(CpuManager.java:354)
11.03.2023 - 19:04:54 - 	at TAB.v3.2.4.jar//me.neznamy.tab.shared.CpuManager.lambda$submit$1(CpuManager.java:111)
11.03.2023 - 19:04:54 - 	at java.base/java.util.concurrent.Executors$RunnableAdapter.call(Executors.java:539)
11.03.2023 - 19:04:54 - 	at java.base/java.util.concurrent.FutureTask.run(FutureTask.java:264)
11.03.2023 - 19:04:54 - 	at java.base/java.util.concurrent.ThreadPoolExecutor.runWorker(ThreadPoolExecutor.java:1136)
11.03.2023 - 19:04:54 - 	at java.base/java.util.concurrent.ThreadPoolExecutor$Worker.run(ThreadPoolExecutor.java:635)
11.03.2023 - 19:04:54 - 	at java.base/java.lang.Thread.run(Thread.java:833)
11.03.2023 - 19:04:54 - [TAB v3.2.4] Player placeholder %spbuild_getstagestring% generated an error when setting for player Dalynkaa
11.03.2023 - 19:04:54 - java.lang.IllegalStateException: zip file closed
11.03.2023 - 19:04:54 - 	at java.base/java.util.zip.ZipFile.ensureOpen(ZipFile.java:831)
11.03.2023 - 19:04:54 - 	at java.base/java.util.zip.ZipFile.getEntry(ZipFile.java:330)
11.03.2023 - 19:04:54 - 	at java.base/java.util.jar.JarFile.getEntry(JarFile.java:518)
11.03.2023 - 19:04:54 - 	at java.base/java.util.jar.JarFile.getJarEntry(JarFile.java:473)
11.03.2023 - 19:04:54 - 	at org.bukkit.plugin.java.PluginClassLoader.findClass(PluginClassLoader.java:189)
11.03.2023 - 19:04:54 - 	at java.base/java.lang.ClassLoader.loadClass(ClassLoader.java:587)
11.03.2023 - 19:04:54 - 	at org.bukkit.plugin.java.PluginClassLoader.loadClass0(PluginClassLoader.java:129)
11.03.2023 - 19:04:54 - 	at org.bukkit.plugin.java.PluginClassLoader.loadClass(PluginClassLoader.java:124)
11.03.2023 - 19:04:54 - 	at java.base/java.lang.ClassLoader.loadClass(ClassLoader.java:520)
11.03.2023 - 19:04:54 - 	at spworlds-1.0-SNAPSHOT.jar//com.spworlds.utils.PlaceholderApis.onRequest(PlaceholderApis.java:33)
11.03.2023 - 19:04:54 - 	at PlaceholderAPI-2.11.2.jar//me.clip.placeholderapi.replacer.CharsReplacer.apply(CharsReplacer.java:119)
11.03.2023 - 19:04:54 - 	at PlaceholderAPI-2.11.2.jar//me.clip.placeholderapi.PlaceholderAPI.setPlaceholders(PlaceholderAPI.java:71)
11.03.2023 - 19:04:54 - 	at PlaceholderAPI-2.11.2.jar//me.clip.placeholderapi.PlaceholderAPI.setPlaceholders(PlaceholderAPI.java:99)
11.03.2023 - 19:04:54 - 	at TAB.v3.2.4.jar//me.neznamy.tab.platforms.bukkit.BukkitPlatform.lambda$registerUnknownPlaceholder$2(BukkitPlatform.java:179)
11.03.2023 - 19:04:54 - 	at TAB.v3.2.4.jar//me.neznamy.tab.shared.placeholders.PlayerPlaceholderImpl.request(PlayerPlaceholderImpl.java:130)
11.03.2023 - 19:04:54 - 	at TAB.v3.2.4.jar//me.neznamy.tab.shared.placeholders.PlayerPlaceholderImpl.update(PlayerPlaceholderImpl.java:53)
11.03.2023 - 19:04:54 - 	at TAB.v3.2.4.jar//me.neznamy.tab.shared.features.PlaceholderManagerImpl.updatePlayerPlaceholder(PlaceholderManagerImpl.java:117)
11.03.2023 - 19:04:54 - 	at TAB.v3.2.4.jar//me.neznamy.tab.shared.features.PlaceholderManagerImpl.refresh(PlaceholderManagerImpl.java:68)
11.03.2023 - 19:04:54 - 	at TAB.v3.2.4.jar//me.neznamy.tab.shared.CpuManager.lambda$runMeasuredTask$8(CpuManager.java:354)
11.03.2023 - 19:04:54 - 	at TAB.v3.2.4.jar//me.neznamy.tab.shared.CpuManager.lambda$submit$1(CpuManager.java:111)
11.03.2023 - 19:04:54 - 	at java.base/java.util.concurrent.Executors$RunnableAdapter.call(Executors.java:539)
11.03.2023 - 19:04:54 - 	at java.base/java.util.concurrent.FutureTask.run(FutureTask.java:264)
11.03.2023 - 19:04:54 - 	at java.base/java.util.concurrent.ThreadPoolExecutor.runWorker(ThreadPoolExecutor.java:1136)
11.03.2023 - 19:04:54 - 	at java.base/java.util.concurrent.ThreadPoolExecutor$Worker.run(ThreadPoolExecutor.java:635)
11.03.2023 - 19:04:54 - 	at java.base/java.lang.Thread.run(Thread.java:833)
11.03.2023 - 19:04:55 - [TAB v3.2.4] Player placeholder %spbuild_getstagestring% generated an error when setting for player Dalynkaa
11.03.2023 - 19:04:55 - java.lang.IllegalStateException: zip file closed
11.03.2023 - 19:04:55 - 	at java.base/java.util.zip.ZipFile.ensureOpen(ZipFile.java:831)
11.03.2023 - 19:04:55 - 	at java.base/java.util.zip.ZipFile.getEntry(ZipFile.java:330)
11.03.2023 - 19:04:55 - 	at java.base/java.util.jar.JarFile.getEntry(JarFile.java:518)
11.03.2023 - 19:04:55 - 	at java.base/java.util.jar.JarFile.getJarEntry(JarFile.java:473)
11.03.2023 - 19:04:55 - 	at org.bukkit.plugin.java.PluginClassLoader.findClass(PluginClassLoader.java:189)
11.03.2023 - 19:04:55 - 	at java.base/java.lang.ClassLoader.loadClass(ClassLoader.java:587)
11.03.2023 - 19:04:55 - 	at org.bukkit.plugin.java.PluginClassLoader.loadClass0(PluginClassLoader.java:129)
11.03.2023 - 19:04:55 - 	at org.bukkit.plugin.java.PluginClassLoader.loadClass(PluginClassLoader.java:124)
11.03.2023 - 19:04:55 - 	at java.base/java.lang.ClassLoader.loadClass(ClassLoader.java:520)
11.03.2023 - 19:04:55 - 	at spworlds-1.0-SNAPSHOT.jar//com.spworlds.utils.PlaceholderApis.onRequest(PlaceholderApis.java:33)
11.03.2023 - 19:04:55 - 	at PlaceholderAPI-2.11.2.jar//me.clip.placeholderapi.replacer.CharsReplacer.apply(CharsReplacer.java:119)
11.03.2023 - 19:04:55 - 	at PlaceholderAPI-2.11.2.jar//me.clip.placeholderapi.PlaceholderAPI.setPlaceholders(PlaceholderAPI.java:71)
11.03.2023 - 19:04:55 - 	at PlaceholderAPI-2.11.2.jar//me.clip.placeholderapi.PlaceholderAPI.setPlaceholders(PlaceholderAPI.java:99)
11.03.2023 - 19:04:55 - 	at TAB.v3.2.4.jar//me.neznamy.tab.platforms.bukkit.BukkitPlatform.lambda$registerUnknownPlaceholder$2(BukkitPlatform.java:179)
11.03.2023 - 19:04:55 - 	at TAB.v3.2.4.jar//me.neznamy.tab.shared.placeholders.PlayerPlaceholderImpl.request(PlayerPlaceholderImpl.java:130)
11.03.2023 - 19:04:55 - 	at TAB.v3.2.4.jar//me.neznamy.tab.shared.placeholders.PlayerPlaceholderImpl.update(PlayerPlaceholderImpl.java:53)
11.03.2023 - 19:04:55 - 	at TAB.v3.2.4.jar//me.neznamy.tab.shared.features.PlaceholderManagerImpl.updatePlayerPlaceholder(PlaceholderManagerImpl.java:117)
11.03.2023 - 19:04:55 - 	at TAB.v3.2.4.jar//me.neznamy.tab.shared.features.PlaceholderManagerImpl.refresh(PlaceholderManagerImpl.java:68)
11.03.2023 - 19:04:55 - 	at TAB.v3.2.4.jar//me.neznamy.tab.shared.CpuManager.lambda$runMeasuredTask$8(CpuManager.java:354)
11.03.2023 - 19:04:55 - 	at TAB.v3.2.4.jar//me.neznamy.tab.shared.CpuManager.lambda$submit$1(CpuManager.java:111)
11.03.2023 - 19:04:55 - 	at java.base/java.util.concurrent.Executors$RunnableAdapter.call(Executors.java:539)
11.03.2023 - 19:04:55 - 	at java.base/java.util.concurrent.FutureTask.run(FutureTask.java:264)
11.03.2023 - 19:04:55 - 	at java.base/java.util.concurrent.ThreadPoolExecutor.runWorker(ThreadPoolExecutor.java:1136)
11.03.2023 - 19:04:55 - 	at java.base/java.util.concurrent.ThreadPoolExecutor$Worker.run(ThreadPoolExecutor.java:635)
11.03.2023 - 19:04:55 - 	at java.base/java.lang.Thread.run(Thread.java:833)
11.03.2023 - 19:04:55 - [TAB v3.2.4] Player placeholder %spbuild_getstagestring% generated an error when setting for player Dalynkaa
11.03.2023 - 19:04:55 - java.lang.IllegalStateException: zip file closed
11.03.2023 - 19:04:55 - 	at java.base/java.util.zip.ZipFile.ensureOpen(ZipFile.java:831)
11.03.2023 - 19:04:55 - 	at java.base/java.util.zip.ZipFile.getEntry(ZipFile.java:330)
11.03.2023 - 19:04:55 - 	at java.base/java.util.jar.JarFile.getEntry(JarFile.java:518)
11.03.2023 - 19:04:55 - 	at java.base/java.util.jar.JarFile.getJarEntry(JarFile.java:473)
11.03.2023 - 19:04:55 - 	at org.bukkit.plugin.java.PluginClassLoader.findClass(PluginClassLoader.java:189)
11.03.2023 - 19:04:55 - 	at java.base/java.lang.ClassLoader.loadClass(ClassLoader.java:587)
11.03.2023 - 19:04:55 - 	at org.bukkit.plugin.java.PluginClassLoader.loadClass0(PluginClassLoader.java:129)
11.03.2023 - 19:04:55 - 	at org.bukkit.plugin.java.PluginClassLoader.loadClass(PluginClassLoader.java:124)
11.03.2023 - 19:04:55 - 	at java.base/java.lang.ClassLoader.loadClass(ClassLoader.java:520)
11.03.2023 - 19:04:55 - 	at spworlds-1.0-SNAPSHOT.jar//com.spworlds.utils.PlaceholderApis.onRequest(PlaceholderApis.java:33)
11.03.2023 - 19:04:55 - 	at PlaceholderAPI-2.11.2.jar//me.clip.placeholderapi.replacer.CharsReplacer.apply(CharsReplacer.java:119)
11.03.2023 - 19:04:55 - 	at PlaceholderAPI-2.11.2.jar//me.clip.placeholderapi.PlaceholderAPI.setPlaceholders(PlaceholderAPI.java:71)
11.03.2023 - 19:04:55 - 	at PlaceholderAPI-2.11.2.jar//me.clip.placeholderapi.PlaceholderAPI.setPlaceholders(PlaceholderAPI.java:99)
11.03.2023 - 19:04:55 - 	at TAB.v3.2.4.jar//me.neznamy.tab.platforms.bukkit.BukkitPlatform.lambda$registerUnknownPlaceholder$2(BukkitPlatform.java:179)
11.03.2023 - 19:04:55 - 	at TAB.v3.2.4.jar//me.neznamy.tab.shared.placeholders.PlayerPlaceholderImpl.request(PlayerPlaceholderImpl.java:130)
11.03.2023 - 19:04:55 - 	at TAB.v3.2.4.jar//me.neznamy.tab.shared.placeholders.PlayerPlaceholderImpl.update(PlayerPlaceholderImpl.java:53)
11.03.2023 - 19:04:55 - 	at TAB.v3.2.4.jar//me.neznamy.tab.shared.features.PlaceholderManagerImpl.updatePlayerPlaceholder(PlaceholderManagerImpl.java:117)
11.03.2023 - 19:04:55 - 	at TAB.v3.2.4.jar//me.neznamy.tab.shared.features.PlaceholderManagerImpl.refresh(PlaceholderManagerImpl.java:68)
11.03.2023 - 19:04:55 - 	at TAB.v3.2.4.jar//me.neznamy.tab.shared.CpuManager.lambda$runMeasuredTask$8(CpuManager.java:354)
11.03.2023 - 19:04:55 - 	at TAB.v3.2.4.jar//me.neznamy.tab.shared.CpuManager.lambda$submit$1(CpuManager.java:111)
11.03.2023 - 19:04:55 - 	at java.base/java.util.concurrent.Executors$RunnableAdapter.call(Executors.java:539)
11.03.2023 - 19:04:55 - 	at java.base/java.util.concurrent.FutureTask.run(FutureTask.java:264)
11.03.2023 - 19:04:55 - 	at java.base/java.util.concurrent.ThreadPoolExecutor.runWorker(ThreadPoolExecutor.java:1136)
11.03.2023 - 19:04:55 - 	at java.base/java.util.concurrent.ThreadPoolExecutor$Worker.run(ThreadPoolExecutor.java:635)
11.03.2023 - 19:04:55 - 	at java.base/java.lang.Thread.run(Thread.java:833)
11.03.2023 - 19:04:56 - [TAB v3.2.4] Player placeholder %spbuild_getstagestring% generated an error when setting for player Dalynkaa
11.03.2023 - 19:04:56 - java.lang.IllegalStateException: zip file closed
11.03.2023 - 19:04:56 - 	at java.base/java.util.zip.ZipFile.ensureOpen(ZipFile.java:831)
11.03.2023 - 19:04:56 - 	at java.base/java.util.zip.ZipFile.getEntry(ZipFile.java:330)
11.03.2023 - 19:04:56 - 	at java.base/java.util.jar.JarFile.getEntry(JarFile.java:518)
11.03.2023 - 19:04:56 - 	at java.base/java.util.jar.JarFile.getJarEntry(JarFile.java:473)
11.03.2023 - 19:04:56 - 	at org.bukkit.plugin.java.PluginClassLoader.findClass(PluginClassLoader.java:189)
11.03.2023 - 19:04:56 - 	at java.base/java.lang.ClassLoader.loadClass(ClassLoader.java:587)
11.03.2023 - 19:04:56 - 	at org.bukkit.plugin.java.PluginClassLoader.loadClass0(PluginClassLoader.java:129)
11.03.2023 - 19:04:56 - 	at org.bukkit.plugin.java.PluginClassLoader.loadClass(PluginClassLoader.java:124)
11.03.2023 - 19:04:56 - 	at java.base/java.lang.ClassLoader.loadClass(ClassLoader.java:520)
11.03.2023 - 19:04:56 - 	at spworlds-1.0-SNAPSHOT.jar//com.spworlds.utils.PlaceholderApis.onRequest(PlaceholderApis.java:33)
11.03.2023 - 19:04:56 - 	at PlaceholderAPI-2.11.2.jar//me.clip.placeholderapi.replacer.CharsReplacer.apply(CharsReplacer.java:119)
11.03.2023 - 19:04:56 - 	at PlaceholderAPI-2.11.2.jar//me.clip.placeholderapi.PlaceholderAPI.setPlaceholders(PlaceholderAPI.java:71)
11.03.2023 - 19:04:56 - 	at PlaceholderAPI-2.11.2.jar//me.clip.placeholderapi.PlaceholderAPI.setPlaceholders(PlaceholderAPI.java:99)
11.03.2023 - 19:04:56 - 	at TAB.v3.2.4.jar//me.neznamy.tab.platforms.bukkit.BukkitPlatform.lambda$registerUnknownPlaceholder$2(BukkitPlatform.java:179)
11.03.2023 - 19:04:56 - 	at TAB.v3.2.4.jar//me.neznamy.tab.shared.placeholders.PlayerPlaceholderImpl.request(PlayerPlaceholderImpl.java:130)
11.03.2023 - 19:04:56 - 	at TAB.v3.2.4.jar//me.neznamy.tab.shared.placeholders.PlayerPlaceholderImpl.update(PlayerPlaceholderImpl.java:53)
11.03.2023 - 19:04:56 - 	at TAB.v3.2.4.jar//me.neznamy.tab.shared.features.PlaceholderManagerImpl.updatePlayerPlaceholder(PlaceholderManagerImpl.java:117)
11.03.2023 - 19:04:56 - 	at TAB.v3.2.4.jar//me.neznamy.tab.shared.features.PlaceholderManagerImpl.refresh(PlaceholderManagerImpl.java:68)
11.03.2023 - 19:04:56 - 	at TAB.v3.2.4.jar//me.neznamy.tab.shared.CpuManager.lambda$runMeasuredTask$8(CpuManager.java:354)
11.03.2023 - 19:04:56 - 	at TAB.v3.2.4.jar//me.neznamy.tab.shared.CpuManager.lambda$submit$1(CpuManager.java:111)
11.03.2023 - 19:04:56 - 	at java.base/java.util.concurrent.Executors$RunnableAdapter.call(Executors.java:539)
11.03.2023 - 19:04:56 - 	at java.base/java.util.concurrent.FutureTask.run(FutureTask.java:264)
11.03.2023 - 19:04:56 - 	at java.base/java.util.concurrent.ThreadPoolExecutor.runWorker(ThreadPoolExecutor.java:1136)
11.03.2023 - 19:04:56 - 	at java.base/java.util.concurrent.ThreadPoolExecutor$Worker.run(ThreadPoolExecutor.java:635)
11.03.2023 - 19:04:56 - 	at java.base/java.lang.Thread.run(Thread.java:833)
11.03.2023 - 19:04:56 - [TAB v3.2.4] Player placeholder %spbuild_getstagestring% generated an error when setting for player Dalynkaa
11.03.2023 - 19:04:56 - java.lang.IllegalStateException: zip file closed
11.03.2023 - 19:04:56 - 	at java.base/java.util.zip.ZipFile.ensureOpen(ZipFile.java:831)
11.03.2023 - 19:04:56 - 	at java.base/java.util.zip.ZipFile.getEntry(ZipFile.java:330)
11.03.2023 - 19:04:56 - 	at java.base/java.util.jar.JarFile.getEntry(JarFile.java:518)
11.03.2023 - 19:04:56 - 	at java.base/java.util.jar.JarFile.getJarEntry(JarFile.java:473)
11.03.2023 - 19:04:56 - 	at org.bukkit.plugin.java.PluginClassLoader.findClass(PluginClassLoader.java:189)
11.03.2023 - 19:04:56 - 	at java.base/java.lang.ClassLoader.loadClass(ClassLoader.java:587)
11.03.2023 - 19:04:56 - 	at org.bukkit.plugin.java.PluginClassLoader.loadClass0(PluginClassLoader.java:129)
11.03.2023 - 19:04:56 - 	at org.bukkit.plugin.java.PluginClassLoader.loadClass(PluginClassLoader.java:124)
11.03.2023 - 19:04:56 - 	at java.base/java.lang.ClassLoader.loadClass(ClassLoader.java:520)
11.03.2023 - 19:04:56 - 	at spworlds-1.0-SNAPSHOT.jar//com.spworlds.utils.PlaceholderApis.onRequest(PlaceholderApis.java:33)
11.03.2023 - 19:04:56 - 	at PlaceholderAPI-2.11.2.jar//me.clip.placeholderapi.replacer.CharsReplacer.apply(CharsReplacer.java:119)
11.03.2023 - 19:04:56 - 	at PlaceholderAPI-2.11.2.jar//me.clip.placeholderapi.PlaceholderAPI.setPlaceholders(PlaceholderAPI.java:71)
11.03.2023 - 19:04:56 - 	at PlaceholderAPI-2.11.2.jar//me.clip.placeholderapi.PlaceholderAPI.setPlaceholders(PlaceholderAPI.java:99)
11.03.2023 - 19:04:56 - 	at TAB.v3.2.4.jar//me.neznamy.tab.platforms.bukkit.BukkitPlatform.lambda$registerUnknownPlaceholder$2(BukkitPlatform.java:179)
11.03.2023 - 19:04:56 - 	at TAB.v3.2.4.jar//me.neznamy.tab.shared.placeholders.PlayerPlaceholderImpl.request(PlayerPlaceholderImpl.java:130)
11.03.2023 - 19:04:56 - 	at TAB.v3.2.4.jar//me.neznamy.tab.shared.placeholders.PlayerPlaceholderImpl.update(PlayerPlaceholderImpl.java:53)
11.03.2023 - 19:04:56 - 	at TAB.v3.2.4.jar//me.neznamy.tab.shared.features.PlaceholderManagerImpl.updatePlayerPlaceholder(PlaceholderManagerImpl.java:117)
11.03.2023 - 19:04:56 - 	at TAB.v3.2.4.jar//me.neznamy.tab.shared.features.PlaceholderManagerImpl.refresh(PlaceholderManagerImpl.java:68)
11.03.2023 - 19:04:56 - 	at TAB.v3.2.4.jar//me.neznamy.tab.shared.CpuManager.lambda$runMeasuredTask$8(CpuManager.java:354)
11.03.2023 - 19:04:56 - 	at TAB.v3.2.4.jar//me.neznamy.tab.shared.CpuManager.lambda$submit$1(CpuManager.java:111)
11.03.2023 - 19:04:56 - 	at java.base/java.util.concurrent.Executors$RunnableAdapter.call(Executors.java:539)
11.03.2023 - 19:04:56 - 	at java.base/java.util.concurrent.FutureTask.run(FutureTask.java:264)
11.03.2023 - 19:04:56 - 	at java.base/java.util.concurrent.ThreadPoolExecutor.runWorker(ThreadPoolExecutor.java:1136)
11.03.2023 - 19:04:56 - 	at java.base/java.util.concurrent.ThreadPoolExecutor$Worker.run(ThreadPoolExecutor.java:635)
11.03.2023 - 19:04:56 - 	at java.base/java.lang.Thread.run(Thread.java:833)
11.03.2023 - 19:04:57 - [TAB v3.2.4] Player placeholder %spbuild_getstagestring% generated an error when setting for player Dalynkaa
11.03.2023 - 19:04:57 - java.lang.IllegalStateException: zip file closed
11.03.2023 - 19:04:57 - 	at java.base/java.util.zip.ZipFile.ensureOpen(ZipFile.java:831)
11.03.2023 - 19:04:57 - 	at java.base/java.util.zip.ZipFile.getEntry(ZipFile.java:330)
11.03.2023 - 19:04:57 - 	at java.base/java.util.jar.JarFile.getEntry(JarFile.java:518)
11.03.2023 - 19:04:57 - 	at java.base/java.util.jar.JarFile.getJarEntry(JarFile.java:473)
11.03.2023 - 19:04:57 - 	at org.bukkit.plugin.java.PluginClassLoader.findClass(PluginClassLoader.java:189)
11.03.2023 - 19:04:57 - 	at java.base/java.lang.ClassLoader.loadClass(ClassLoader.java:587)
11.03.2023 - 19:04:57 - 	at org.bukkit.plugin.java.PluginClassLoader.loadClass0(PluginClassLoader.java:129)
11.03.2023 - 19:04:57 - 	at org.bukkit.plugin.java.PluginClassLoader.loadClass(PluginClassLoader.java:124)
11.03.2023 - 19:04:57 - 	at java.base/java.lang.ClassLoader.loadClass(ClassLoader.java:520)
11.03.2023 - 19:04:57 - 	at spworlds-1.0-SNAPSHOT.jar//com.spworlds.utils.PlaceholderApis.onRequest(PlaceholderApis.java:33)
11.03.2023 - 19:04:57 - 	at PlaceholderAPI-2.11.2.jar//me.clip.placeholderapi.replacer.CharsReplacer.apply(CharsReplacer.java:119)
11.03.2023 - 19:04:57 - 	at PlaceholderAPI-2.11.2.jar//me.clip.placeholderapi.PlaceholderAPI.setPlaceholders(PlaceholderAPI.java:71)
11.03.2023 - 19:04:57 - 	at PlaceholderAPI-2.11.2.jar//me.clip.placeholderapi.PlaceholderAPI.setPlaceholders(PlaceholderAPI.java:99)
11.03.2023 - 19:04:57 - 	at TAB.v3.2.4.jar//me.neznamy.tab.platforms.bukkit.BukkitPlatform.lambda$registerUnknownPlaceholder$2(BukkitPlatform.java:179)
11.03.2023 - 19:04:57 - 	at TAB.v3.2.4.jar//me.neznamy.tab.shared.placeholders.PlayerPlaceholderImpl.request(PlayerPlaceholderImpl.java:130)
11.03.2023 - 19:04:57 - 	at TAB.v3.2.4.jar//me.neznamy.tab.shared.placeholders.PlayerPlaceholderImpl.update(PlayerPlaceholderImpl.java:53)
11.03.2023 - 19:04:57 - 	at TAB.v3.2.4.jar//me.neznamy.tab.shared.features.PlaceholderManagerImpl.updatePlayerPlaceholder(PlaceholderManagerImpl.java:117)
11.03.2023 - 19:04:57 - 	at TAB.v3.2.4.jar//me.neznamy.tab.shared.features.PlaceholderManagerImpl.refresh(PlaceholderManagerImpl.java:68)
11.03.2023 - 19:04:57 - 	at TAB.v3.2.4.jar//me.neznamy.tab.shared.CpuManager.lambda$runMeasuredTask$8(CpuManager.java:354)
11.03.2023 - 19:04:57 - 	at TAB.v3.2.4.jar//me.neznamy.tab.shared.CpuManager.lambda$submit$1(CpuManager.java:111)
11.03.2023 - 19:04:57 - 	at java.base/java.util.concurrent.Executors$RunnableAdapter.call(Executors.java:539)
11.03.2023 - 19:04:57 - 	at java.base/java.util.concurrent.FutureTask.run(FutureTask.java:264)
11.03.2023 - 19:04:57 - 	at java.base/java.util.concurrent.ThreadPoolExecutor.runWorker(ThreadPoolExecutor.java:1136)
11.03.2023 - 19:04:57 - 	at java.base/java.util.concurrent.ThreadPoolExecutor$Worker.run(ThreadPoolExecutor.java:635)
11.03.2023 - 19:04:57 - 	at java.base/java.lang.Thread.run(Thread.java:833)
11.03.2023 - 19:04:57 - [TAB v3.2.4] Player placeholder %spbuild_getstagestring% generated an error when setting for player Dalynkaa
11.03.2023 - 19:04:57 - java.lang.IllegalStateException: zip file closed
11.03.2023 - 19:04:57 - 	at java.base/java.util.zip.ZipFile.ensureOpen(ZipFile.java:831)
11.03.2023 - 19:04:57 - 	at java.base/java.util.zip.ZipFile.getEntry(ZipFile.java:330)
11.03.2023 - 19:04:57 - 	at java.base/java.util.jar.JarFile.getEntry(JarFile.java:518)
11.03.2023 - 19:04:57 - 	at java.base/java.util.jar.JarFile.getJarEntry(JarFile.java:473)
11.03.2023 - 19:04:57 - 	at org.bukkit.plugin.java.PluginClassLoader.findClass(PluginClassLoader.java:189)
11.03.2023 - 19:04:57 - 	at java.base/java.lang.ClassLoader.loadClass(ClassLoader.java:587)
11.03.2023 - 19:04:57 - 	at org.bukkit.plugin.java.PluginClassLoader.loadClass0(PluginClassLoader.java:129)
11.03.2023 - 19:04:57 - 	at org.bukkit.plugin.java.PluginClassLoader.loadClass(PluginClassLoader.java:124)
11.03.2023 - 19:04:57 - 	at java.base/java.lang.ClassLoader.loadClass(ClassLoader.java:520)
11.03.2023 - 19:04:57 - 	at spworlds-1.0-SNAPSHOT.jar//com.spworlds.utils.PlaceholderApis.onRequest(PlaceholderApis.java:33)
11.03.2023 - 19:04:57 - 	at PlaceholderAPI-2.11.2.jar//me.clip.placeholderapi.replacer.CharsReplacer.apply(CharsReplacer.java:119)
11.03.2023 - 19:04:57 - 	at PlaceholderAPI-2.11.2.jar//me.clip.placeholderapi.PlaceholderAPI.setPlaceholders(PlaceholderAPI.java:71)
11.03.2023 - 19:04:57 - 	at PlaceholderAPI-2.11.2.jar//me.clip.placeholderapi.PlaceholderAPI.setPlaceholders(PlaceholderAPI.java:99)
11.03.2023 - 19:04:57 - 	at TAB.v3.2.4.jar//me.neznamy.tab.platforms.bukkit.BukkitPlatform.lambda$registerUnknownPlaceholder$2(BukkitPlatform.java:179)
11.03.2023 - 19:04:57 - 	at TAB.v3.2.4.jar//me.neznamy.tab.shared.placeholders.PlayerPlaceholderImpl.request(PlayerPlaceholderImpl.java:130)
11.03.2023 - 19:04:57 - 	at TAB.v3.2.4.jar//me.neznamy.tab.shared.placeholders.PlayerPlaceholderImpl.update(PlayerPlaceholderImpl.java:53)
11.03.2023 - 19:04:57 - 	at TAB.v3.2.4.jar//me.neznamy.tab.shared.features.PlaceholderManagerImpl.updatePlayerPlaceholder(PlaceholderManagerImpl.java:117)
11.03.2023 - 19:04:57 - 	at TAB.v3.2.4.jar//me.neznamy.tab.shared.features.PlaceholderManagerImpl.refresh(PlaceholderManagerImpl.java:68)
11.03.2023 - 19:04:57 - 	at TAB.v3.2.4.jar//me.neznamy.tab.shared.CpuManager.lambda$runMeasuredTask$8(CpuManager.java:354)
11.03.2023 - 19:04:57 - 	at TAB.v3.2.4.jar//me.neznamy.tab.shared.CpuManager.lambda$submit$1(CpuManager.java:111)
11.03.2023 - 19:04:57 - 	at java.base/java.util.concurrent.Executors$RunnableAdapter.call(Executors.java:539)
11.03.2023 - 19:04:57 - 	at java.base/java.util.concurrent.FutureTask.run(FutureTask.java:264)
11.03.2023 - 19:04:57 - 	at java.base/java.util.concurrent.ThreadPoolExecutor.runWorker(ThreadPoolExecutor.java:1136)
11.03.2023 - 19:04:57 - 	at java.base/java.util.concurrent.ThreadPoolExecutor$Worker.run(ThreadPoolExecutor.java:635)
11.03.2023 - 19:04:57 - 	at java.base/java.lang.Thread.run(Thread.java:833)
11.03.2023 - 19:04:58 - [TAB v3.2.4] Player placeholder %spbuild_getstagestring% generated an error when setting for player Dalynkaa
11.03.2023 - 19:04:58 - java.lang.IllegalStateException: zip file closed
11.03.2023 - 19:04:58 - 	at java.base/java.util.zip.ZipFile.ensureOpen(ZipFile.java:831)
11.03.2023 - 19:04:58 - 	at java.base/java.util.zip.ZipFile.getEntry(ZipFile.java:330)
11.03.2023 - 19:04:58 - 	at java.base/java.util.jar.JarFile.getEntry(JarFile.java:518)
11.03.2023 - 19:04:58 - 	at java.base/java.util.jar.JarFile.getJarEntry(JarFile.java:473)
11.03.2023 - 19:04:58 - 	at org.bukkit.plugin.java.PluginClassLoader.findClass(PluginClassLoader.java:189)
11.03.2023 - 19:04:58 - 	at java.base/java.lang.ClassLoader.loadClass(ClassLoader.java:587)
11.03.2023 - 19:04:58 - 	at org.bukkit.plugin.java.PluginClassLoader.loadClass0(PluginClassLoader.java:129)
11.03.2023 - 19:04:58 - 	at org.bukkit.plugin.java.PluginClassLoader.loadClass(PluginClassLoader.java:124)
11.03.2023 - 19:04:58 - 	at java.base/java.lang.ClassLoader.loadClass(ClassLoader.java:520)
11.03.2023 - 19:04:58 - 	at spworlds-1.0-SNAPSHOT.jar//com.spworlds.utils.PlaceholderApis.onRequest(PlaceholderApis.java:33)
11.03.2023 - 19:04:58 - 	at PlaceholderAPI-2.11.2.jar//me.clip.placeholderapi.replacer.CharsReplacer.apply(CharsReplacer.java:119)
11.03.2023 - 19:04:58 - 	at PlaceholderAPI-2.11.2.jar//me.clip.placeholderapi.PlaceholderAPI.setPlaceholders(PlaceholderAPI.java:71)
11.03.2023 - 19:04:58 - 	at PlaceholderAPI-2.11.2.jar//me.clip.placeholderapi.PlaceholderAPI.setPlaceholders(PlaceholderAPI.java:99)
11.03.2023 - 19:04:58 - 	at TAB.v3.2.4.jar//me.neznamy.tab.platforms.bukkit.BukkitPlatform.lambda$registerUnknownPlaceholder$2(BukkitPlatform.java:179)
11.03.2023 - 19:04:58 - 	at TAB.v3.2.4.jar//me.neznamy.tab.shared.placeholders.PlayerPlaceholderImpl.request(PlayerPlaceholderImpl.java:130)
11.03.2023 - 19:04:58 - 	at TAB.v3.2.4.jar//me.neznamy.tab.shared.placeholders.PlayerPlaceholderImpl.update(PlayerPlaceholderImpl.java:53)
11.03.2023 - 19:04:58 - 	at TAB.v3.2.4.jar//me.neznamy.tab.shared.features.PlaceholderManagerImpl.updatePlayerPlaceholder(PlaceholderManagerImpl.java:117)
11.03.2023 - 19:04:58 - 	at TAB.v3.2.4.jar//me.neznamy.tab.shared.features.PlaceholderManagerImpl.refresh(PlaceholderManagerImpl.java:68)
11.03.2023 - 19:04:58 - 	at TAB.v3.2.4.jar//me.neznamy.tab.shared.CpuManager.lambda$runMeasuredTask$8(CpuManager.java:354)
11.03.2023 - 19:04:58 - 	at TAB.v3.2.4.jar//me.neznamy.tab.shared.CpuManager.lambda$submit$1(CpuManager.java:111)
11.03.2023 - 19:04:58 - 	at java.base/java.util.concurrent.Executors$RunnableAdapter.call(Executors.java:539)
11.03.2023 - 19:04:58 - 	at java.base/java.util.concurrent.FutureTask.run(FutureTask.java:264)
11.03.2023 - 19:04:58 - 	at java.base/java.util.concurrent.ThreadPoolExecutor.runWorker(ThreadPoolExecutor.java:1136)
11.03.2023 - 19:04:58 - 	at java.base/java.util.concurrent.ThreadPoolExecutor$Worker.run(ThreadPoolExecutor.java:635)
11.03.2023 - 19:04:58 - 	at java.base/java.lang.Thread.run(Thread.java:833)
11.03.2023 - 19:04:58 - [TAB v3.2.4] Player placeholder %spbuild_getstagestring% generated an error when setting for player Dalynkaa
11.03.2023 - 19:04:58 - java.lang.IllegalStateException: zip file closed
11.03.2023 - 19:04:58 - 	at java.base/java.util.zip.ZipFile.ensureOpen(ZipFile.java:831)
11.03.2023 - 19:04:58 - 	at java.base/java.util.zip.ZipFile.getEntry(ZipFile.java:330)
11.03.2023 - 19:04:58 - 	at java.base/java.util.jar.JarFile.getEntry(JarFile.java:518)
11.03.2023 - 19:04:58 - 	at java.base/java.util.jar.JarFile.getJarEntry(JarFile.java:473)
11.03.2023 - 19:04:58 - 	at org.bukkit.plugin.java.PluginClassLoader.findClass(PluginClassLoader.java:189)
11.03.2023 - 19:04:58 - 	at java.base/java.lang.ClassLoader.loadClass(ClassLoader.java:587)
11.03.2023 - 19:04:58 - 	at org.bukkit.plugin.java.PluginClassLoader.loadClass0(PluginClassLoader.java:129)
11.03.2023 - 19:04:58 - 	at org.bukkit.plugin.java.PluginClassLoader.loadClass(PluginClassLoader.java:124)
11.03.2023 - 19:04:58 - 	at java.base/java.lang.ClassLoader.loadClass(ClassLoader.java:520)
11.03.2023 - 19:04:58 - 	at spworlds-1.0-SNAPSHOT.jar//com.spworlds.utils.PlaceholderApis.onRequest(PlaceholderApis.java:33)
11.03.2023 - 19:04:58 - 	at PlaceholderAPI-2.11.2.jar//me.clip.placeholderapi.replacer.CharsReplacer.apply(CharsReplacer.java:119)
11.03.2023 - 19:04:58 - 	at PlaceholderAPI-2.11.2.jar//me.clip.placeholderapi.PlaceholderAPI.setPlaceholders(PlaceholderAPI.java:71)
11.03.2023 - 19:04:58 - 	at PlaceholderAPI-2.11.2.jar//me.clip.placeholderapi.PlaceholderAPI.setPlaceholders(PlaceholderAPI.java:99)
11.03.2023 - 19:04:58 - 	at TAB.v3.2.4.jar//me.neznamy.tab.platforms.bukkit.BukkitPlatform.lambda$registerUnknownPlaceholder$2(BukkitPlatform.java:179)
11.03.2023 - 19:04:58 - 	at TAB.v3.2.4.jar//me.neznamy.tab.shared.placeholders.PlayerPlaceholderImpl.request(PlayerPlaceholderImpl.java:130)
11.03.2023 - 19:04:58 - 	at TAB.v3.2.4.jar//me.neznamy.tab.shared.placeholders.PlayerPlaceholderImpl.update(PlayerPlaceholderImpl.java:53)
11.03.2023 - 19:04:58 - 	at TAB.v3.2.4.jar//me.neznamy.tab.shared.features.PlaceholderManagerImpl.updatePlayerPlaceholder(PlaceholderManagerImpl.java:117)
11.03.2023 - 19:04:58 - 	at TAB.v3.2.4.jar//me.neznamy.tab.shared.features.PlaceholderManagerImpl.refresh(PlaceholderManagerImpl.java:68)
11.03.2023 - 19:04:58 - 	at TAB.v3.2.4.jar//me.neznamy.tab.shared.CpuManager.lambda$runMeasuredTask$8(CpuManager.java:354)
11.03.2023 - 19:04:58 - 	at TAB.v3.2.4.jar//me.neznamy.tab.shared.CpuManager.lambda$submit$1(CpuManager.java:111)
11.03.2023 - 19:04:58 - 	at java.base/java.util.concurrent.Executors$RunnableAdapter.call(Executors.java:539)
11.03.2023 - 19:04:58 - 	at java.base/java.util.concurrent.FutureTask.run(FutureTask.java:264)
11.03.2023 - 19:04:58 - 	at java.base/java.util.concurrent.ThreadPoolExecutor.runWorker(ThreadPoolExecutor.java:1136)
11.03.2023 - 19:04:58 - 	at java.base/java.util.concurrent.ThreadPoolExecutor$Worker.run(ThreadPoolExecutor.java:635)
11.03.2023 - 19:04:58 - 	at java.base/java.lang.Thread.run(Thread.java:833)
11.03.2023 - 19:04:59 - [TAB v3.2.4] Player placeholder %spbuild_getstagestring% generated an error when setting for player Dalynkaa
11.03.2023 - 19:04:59 - java.lang.IllegalStateException: zip file closed
11.03.2023 - 19:04:59 - 	at java.base/java.util.zip.ZipFile.ensureOpen(ZipFile.java:831)
11.03.2023 - 19:04:59 - 	at java.base/java.util.zip.ZipFile.getEntry(ZipFile.java:330)
11.03.2023 - 19:04:59 - 	at java.base/java.util.jar.JarFile.getEntry(JarFile.java:518)
11.03.2023 - 19:04:59 - 	at java.base/java.util.jar.JarFile.getJarEntry(JarFile.java:473)
11.03.2023 - 19:04:59 - 	at org.bukkit.plugin.java.PluginClassLoader.findClass(PluginClassLoader.java:189)
11.03.2023 - 19:04:59 - 	at java.base/java.lang.ClassLoader.loadClass(ClassLoader.java:587)
11.03.2023 - 19:04:59 - 	at org.bukkit.plugin.java.PluginClassLoader.loadClass0(PluginClassLoader.java:129)
11.03.2023 - 19:04:59 - 	at org.bukkit.plugin.java.PluginClassLoader.loadClass(PluginClassLoader.java:124)
11.03.2023 - 19:04:59 - 	at java.base/java.lang.ClassLoader.loadClass(ClassLoader.java:520)
11.03.2023 - 19:04:59 - 	at spworlds-1.0-SNAPSHOT.jar//com.spworlds.utils.PlaceholderApis.onRequest(PlaceholderApis.java:33)
11.03.2023 - 19:04:59 - 	at PlaceholderAPI-2.11.2.jar//me.clip.placeholderapi.replacer.CharsReplacer.apply(CharsReplacer.java:119)
11.03.2023 - 19:04:59 - 	at PlaceholderAPI-2.11.2.jar//me.clip.placeholderapi.PlaceholderAPI.setPlaceholders(PlaceholderAPI.java:71)
11.03.2023 - 19:04:59 - 	at PlaceholderAPI-2.11.2.jar//me.clip.placeholderapi.PlaceholderAPI.setPlaceholders(PlaceholderAPI.java:99)
11.03.2023 - 19:04:59 - 	at TAB.v3.2.4.jar//me.neznamy.tab.platforms.bukkit.BukkitPlatform.lambda$registerUnknownPlaceholder$2(BukkitPlatform.java:179)
11.03.2023 - 19:04:59 - 	at TAB.v3.2.4.jar//me.neznamy.tab.shared.placeholders.PlayerPlaceholderImpl.request(PlayerPlaceholderImpl.java:130)
11.03.2023 - 19:04:59 - 	at TAB.v3.2.4.jar//me.neznamy.tab.shared.placeholders.PlayerPlaceholderImpl.update(PlayerPlaceholderImpl.java:53)
11.03.2023 - 19:04:59 - 	at TAB.v3.2.4.jar//me.neznamy.tab.shared.features.PlaceholderManagerImpl.updatePlayerPlaceholder(PlaceholderManagerImpl.java:117)
11.03.2023 - 19:04:59 - 	at TAB.v3.2.4.jar//me.neznamy.tab.shared.features.PlaceholderManagerImpl.refresh(PlaceholderManagerImpl.java:68)
11.03.2023 - 19:04:59 - 	at TAB.v3.2.4.jar//me.neznamy.tab.shared.CpuManager.lambda$runMeasuredTask$8(CpuManager.java:354)
11.03.2023 - 19:04:59 - 	at TAB.v3.2.4.jar//me.neznamy.tab.shared.CpuManager.lambda$submit$1(CpuManager.java:111)
11.03.2023 - 19:04:59 - 	at java.base/java.util.concurrent.Executors$RunnableAdapter.call(Executors.java:539)
11.03.2023 - 19:04:59 - 	at java.base/java.util.concurrent.FutureTask.run(FutureTask.java:264)
11.03.2023 - 19:04:59 - 	at java.base/java.util.concurrent.ThreadPoolExecutor.runWorker(ThreadPoolExecutor.java:1136)
11.03.2023 - 19:04:59 - 	at java.base/java.util.concurrent.ThreadPoolExecutor$Worker.run(ThreadPoolExecutor.java:635)
11.03.2023 - 19:04:59 - 	at java.base/java.lang.Thread.run(Thread.java:833)
11.03.2023 - 19:04:59 - [TAB v3.2.4] Player placeholder %spbuild_getstagestring% generated an error when setting for player Dalynkaa
11.03.2023 - 19:04:59 - java.lang.IllegalStateException: zip file closed
11.03.2023 - 19:04:59 - 	at java.base/java.util.zip.ZipFile.ensureOpen(ZipFile.java:831)
11.03.2023 - 19:04:59 - 	at java.base/java.util.zip.ZipFile.getEntry(ZipFile.java:330)
11.03.2023 - 19:04:59 - 	at java.base/java.util.jar.JarFile.getEntry(JarFile.java:518)
11.03.2023 - 19:04:59 - 	at java.base/java.util.jar.JarFile.getJarEntry(JarFile.java:473)
11.03.2023 - 19:04:59 - 	at org.bukkit.plugin.java.PluginClassLoader.findClass(PluginClassLoader.java:189)
11.03.2023 - 19:04:59 - 	at java.base/java.lang.ClassLoader.loadClass(ClassLoader.java:587)
11.03.2023 - 19:04:59 - 	at org.bukkit.plugin.java.PluginClassLoader.loadClass0(PluginClassLoader.java:129)
11.03.2023 - 19:04:59 - 	at org.bukkit.plugin.java.PluginClassLoader.loadClass(PluginClassLoader.java:124)
11.03.2023 - 19:04:59 - 	at java.base/java.lang.ClassLoader.loadClass(ClassLoader.java:520)
11.03.2023 - 19:04:59 - 	at spworlds-1.0-SNAPSHOT.jar//com.spworlds.utils.PlaceholderApis.onRequest(PlaceholderApis.java:33)
11.03.2023 - 19:04:59 - 	at PlaceholderAPI-2.11.2.jar//me.clip.placeholderapi.replacer.CharsReplacer.apply(CharsReplacer.java:119)
11.03.2023 - 19:04:59 - 	at PlaceholderAPI-2.11.2.jar//me.clip.placeholderapi.PlaceholderAPI.setPlaceholders(PlaceholderAPI.java:71)
11.03.2023 - 19:04:59 - 	at PlaceholderAPI-2.11.2.jar//me.clip.placeholderapi.PlaceholderAPI.setPlaceholders(PlaceholderAPI.java:99)
11.03.2023 - 19:04:59 - 	at TAB.v3.2.4.jar//me.neznamy.tab.platforms.bukkit.BukkitPlatform.lambda$registerUnknownPlaceholder$2(BukkitPlatform.java:179)
11.03.2023 - 19:04:59 - 	at TAB.v3.2.4.jar//me.neznamy.tab.shared.placeholders.PlayerPlaceholderImpl.request(PlayerPlaceholderImpl.java:130)
11.03.2023 - 19:04:59 - 	at TAB.v3.2.4.jar//me.neznamy.tab.shared.placeholders.PlayerPlaceholderImpl.update(PlayerPlaceholderImpl.java:53)
11.03.2023 - 19:04:59 - 	at TAB.v3.2.4.jar//me.neznamy.tab.shared.features.PlaceholderManagerImpl.updatePlayerPlaceholder(PlaceholderManagerImpl.java:117)
11.03.2023 - 19:04:59 - 	at TAB.v3.2.4.jar//me.neznamy.tab.shared.features.PlaceholderManagerImpl.refresh(PlaceholderManagerImpl.java:68)
11.03.2023 - 19:04:59 - 	at TAB.v3.2.4.jar//me.neznamy.tab.shared.CpuManager.lambda$runMeasuredTask$8(CpuManager.java:354)
11.03.2023 - 19:04:59 - 	at TAB.v3.2.4.jar//me.neznamy.tab.shared.CpuManager.lambda$submit$1(CpuManager.java:111)
11.03.2023 - 19:04:59 - 	at java.base/java.util.concurrent.Executors$RunnableAdapter.call(Executors.java:539)
11.03.2023 - 19:04:59 - 	at java.base/java.util.concurrent.FutureTask.run(FutureTask.java:264)
11.03.2023 - 19:04:59 - 	at java.base/java.util.concurrent.ThreadPoolExecutor.runWorker(ThreadPoolExecutor.java:1136)
11.03.2023 - 19:04:59 - 	at java.base/java.util.concurrent.ThreadPoolExecutor$Worker.run(ThreadPoolExecutor.java:635)
11.03.2023 - 19:04:59 - 	at java.base/java.lang.Thread.run(Thread.java:833)
11.03.2023 - 19:05:00 - [TAB v3.2.4] Player placeholder %spbuild_getstagestring% generated an error when setting for player Dalynkaa
11.03.2023 - 19:05:00 - java.lang.IllegalStateException: zip file closed
11.03.2023 - 19:05:00 - 	at java.base/java.util.zip.ZipFile.ensureOpen(ZipFile.java:831)
11.03.2023 - 19:05:00 - 	at java.base/java.util.zip.ZipFile.getEntry(ZipFile.java:330)
11.03.2023 - 19:05:00 - 	at java.base/java.util.jar.JarFile.getEntry(JarFile.java:518)
11.03.2023 - 19:05:00 - 	at java.base/java.util.jar.JarFile.getJarEntry(JarFile.java:473)
11.03.2023 - 19:05:00 - 	at org.bukkit.plugin.java.PluginClassLoader.findClass(PluginClassLoader.java:189)
11.03.2023 - 19:05:00 - 	at java.base/java.lang.ClassLoader.loadClass(ClassLoader.java:587)
11.03.2023 - 19:05:00 - 	at org.bukkit.plugin.java.PluginClassLoader.loadClass0(PluginClassLoader.java:129)
11.03.2023 - 19:05:00 - 	at org.bukkit.plugin.java.PluginClassLoader.loadClass(PluginClassLoader.java:124)
11.03.2023 - 19:05:00 - 	at java.base/java.lang.ClassLoader.loadClass(ClassLoader.java:520)
11.03.2023 - 19:05:00 - 	at spworlds-1.0-SNAPSHOT.jar//com.spworlds.utils.PlaceholderApis.onRequest(PlaceholderApis.java:33)
11.03.2023 - 19:05:00 - 	at PlaceholderAPI-2.11.2.jar//me.clip.placeholderapi.replacer.CharsReplacer.apply(CharsReplacer.java:119)
11.03.2023 - 19:05:00 - 	at PlaceholderAPI-2.11.2.jar//me.clip.placeholderapi.PlaceholderAPI.setPlaceholders(PlaceholderAPI.java:71)
11.03.2023 - 19:05:00 - 	at PlaceholderAPI-2.11.2.jar//me.clip.placeholderapi.PlaceholderAPI.setPlaceholders(PlaceholderAPI.java:99)
11.03.2023 - 19:05:00 - 	at TAB.v3.2.4.jar//me.neznamy.tab.platforms.bukkit.BukkitPlatform.lambda$registerUnknownPlaceholder$2(BukkitPlatform.java:179)
11.03.2023 - 19:05:00 - 	at TAB.v3.2.4.jar//me.neznamy.tab.shared.placeholders.PlayerPlaceholderImpl.request(PlayerPlaceholderImpl.java:130)
11.03.2023 - 19:05:00 - 	at TAB.v3.2.4.jar//me.neznamy.tab.shared.placeholders.PlayerPlaceholderImpl.update(PlayerPlaceholderImpl.java:53)
11.03.2023 - 19:05:00 - 	at TAB.v3.2.4.jar//me.neznamy.tab.shared.features.PlaceholderManagerImpl.updatePlayerPlaceholder(PlaceholderManagerImpl.java:117)
11.03.2023 - 19:05:00 - 	at TAB.v3.2.4.jar//me.neznamy.tab.shared.features.PlaceholderManagerImpl.refresh(PlaceholderManagerImpl.java:68)
11.03.2023 - 19:05:00 - 	at TAB.v3.2.4.jar//me.neznamy.tab.shared.CpuManager.lambda$runMeasuredTask$8(CpuManager.java:354)
11.03.2023 - 19:05:00 - 	at TAB.v3.2.4.jar//me.neznamy.tab.shared.CpuManager.lambda$submit$1(CpuManager.java:111)
11.03.2023 - 19:05:00 - 	at java.base/java.util.concurrent.Executors$RunnableAdapter.call(Executors.java:539)
11.03.2023 - 19:05:00 - 	at java.base/java.util.concurrent.FutureTask.run(FutureTask.java:264)
11.03.2023 - 19:05:00 - 	at java.base/java.util.concurrent.ThreadPoolExecutor.runWorker(ThreadPoolExecutor.java:1136)
11.03.2023 - 19:05:00 - 	at java.base/java.util.concurrent.ThreadPoolExecutor$Worker.run(ThreadPoolExecutor.java:635)
11.03.2023 - 19:05:00 - 	at java.base/java.lang.Thread.run(Thread.java:833)
11.03.2023 - 19:05:00 - [TAB v3.2.4] Player placeholder %spbuild_getstagestring% generated an error when setting for player Dalynkaa
11.03.2023 - 19:05:00 - java.lang.IllegalStateException: zip file closed
11.03.2023 - 19:05:00 - 	at java.base/java.util.zip.ZipFile.ensureOpen(ZipFile.java:831)
11.03.2023 - 19:05:00 - 	at java.base/java.util.zip.ZipFile.getEntry(ZipFile.java:330)
11.03.2023 - 19:05:00 - 	at java.base/java.util.jar.JarFile.getEntry(JarFile.java:518)
11.03.2023 - 19:05:00 - 	at java.base/java.util.jar.JarFile.getJarEntry(JarFile.java:473)
11.03.2023 - 19:05:00 - 	at org.bukkit.plugin.java.PluginClassLoader.findClass(PluginClassLoader.java:189)
11.03.2023 - 19:05:00 - 	at java.base/java.lang.ClassLoader.loadClass(ClassLoader.java:587)
11.03.2023 - 19:05:00 - 	at org.bukkit.plugin.java.PluginClassLoader.loadClass0(PluginClassLoader.java:129)
11.03.2023 - 19:05:00 - 	at org.bukkit.plugin.java.PluginClassLoader.loadClass(PluginClassLoader.java:124)
11.03.2023 - 19:05:00 - 	at java.base/java.lang.ClassLoader.loadClass(ClassLoader.java:520)
11.03.2023 - 19:05:00 - 	at spworlds-1.0-SNAPSHOT.jar//com.spworlds.utils.PlaceholderApis.onRequest(PlaceholderApis.java:33)
11.03.2023 - 19:05:00 - 	at PlaceholderAPI-2.11.2.jar//me.clip.placeholderapi.replacer.CharsReplacer.apply(CharsReplacer.java:119)
11.03.2023 - 19:05:00 - 	at PlaceholderAPI-2.11.2.jar//me.clip.placeholderapi.PlaceholderAPI.setPlaceholders(PlaceholderAPI.java:71)
11.03.2023 - 19:05:00 - 	at PlaceholderAPI-2.11.2.jar//me.clip.placeholderapi.PlaceholderAPI.setPlaceholders(PlaceholderAPI.java:99)
11.03.2023 - 19:05:00 - 	at TAB.v3.2.4.jar//me.neznamy.tab.platforms.bukkit.BukkitPlatform.lambda$registerUnknownPlaceholder$2(BukkitPlatform.java:179)
11.03.2023 - 19:05:00 - 	at TAB.v3.2.4.jar//me.neznamy.tab.shared.placeholders.PlayerPlaceholderImpl.request(PlayerPlaceholderImpl.java:130)
11.03.2023 - 19:05:00 - 	at TAB.v3.2.4.jar//me.neznamy.tab.shared.placeholders.PlayerPlaceholderImpl.update(PlayerPlaceholderImpl.java:53)
11.03.2023 - 19:05:00 - 	at TAB.v3.2.4.jar//me.neznamy.tab.shared.features.PlaceholderManagerImpl.updatePlayerPlaceholder(PlaceholderManagerImpl.java:117)
11.03.2023 - 19:05:00 - 	at TAB.v3.2.4.jar//me.neznamy.tab.shared.features.PlaceholderManagerImpl.refresh(PlaceholderManagerImpl.java:68)
11.03.2023 - 19:05:00 - 	at TAB.v3.2.4.jar//me.neznamy.tab.shared.CpuManager.lambda$runMeasuredTask$8(CpuManager.java:354)
11.03.2023 - 19:05:00 - 	at TAB.v3.2.4.jar//me.neznamy.tab.shared.CpuManager.lambda$submit$1(CpuManager.java:111)
11.03.2023 - 19:05:00 - 	at java.base/java.util.concurrent.Executors$RunnableAdapter.call(Executors.java:539)
11.03.2023 - 19:05:00 - 	at java.base/java.util.concurrent.FutureTask.run(FutureTask.java:264)
11.03.2023 - 19:05:00 - 	at java.base/java.util.concurrent.ThreadPoolExecutor.runWorker(ThreadPoolExecutor.java:1136)
11.03.2023 - 19:05:00 - 	at java.base/java.util.concurrent.ThreadPoolExecutor$Worker.run(ThreadPoolExecutor.java:635)
11.03.2023 - 19:05:00 - 	at java.base/java.lang.Thread.run(Thread.java:833)
11.03.2023 - 19:05:01 - [TAB v3.2.4] Player placeholder %spbuild_getstagestring% generated an error when setting for player Dalynkaa
11.03.2023 - 19:05:01 - java.lang.IllegalStateException: zip file closed
11.03.2023 - 19:05:01 - 	at java.base/java.util.zip.ZipFile.ensureOpen(ZipFile.java:831)
11.03.2023 - 19:05:01 - 	at java.base/java.util.zip.ZipFile.getEntry(ZipFile.java:330)
11.03.2023 - 19:05:01 - 	at java.base/java.util.jar.JarFile.getEntry(JarFile.java:518)
11.03.2023 - 19:05:01 - 	at java.base/java.util.jar.JarFile.getJarEntry(JarFile.java:473)
11.03.2023 - 19:05:01 - 	at org.bukkit.plugin.java.PluginClassLoader.findClass(PluginClassLoader.java:189)
11.03.2023 - 19:05:01 - 	at java.base/java.lang.ClassLoader.loadClass(ClassLoader.java:587)
11.03.2023 - 19:05:01 - 	at org.bukkit.plugin.java.PluginClassLoader.loadClass0(PluginClassLoader.java:129)
11.03.2023 - 19:05:01 - 	at org.bukkit.plugin.java.PluginClassLoader.loadClass(PluginClassLoader.java:124)
11.03.2023 - 19:05:01 - 	at java.base/java.lang.ClassLoader.loadClass(ClassLoader.java:520)
11.03.2023 - 19:05:01 - 	at spworlds-1.0-SNAPSHOT.jar//com.spworlds.utils.PlaceholderApis.onRequest(PlaceholderApis.java:33)
11.03.2023 - 19:05:01 - 	at PlaceholderAPI-2.11.2.jar//me.clip.placeholderapi.replacer.CharsReplacer.apply(CharsReplacer.java:119)
11.03.2023 - 19:05:01 - 	at PlaceholderAPI-2.11.2.jar//me.clip.placeholderapi.PlaceholderAPI.setPlaceholders(PlaceholderAPI.java:71)
11.03.2023 - 19:05:01 - 	at PlaceholderAPI-2.11.2.jar//me.clip.placeholderapi.PlaceholderAPI.setPlaceholders(PlaceholderAPI.java:99)
11.03.2023 - 19:05:01 - 	at TAB.v3.2.4.jar//me.neznamy.tab.platforms.bukkit.BukkitPlatform.lambda$registerUnknownPlaceholder$2(BukkitPlatform.java:179)
11.03.2023 - 19:05:01 - 	at TAB.v3.2.4.jar//me.neznamy.tab.shared.placeholders.PlayerPlaceholderImpl.request(PlayerPlaceholderImpl.java:130)
11.03.2023 - 19:05:01 - 	at TAB.v3.2.4.jar//me.neznamy.tab.shared.placeholders.PlayerPlaceholderImpl.update(PlayerPlaceholderImpl.java:53)
11.03.2023 - 19:05:01 - 	at TAB.v3.2.4.jar//me.neznamy.tab.shared.features.PlaceholderManagerImpl.updatePlayerPlaceholder(PlaceholderManagerImpl.java:117)
11.03.2023 - 19:05:01 - 	at TAB.v3.2.4.jar//me.neznamy.tab.shared.features.PlaceholderManagerImpl.refresh(PlaceholderManagerImpl.java:68)
11.03.2023 - 19:05:01 - 	at TAB.v3.2.4.jar//me.neznamy.tab.shared.CpuManager.lambda$runMeasuredTask$8(CpuManager.java:354)
11.03.2023 - 19:05:01 - 	at TAB.v3.2.4.jar//me.neznamy.tab.shared.CpuManager.lambda$submit$1(CpuManager.java:111)
11.03.2023 - 19:05:01 - 	at java.base/java.util.concurrent.Executors$RunnableAdapter.call(Executors.java:539)
11.03.2023 - 19:05:01 - 	at java.base/java.util.concurrent.FutureTask.run(FutureTask.java:264)
11.03.2023 - 19:05:01 - 	at java.base/java.util.concurrent.ThreadPoolExecutor.runWorker(ThreadPoolExecutor.java:1136)
11.03.2023 - 19:05:01 - 	at java.base/java.util.concurrent.ThreadPoolExecutor$Worker.run(ThreadPoolExecutor.java:635)
11.03.2023 - 19:05:01 - 	at java.base/java.lang.Thread.run(Thread.java:833)
11.03.2023 - 19:05:01 - [TAB v3.2.4] Player placeholder %spbuild_getstagestring% generated an error when setting for player Dalynkaa
11.03.2023 - 19:05:01 - java.lang.IllegalStateException: zip file closed
11.03.2023 - 19:05:01 - 	at java.base/java.util.zip.ZipFile.ensureOpen(ZipFile.java:831)
11.03.2023 - 19:05:01 - 	at java.base/java.util.zip.ZipFile.getEntry(ZipFile.java:330)
11.03.2023 - 19:05:01 - 	at java.base/java.util.jar.JarFile.getEntry(JarFile.java:518)
11.03.2023 - 19:05:01 - 	at java.base/java.util.jar.JarFile.getJarEntry(JarFile.java:473)
11.03.2023 - 19:05:01 - 	at org.bukkit.plugin.java.PluginClassLoader.findClass(PluginClassLoader.java:189)
11.03.2023 - 19:05:01 - 	at java.base/java.lang.ClassLoader.loadClass(ClassLoader.java:587)
11.03.2023 - 19:05:01 - 	at org.bukkit.plugin.java.PluginClassLoader.loadClass0(PluginClassLoader.java:129)
11.03.2023 - 19:05:01 - 	at org.bukkit.plugin.java.PluginClassLoader.loadClass(PluginClassLoader.java:124)
11.03.2023 - 19:05:01 - 	at java.base/java.lang.ClassLoader.loadClass(ClassLoader.java:520)
11.03.2023 - 19:05:01 - 	at spworlds-1.0-SNAPSHOT.jar//com.spworlds.utils.PlaceholderApis.onRequest(PlaceholderApis.java:33)
11.03.2023 - 19:05:01 - 	at PlaceholderAPI-2.11.2.jar//me.clip.placeholderapi.replacer.CharsReplacer.apply(CharsReplacer.java:119)
11.03.2023 - 19:05:01 - 	at PlaceholderAPI-2.11.2.jar//me.clip.placeholderapi.PlaceholderAPI.setPlaceholders(PlaceholderAPI.java:71)
11.03.2023 - 19:05:01 - 	at PlaceholderAPI-2.11.2.jar//me.clip.placeholderapi.PlaceholderAPI.setPlaceholders(PlaceholderAPI.java:99)
11.03.2023 - 19:05:01 - 	at TAB.v3.2.4.jar//me.neznamy.tab.platforms.bukkit.BukkitPlatform.lambda$registerUnknownPlaceholder$2(BukkitPlatform.java:179)
11.03.2023 - 19:05:01 - 	at TAB.v3.2.4.jar//me.neznamy.tab.shared.placeholders.PlayerPlaceholderImpl.request(PlayerPlaceholderImpl.java:130)
11.03.2023 - 19:05:01 - 	at TAB.v3.2.4.jar//me.neznamy.tab.shared.placeholders.PlayerPlaceholderImpl.update(PlayerPlaceholderImpl.java:53)
11.03.2023 - 19:05:01 - 	at TAB.v3.2.4.jar//me.neznamy.tab.shared.features.PlaceholderManagerImpl.updatePlayerPlaceholder(PlaceholderManagerImpl.java:117)
11.03.2023 - 19:05:01 - 	at TAB.v3.2.4.jar//me.neznamy.tab.shared.features.PlaceholderManagerImpl.refresh(PlaceholderManagerImpl.java:68)
11.03.2023 - 19:05:01 - 	at TAB.v3.2.4.jar//me.neznamy.tab.shared.CpuManager.lambda$runMeasuredTask$8(CpuManager.java:354)
11.03.2023 - 19:05:01 - 	at TAB.v3.2.4.jar//me.neznamy.tab.shared.CpuManager.lambda$submit$1(CpuManager.java:111)
11.03.2023 - 19:05:01 - 	at java.base/java.util.concurrent.Executors$RunnableAdapter.call(Executors.java:539)
11.03.2023 - 19:05:01 - 	at java.base/java.util.concurrent.FutureTask.run(FutureTask.java:264)
11.03.2023 - 19:05:01 - 	at java.base/java.util.concurrent.ThreadPoolExecutor.runWorker(ThreadPoolExecutor.java:1136)
11.03.2023 - 19:05:01 - 	at java.base/java.util.concurrent.ThreadPoolExecutor$Worker.run(ThreadPoolExecutor.java:635)
11.03.2023 - 19:05:01 - 	at java.base/java.lang.Thread.run(Thread.java:833)
11.03.2023 - 19:05:02 - [TAB v3.2.4] Player placeholder %spbuild_getstagestring% generated an error when setting for player Dalynkaa
11.03.2023 - 19:05:02 - java.lang.IllegalStateException: zip file closed
11.03.2023 - 19:05:02 - 	at java.base/java.util.zip.ZipFile.ensureOpen(ZipFile.java:831)
11.03.2023 - 19:05:02 - 	at java.base/java.util.zip.ZipFile.getEntry(ZipFile.java:330)
11.03.2023 - 19:05:02 - 	at java.base/java.util.jar.JarFile.getEntry(JarFile.java:518)
11.03.2023 - 19:05:02 - 	at java.base/java.util.jar.JarFile.getJarEntry(JarFile.java:473)
11.03.2023 - 19:05:02 - 	at org.bukkit.plugin.java.PluginClassLoader.findClass(PluginClassLoader.java:189)
11.03.2023 - 19:05:02 - 	at java.base/java.lang.ClassLoader.loadClass(ClassLoader.java:587)
11.03.2023 - 19:05:02 - 	at org.bukkit.plugin.java.PluginClassLoader.loadClass0(PluginClassLoader.java:129)
11.03.2023 - 19:05:02 - 	at org.bukkit.plugin.java.PluginClassLoader.loadClass(PluginClassLoader.java:124)
11.03.2023 - 19:05:02 - 	at java.base/java.lang.ClassLoader.loadClass(ClassLoader.java:520)
11.03.2023 - 19:05:02 - 	at spworlds-1.0-SNAPSHOT.jar//com.spworlds.utils.PlaceholderApis.onRequest(PlaceholderApis.java:33)
11.03.2023 - 19:05:02 - 	at PlaceholderAPI-2.11.2.jar//me.clip.placeholderapi.replacer.CharsReplacer.apply(CharsReplacer.java:119)
11.03.2023 - 19:05:02 - 	at PlaceholderAPI-2.11.2.jar//me.clip.placeholderapi.PlaceholderAPI.setPlaceholders(PlaceholderAPI.java:71)
11.03.2023 - 19:05:02 - 	at PlaceholderAPI-2.11.2.jar//me.clip.placeholderapi.PlaceholderAPI.setPlaceholders(PlaceholderAPI.java:99)
11.03.2023 - 19:05:02 - 	at TAB.v3.2.4.jar//me.neznamy.tab.platforms.bukkit.BukkitPlatform.lambda$registerUnknownPlaceholder$2(BukkitPlatform.java:179)
11.03.2023 - 19:05:02 - 	at TAB.v3.2.4.jar//me.neznamy.tab.shared.placeholders.PlayerPlaceholderImpl.request(PlayerPlaceholderImpl.java:130)
11.03.2023 - 19:05:02 - 	at TAB.v3.2.4.jar//me.neznamy.tab.shared.placeholders.PlayerPlaceholderImpl.update(PlayerPlaceholderImpl.java:53)
11.03.2023 - 19:05:02 - 	at TAB.v3.2.4.jar//me.neznamy.tab.shared.features.PlaceholderManagerImpl.updatePlayerPlaceholder(PlaceholderManagerImpl.java:117)
11.03.2023 - 19:05:02 - 	at TAB.v3.2.4.jar//me.neznamy.tab.shared.features.PlaceholderManagerImpl.refresh(PlaceholderManagerImpl.java:68)
11.03.2023 - 19:05:02 - 	at TAB.v3.2.4.jar//me.neznamy.tab.shared.CpuManager.lambda$runMeasuredTask$8(CpuManager.java:354)
11.03.2023 - 19:05:02 - 	at TAB.v3.2.4.jar//me.neznamy.tab.shared.CpuManager.lambda$submit$1(CpuManager.java:111)
11.03.2023 - 19:05:02 - 	at java.base/java.util.concurrent.Executors$RunnableAdapter.call(Executors.java:539)
11.03.2023 - 19:05:02 - 	at java.base/java.util.concurrent.FutureTask.run(FutureTask.java:264)
11.03.2023 - 19:05:02 - 	at java.base/java.util.concurrent.ThreadPoolExecutor.runWorker(ThreadPoolExecutor.java:1136)
11.03.2023 - 19:05:02 - 	at java.base/java.util.concurrent.ThreadPoolExecutor$Worker.run(ThreadPoolExecutor.java:635)
11.03.2023 - 19:05:02 - 	at java.base/java.lang.Thread.run(Thread.java:833)
11.03.2023 - 19:05:02 - [TAB v3.2.4] Player placeholder %spbuild_getstagestring% generated an error when setting for player Dalynkaa
11.03.2023 - 19:05:02 - java.lang.IllegalStateException: zip file closed
11.03.2023 - 19:05:02 - 	at java.base/java.util.zip.ZipFile.ensureOpen(ZipFile.java:831)
11.03.2023 - 19:05:02 - 	at java.base/java.util.zip.ZipFile.getEntry(ZipFile.java:330)
11.03.2023 - 19:05:02 - 	at java.base/java.util.jar.JarFile.getEntry(JarFile.java:518)
11.03.2023 - 19:05:02 - 	at java.base/java.util.jar.JarFile.getJarEntry(JarFile.java:473)
11.03.2023 - 19:05:02 - 	at org.bukkit.plugin.java.PluginClassLoader.findClass(PluginClassLoader.java:189)
11.03.2023 - 19:05:02 - 	at java.base/java.lang.ClassLoader.loadClass(ClassLoader.java:587)
11.03.2023 - 19:05:02 - 	at org.bukkit.plugin.java.PluginClassLoader.loadClass0(PluginClassLoader.java:129)
11.03.2023 - 19:05:02 - 	at org.bukkit.plugin.java.PluginClassLoader.loadClass(PluginClassLoader.java:124)
11.03.2023 - 19:05:02 - 	at java.base/java.lang.ClassLoader.loadClass(ClassLoader.java:520)
11.03.2023 - 19:05:02 - 	at spworlds-1.0-SNAPSHOT.jar//com.spworlds.utils.PlaceholderApis.onRequest(PlaceholderApis.java:33)
11.03.2023 - 19:05:02 - 	at PlaceholderAPI-2.11.2.jar//me.clip.placeholderapi.replacer.CharsReplacer.apply(CharsReplacer.java:119)
11.03.2023 - 19:05:02 - 	at PlaceholderAPI-2.11.2.jar//me.clip.placeholderapi.PlaceholderAPI.setPlaceholders(PlaceholderAPI.java:71)
11.03.2023 - 19:05:02 - 	at PlaceholderAPI-2.11.2.jar//me.clip.placeholderapi.PlaceholderAPI.setPlaceholders(PlaceholderAPI.java:99)
11.03.2023 - 19:05:02 - 	at TAB.v3.2.4.jar//me.neznamy.tab.platforms.bukkit.BukkitPlatform.lambda$registerUnknownPlaceholder$2(BukkitPlatform.java:179)
11.03.2023 - 19:05:02 - 	at TAB.v3.2.4.jar//me.neznamy.tab.shared.placeholders.PlayerPlaceholderImpl.request(PlayerPlaceholderImpl.java:130)
11.03.2023 - 19:05:02 - 	at TAB.v3.2.4.jar//me.neznamy.tab.shared.placeholders.PlayerPlaceholderImpl.update(PlayerPlaceholderImpl.java:53)
11.03.2023 - 19:05:02 - 	at TAB.v3.2.4.jar//me.neznamy.tab.shared.features.PlaceholderManagerImpl.updatePlayerPlaceholder(PlaceholderManagerImpl.java:117)
11.03.2023 - 19:05:02 - 	at TAB.v3.2.4.jar//me.neznamy.tab.shared.features.PlaceholderManagerImpl.refresh(PlaceholderManagerImpl.java:68)
11.03.2023 - 19:05:02 - 	at TAB.v3.2.4.jar//me.neznamy.tab.shared.CpuManager.lambda$runMeasuredTask$8(CpuManager.java:354)
11.03.2023 - 19:05:02 - 	at TAB.v3.2.4.jar//me.neznamy.tab.shared.CpuManager.lambda$submit$1(CpuManager.java:111)
11.03.2023 - 19:05:02 - 	at java.base/java.util.concurrent.Executors$RunnableAdapter.call(Executors.java:539)
11.03.2023 - 19:05:02 - 	at java.base/java.util.concurrent.FutureTask.run(FutureTask.java:264)
11.03.2023 - 19:05:02 - 	at java.base/java.util.concurrent.ThreadPoolExecutor.runWorker(ThreadPoolExecutor.java:1136)
11.03.2023 - 19:05:02 - 	at java.base/java.util.concurrent.ThreadPoolExecutor$Worker.run(ThreadPoolExecutor.java:635)
11.03.2023 - 19:05:02 - 	at java.base/java.lang.Thread.run(Thread.java:833)
11.03.2023 - 19:05:03 - [TAB v3.2.4] Player placeholder %spbuild_getstagestring% generated an error when setting for player Dalynkaa
11.03.2023 - 19:05:03 - java.lang.IllegalStateException: zip file closed
11.03.2023 - 19:05:03 - 	at java.base/java.util.zip.ZipFile.ensureOpen(ZipFile.java:831)
11.03.2023 - 19:05:03 - 	at java.base/java.util.zip.ZipFile.getEntry(ZipFile.java:330)
11.03.2023 - 19:05:03 - 	at java.base/java.util.jar.JarFile.getEntry(JarFile.java:518)
11.03.2023 - 19:05:03 - 	at java.base/java.util.jar.JarFile.getJarEntry(JarFile.java:473)
11.03.2023 - 19:05:03 - 	at org.bukkit.plugin.java.PluginClassLoader.findClass(PluginClassLoader.java:189)
11.03.2023 - 19:05:03 - 	at java.base/java.lang.ClassLoader.loadClass(ClassLoader.java:587)
11.03.2023 - 19:05:03 - 	at org.bukkit.plugin.java.PluginClassLoader.loadClass0(PluginClassLoader.java:129)
11.03.2023 - 19:05:03 - 	at org.bukkit.plugin.java.PluginClassLoader.loadClass(PluginClassLoader.java:124)
11.03.2023 - 19:05:03 - 	at java.base/java.lang.ClassLoader.loadClass(ClassLoader.java:520)
11.03.2023 - 19:05:03 - 	at spworlds-1.0-SNAPSHOT.jar//com.spworlds.utils.PlaceholderApis.onRequest(PlaceholderApis.java:33)
11.03.2023 - 19:05:03 - 	at PlaceholderAPI-2.11.2.jar//me.clip.placeholderapi.replacer.CharsReplacer.apply(CharsReplacer.java:119)
11.03.2023 - 19:05:03 - 	at PlaceholderAPI-2.11.2.jar//me.clip.placeholderapi.PlaceholderAPI.setPlaceholders(PlaceholderAPI.java:71)
11.03.2023 - 19:05:03 - 	at PlaceholderAPI-2.11.2.jar//me.clip.placeholderapi.PlaceholderAPI.setPlaceholders(PlaceholderAPI.java:99)
11.03.2023 - 19:05:03 - 	at TAB.v3.2.4.jar//me.neznamy.tab.platforms.bukkit.BukkitPlatform.lambda$registerUnknownPlaceholder$2(BukkitPlatform.java:179)
11.03.2023 - 19:05:03 - 	at TAB.v3.2.4.jar//me.neznamy.tab.shared.placeholders.PlayerPlaceholderImpl.request(PlayerPlaceholderImpl.java:130)
11.03.2023 - 19:05:03 - 	at TAB.v3.2.4.jar//me.neznamy.tab.shared.placeholders.PlayerPlaceholderImpl.update(PlayerPlaceholderImpl.java:53)
11.03.2023 - 19:05:03 - 	at TAB.v3.2.4.jar//me.neznamy.tab.shared.features.PlaceholderManagerImpl.updatePlayerPlaceholder(PlaceholderManagerImpl.java:117)
11.03.2023 - 19:05:03 - 	at TAB.v3.2.4.jar//me.neznamy.tab.shared.features.PlaceholderManagerImpl.refresh(PlaceholderManagerImpl.java:68)
11.03.2023 - 19:05:03 - 	at TAB.v3.2.4.jar//me.neznamy.tab.shared.CpuManager.lambda$runMeasuredTask$8(CpuManager.java:354)
11.03.2023 - 19:05:03 - 	at TAB.v3.2.4.jar//me.neznamy.tab.shared.CpuManager.lambda$submit$1(CpuManager.java:111)
11.03.2023 - 19:05:03 - 	at java.base/java.util.concurrent.Executors$RunnableAdapter.call(Executors.java:539)
11.03.2023 - 19:05:03 - 	at java.base/java.util.concurrent.FutureTask.run(FutureTask.java:264)
11.03.2023 - 19:05:03 - 	at java.base/java.util.concurrent.ThreadPoolExecutor.runWorker(ThreadPoolExecutor.java:1136)
11.03.2023 - 19:05:03 - 	at java.base/java.util.concurrent.ThreadPoolExecutor$Worker.run(ThreadPoolExecutor.java:635)
11.03.2023 - 19:05:03 - 	at java.base/java.lang.Thread.run(Thread.java:833)
11.03.2023 - 19:05:03 - [TAB v3.2.4] Player placeholder %spbuild_getstagestring% generated an error when setting for player Dalynkaa
11.03.2023 - 19:05:03 - java.lang.IllegalStateException: zip file closed
11.03.2023 - 19:05:03 - 	at java.base/java.util.zip.ZipFile.ensureOpen(ZipFile.java:831)
11.03.2023 - 19:05:03 - 	at java.base/java.util.zip.ZipFile.getEntry(ZipFile.java:330)
11.03.2023 - 19:05:03 - 	at java.base/java.util.jar.JarFile.getEntry(JarFile.java:518)
11.03.2023 - 19:05:03 - 	at java.base/java.util.jar.JarFile.getJarEntry(JarFile.java:473)
11.03.2023 - 19:05:03 - 	at org.bukkit.plugin.java.PluginClassLoader.findClass(PluginClassLoader.java:189)
11.03.2023 - 19:05:03 - 	at java.base/java.lang.ClassLoader.loadClass(ClassLoader.java:587)
11.03.2023 - 19:05:03 - 	at org.bukkit.plugin.java.PluginClassLoader.loadClass0(PluginClassLoader.java:129)
11.03.2023 - 19:05:03 - 	at org.bukkit.plugin.java.PluginClassLoader.loadClass(PluginClassLoader.java:124)
11.03.2023 - 19:05:03 - 	at java.base/java.lang.ClassLoader.loadClass(ClassLoader.java:520)
11.03.2023 - 19:05:03 - 	at spworlds-1.0-SNAPSHOT.jar//com.spworlds.utils.PlaceholderApis.onRequest(PlaceholderApis.java:33)
11.03.2023 - 19:05:03 - 	at PlaceholderAPI-2.11.2.jar//me.clip.placeholderapi.replacer.CharsReplacer.apply(CharsReplacer.java:119)
11.03.2023 - 19:05:03 - 	at PlaceholderAPI-2.11.2.jar//me.clip.placeholderapi.PlaceholderAPI.setPlaceholders(PlaceholderAPI.java:71)
11.03.2023 - 19:05:03 - 	at PlaceholderAPI-2.11.2.jar//me.clip.placeholderapi.PlaceholderAPI.setPlaceholders(PlaceholderAPI.java:99)
11.03.2023 - 19:05:03 - 	at TAB.v3.2.4.jar//me.neznamy.tab.platforms.bukkit.BukkitPlatform.lambda$registerUnknownPlaceholder$2(BukkitPlatform.java:179)
11.03.2023 - 19:05:03 - 	at TAB.v3.2.4.jar//me.neznamy.tab.shared.placeholders.PlayerPlaceholderImpl.request(PlayerPlaceholderImpl.java:130)
11.03.2023 - 19:05:03 - 	at TAB.v3.2.4.jar//me.neznamy.tab.shared.placeholders.PlayerPlaceholderImpl.update(PlayerPlaceholderImpl.java:53)
11.03.2023 - 19:05:03 - 	at TAB.v3.2.4.jar//me.neznamy.tab.shared.features.PlaceholderManagerImpl.updatePlayerPlaceholder(PlaceholderManagerImpl.java:117)
11.03.2023 - 19:05:03 - 	at TAB.v3.2.4.jar//me.neznamy.tab.shared.features.PlaceholderManagerImpl.refresh(PlaceholderManagerImpl.java:68)
11.03.2023 - 19:05:03 - 	at TAB.v3.2.4.jar//me.neznamy.tab.shared.CpuManager.lambda$runMeasuredTask$8(CpuManager.java:354)
11.03.2023 - 19:05:03 - 	at TAB.v3.2.4.jar//me.neznamy.tab.shared.CpuManager.lambda$submit$1(CpuManager.java:111)
11.03.2023 - 19:05:03 - 	at java.base/java.util.concurrent.Executors$RunnableAdapter.call(Executors.java:539)
11.03.2023 - 19:05:03 - 	at java.base/java.util.concurrent.FutureTask.run(FutureTask.java:264)
11.03.2023 - 19:05:03 - 	at java.base/java.util.concurrent.ThreadPoolExecutor.runWorker(ThreadPoolExecutor.java:1136)
11.03.2023 - 19:05:03 - 	at java.base/java.util.concurrent.ThreadPoolExecutor$Worker.run(ThreadPoolExecutor.java:635)
11.03.2023 - 19:05:03 - 	at java.base/java.lang.Thread.run(Thread.java:833)
11.03.2023 - 19:05:04 - [TAB v3.2.4] Player placeholder %spbuild_getstagestring% generated an error when setting for player Dalynkaa
11.03.2023 - 19:05:04 - java.lang.IllegalStateException: zip file closed
11.03.2023 - 19:05:04 - 	at java.base/java.util.zip.ZipFile.ensureOpen(ZipFile.java:831)
11.03.2023 - 19:05:04 - 	at java.base/java.util.zip.ZipFile.getEntry(ZipFile.java:330)
11.03.2023 - 19:05:04 - 	at java.base/java.util.jar.JarFile.getEntry(JarFile.java:518)
11.03.2023 - 19:05:04 - 	at java.base/java.util.jar.JarFile.getJarEntry(JarFile.java:473)
11.03.2023 - 19:05:04 - 	at org.bukkit.plugin.java.PluginClassLoader.findClass(PluginClassLoader.java:189)
11.03.2023 - 19:05:04 - 	at java.base/java.lang.ClassLoader.loadClass(ClassLoader.java:587)
11.03.2023 - 19:05:04 - 	at org.bukkit.plugin.java.PluginClassLoader.loadClass0(PluginClassLoader.java:129)
11.03.2023 - 19:05:04 - 	at org.bukkit.plugin.java.PluginClassLoader.loadClass(PluginClassLoader.java:124)
11.03.2023 - 19:05:04 - 	at java.base/java.lang.ClassLoader.loadClass(ClassLoader.java:520)
11.03.2023 - 19:05:04 - 	at spworlds-1.0-SNAPSHOT.jar//com.spworlds.utils.PlaceholderApis.onRequest(PlaceholderApis.java:33)
11.03.2023 - 19:05:04 - 	at PlaceholderAPI-2.11.2.jar//me.clip.placeholderapi.replacer.CharsReplacer.apply(CharsReplacer.java:119)
11.03.2023 - 19:05:04 - 	at PlaceholderAPI-2.11.2.jar//me.clip.placeholderapi.PlaceholderAPI.setPlaceholders(PlaceholderAPI.java:71)
11.03.2023 - 19:05:04 - 	at PlaceholderAPI-2.11.2.jar//me.clip.placeholderapi.PlaceholderAPI.setPlaceholders(PlaceholderAPI.java:99)
11.03.2023 - 19:05:04 - 	at TAB.v3.2.4.jar//me.neznamy.tab.platforms.bukkit.BukkitPlatform.lambda$registerUnknownPlaceholder$2(BukkitPlatform.java:179)
11.03.2023 - 19:05:04 - 	at TAB.v3.2.4.jar//me.neznamy.tab.shared.placeholders.PlayerPlaceholderImpl.request(PlayerPlaceholderImpl.java:130)
11.03.2023 - 19:05:04 - 	at TAB.v3.2.4.jar//me.neznamy.tab.shared.placeholders.PlayerPlaceholderImpl.update(PlayerPlaceholderImpl.java:53)
11.03.2023 - 19:05:04 - 	at TAB.v3.2.4.jar//me.neznamy.tab.shared.features.PlaceholderManagerImpl.updatePlayerPlaceholder(PlaceholderManagerImpl.java:117)
11.03.2023 - 19:05:04 - 	at TAB.v3.2.4.jar//me.neznamy.tab.shared.features.PlaceholderManagerImpl.refresh(PlaceholderManagerImpl.java:68)
11.03.2023 - 19:05:04 - 	at TAB.v3.2.4.jar//me.neznamy.tab.shared.CpuManager.lambda$runMeasuredTask$8(CpuManager.java:354)
11.03.2023 - 19:05:04 - 	at TAB.v3.2.4.jar//me.neznamy.tab.shared.CpuManager.lambda$submit$1(CpuManager.java:111)
11.03.2023 - 19:05:04 - 	at java.base/java.util.concurrent.Executors$RunnableAdapter.call(Executors.java:539)
11.03.2023 - 19:05:04 - 	at java.base/java.util.concurrent.FutureTask.run(FutureTask.java:264)
11.03.2023 - 19:05:04 - 	at java.base/java.util.concurrent.ThreadPoolExecutor.runWorker(ThreadPoolExecutor.java:1136)
11.03.2023 - 19:05:04 - 	at java.base/java.util.concurrent.ThreadPoolExecutor$Worker.run(ThreadPoolExecutor.java:635)
11.03.2023 - 19:05:04 - 	at java.base/java.lang.Thread.run(Thread.java:833)
11.03.2023 - 19:05:04 - [TAB v3.2.4] Player placeholder %spbuild_getstagestring% generated an error when setting for player Dalynkaa
11.03.2023 - 19:05:04 - java.lang.IllegalStateException: zip file closed
11.03.2023 - 19:05:04 - 	at java.base/java.util.zip.ZipFile.ensureOpen(ZipFile.java:831)
11.03.2023 - 19:05:04 - 	at java.base/java.util.zip.ZipFile.getEntry(ZipFile.java:330)
11.03.2023 - 19:05:04 - 	at java.base/java.util.jar.JarFile.getEntry(JarFile.java:518)
11.03.2023 - 19:05:04 - 	at java.base/java.util.jar.JarFile.getJarEntry(JarFile.java:473)
11.03.2023 - 19:05:04 - 	at org.bukkit.plugin.java.PluginClassLoader.findClass(PluginClassLoader.java:189)
11.03.2023 - 19:05:04 - 	at java.base/java.lang.ClassLoader.loadClass(ClassLoader.java:587)
11.03.2023 - 19:05:04 - 	at org.bukkit.plugin.java.PluginClassLoader.loadClass0(PluginClassLoader.java:129)
11.03.2023 - 19:05:04 - 	at org.bukkit.plugin.java.PluginClassLoader.loadClass(PluginClassLoader.java:124)
11.03.2023 - 19:05:04 - 	at java.base/java.lang.ClassLoader.loadClass(ClassLoader.java:520)
11.03.2023 - 19:05:04 - 	at spworlds-1.0-SNAPSHOT.jar//com.spworlds.utils.PlaceholderApis.onRequest(PlaceholderApis.java:33)
11.03.2023 - 19:05:04 - 	at PlaceholderAPI-2.11.2.jar//me.clip.placeholderapi.replacer.CharsReplacer.apply(CharsReplacer.java:119)
11.03.2023 - 19:05:04 - 	at PlaceholderAPI-2.11.2.jar//me.clip.placeholderapi.PlaceholderAPI.setPlaceholders(PlaceholderAPI.java:71)
11.03.2023 - 19:05:04 - 	at PlaceholderAPI-2.11.2.jar//me.clip.placeholderapi.PlaceholderAPI.setPlaceholders(PlaceholderAPI.java:99)
11.03.2023 - 19:05:04 - 	at TAB.v3.2.4.jar//me.neznamy.tab.platforms.bukkit.BukkitPlatform.lambda$registerUnknownPlaceholder$2(BukkitPlatform.java:179)
11.03.2023 - 19:05:04 - 	at TAB.v3.2.4.jar//me.neznamy.tab.shared.placeholders.PlayerPlaceholderImpl.request(PlayerPlaceholderImpl.java:130)
11.03.2023 - 19:05:04 - 	at TAB.v3.2.4.jar//me.neznamy.tab.shared.placeholders.PlayerPlaceholderImpl.update(PlayerPlaceholderImpl.java:53)
11.03.2023 - 19:05:04 - 	at TAB.v3.2.4.jar//me.neznamy.tab.shared.features.PlaceholderManagerImpl.updatePlayerPlaceholder(PlaceholderManagerImpl.java:117)
11.03.2023 - 19:05:04 - 	at TAB.v3.2.4.jar//me.neznamy.tab.shared.features.PlaceholderManagerImpl.refresh(PlaceholderManagerImpl.java:68)
11.03.2023 - 19:05:04 - 	at TAB.v3.2.4.jar//me.neznamy.tab.shared.CpuManager.lambda$runMeasuredTask$8(CpuManager.java:354)
11.03.2023 - 19:05:04 - 	at TAB.v3.2.4.jar//me.neznamy.tab.shared.CpuManager.lambda$submit$1(CpuManager.java:111)
11.03.2023 - 19:05:04 - 	at java.base/java.util.concurrent.Executors$RunnableAdapter.call(Executors.java:539)
11.03.2023 - 19:05:04 - 	at java.base/java.util.concurrent.FutureTask.run(FutureTask.java:264)
11.03.2023 - 19:05:04 - 	at java.base/java.util.concurrent.ThreadPoolExecutor.runWorker(ThreadPoolExecutor.java:1136)
11.03.2023 - 19:05:04 - 	at java.base/java.util.concurrent.ThreadPoolExecutor$Worker.run(ThreadPoolExecutor.java:635)
11.03.2023 - 19:05:04 - 	at java.base/java.lang.Thread.run(Thread.java:833)
11.03.2023 - 19:05:05 - [TAB v3.2.4] Player placeholder %spbuild_getstagestring% generated an error when setting for player Dalynkaa
11.03.2023 - 19:05:05 - java.lang.IllegalStateException: zip file closed
11.03.2023 - 19:05:05 - 	at java.base/java.util.zip.ZipFile.ensureOpen(ZipFile.java:831)
11.03.2023 - 19:05:05 - 	at java.base/java.util.zip.ZipFile.getEntry(ZipFile.java:330)
11.03.2023 - 19:05:05 - 	at java.base/java.util.jar.JarFile.getEntry(JarFile.java:518)
11.03.2023 - 19:05:05 - 	at java.base/java.util.jar.JarFile.getJarEntry(JarFile.java:473)
11.03.2023 - 19:05:05 - 	at org.bukkit.plugin.java.PluginClassLoader.findClass(PluginClassLoader.java:189)
11.03.2023 - 19:05:05 - 	at java.base/java.lang.ClassLoader.loadClass(ClassLoader.java:587)
11.03.2023 - 19:05:05 - 	at org.bukkit.plugin.java.PluginClassLoader.loadClass0(PluginClassLoader.java:129)
11.03.2023 - 19:05:05 - 	at org.bukkit.plugin.java.PluginClassLoader.loadClass(PluginClassLoader.java:124)
11.03.2023 - 19:05:05 - 	at java.base/java.lang.ClassLoader.loadClass(ClassLoader.java:520)
11.03.2023 - 19:05:05 - 	at spworlds-1.0-SNAPSHOT.jar//com.spworlds.utils.PlaceholderApis.onRequest(PlaceholderApis.java:33)
11.03.2023 - 19:05:05 - 	at PlaceholderAPI-2.11.2.jar//me.clip.placeholderapi.replacer.CharsReplacer.apply(CharsReplacer.java:119)
11.03.2023 - 19:05:05 - 	at PlaceholderAPI-2.11.2.jar//me.clip.placeholderapi.PlaceholderAPI.setPlaceholders(PlaceholderAPI.java:71)
11.03.2023 - 19:05:05 - 	at PlaceholderAPI-2.11.2.jar//me.clip.placeholderapi.PlaceholderAPI.setPlaceholders(PlaceholderAPI.java:99)
11.03.2023 - 19:05:05 - 	at TAB.v3.2.4.jar//me.neznamy.tab.platforms.bukkit.BukkitPlatform.lambda$registerUnknownPlaceholder$2(BukkitPlatform.java:179)
11.03.2023 - 19:05:05 - 	at TAB.v3.2.4.jar//me.neznamy.tab.shared.placeholders.PlayerPlaceholderImpl.request(PlayerPlaceholderImpl.java:130)
11.03.2023 - 19:05:05 - 	at TAB.v3.2.4.jar//me.neznamy.tab.shared.placeholders.PlayerPlaceholderImpl.update(PlayerPlaceholderImpl.java:53)
11.03.2023 - 19:05:05 - 	at TAB.v3.2.4.jar//me.neznamy.tab.shared.features.PlaceholderManagerImpl.updatePlayerPlaceholder(PlaceholderManagerImpl.java:117)
11.03.2023 - 19:05:05 - 	at TAB.v3.2.4.jar//me.neznamy.tab.shared.features.PlaceholderManagerImpl.refresh(PlaceholderManagerImpl.java:68)
11.03.2023 - 19:05:05 - 	at TAB.v3.2.4.jar//me.neznamy.tab.shared.CpuManager.lambda$runMeasuredTask$8(CpuManager.java:354)
11.03.2023 - 19:05:05 - 	at TAB.v3.2.4.jar//me.neznamy.tab.shared.CpuManager.lambda$submit$1(CpuManager.java:111)
11.03.2023 - 19:05:05 - 	at java.base/java.util.concurrent.Executors$RunnableAdapter.call(Executors.java:539)
11.03.2023 - 19:05:05 - 	at java.base/java.util.concurrent.FutureTask.run(FutureTask.java:264)
11.03.2023 - 19:05:05 - 	at java.base/java.util.concurrent.ThreadPoolExecutor.runWorker(ThreadPoolExecutor.java:1136)
11.03.2023 - 19:05:05 - 	at java.base/java.util.concurrent.ThreadPoolExecutor$Worker.run(ThreadPoolExecutor.java:635)
11.03.2023 - 19:05:05 - 	at java.base/java.lang.Thread.run(Thread.java:833)
11.03.2023 - 19:05:05 - [TAB v3.2.4] Player placeholder %spbuild_getstagestring% generated an error when setting for player Dalynkaa
11.03.2023 - 19:05:05 - java.lang.IllegalStateException: zip file closed
11.03.2023 - 19:05:05 - 	at java.base/java.util.zip.ZipFile.ensureOpen(ZipFile.java:831)
11.03.2023 - 19:05:05 - 	at java.base/java.util.zip.ZipFile.getEntry(ZipFile.java:330)
11.03.2023 - 19:05:05 - 	at java.base/java.util.jar.JarFile.getEntry(JarFile.java:518)
11.03.2023 - 19:05:05 - 	at java.base/java.util.jar.JarFile.getJarEntry(JarFile.java:473)
11.03.2023 - 19:05:05 - 	at org.bukkit.plugin.java.PluginClassLoader.findClass(PluginClassLoader.java:189)
11.03.2023 - 19:05:05 - 	at java.base/java.lang.ClassLoader.loadClass(ClassLoader.java:587)
11.03.2023 - 19:05:05 - 	at org.bukkit.plugin.java.PluginClassLoader.loadClass0(PluginClassLoader.java:129)
11.03.2023 - 19:05:05 - 	at org.bukkit.plugin.java.PluginClassLoader.loadClass(PluginClassLoader.java:124)
11.03.2023 - 19:05:05 - 	at java.base/java.lang.ClassLoader.loadClass(ClassLoader.java:520)
11.03.2023 - 19:05:05 - 	at spworlds-1.0-SNAPSHOT.jar//com.spworlds.utils.PlaceholderApis.onRequest(PlaceholderApis.java:33)
11.03.2023 - 19:05:05 - 	at PlaceholderAPI-2.11.2.jar//me.clip.placeholderapi.replacer.CharsReplacer.apply(CharsReplacer.java:119)
11.03.2023 - 19:05:05 - 	at PlaceholderAPI-2.11.2.jar//me.clip.placeholderapi.PlaceholderAPI.setPlaceholders(PlaceholderAPI.java:71)
11.03.2023 - 19:05:05 - 	at PlaceholderAPI-2.11.2.jar//me.clip.placeholderapi.PlaceholderAPI.setPlaceholders(PlaceholderAPI.java:99)
11.03.2023 - 19:05:05 - 	at TAB.v3.2.4.jar//me.neznamy.tab.platforms.bukkit.BukkitPlatform.lambda$registerUnknownPlaceholder$2(BukkitPlatform.java:179)
11.03.2023 - 19:05:05 - 	at TAB.v3.2.4.jar//me.neznamy.tab.shared.placeholders.PlayerPlaceholderImpl.request(PlayerPlaceholderImpl.java:130)
11.03.2023 - 19:05:05 - 	at TAB.v3.2.4.jar//me.neznamy.tab.shared.placeholders.PlayerPlaceholderImpl.update(PlayerPlaceholderImpl.java:53)
11.03.2023 - 19:05:05 - 	at TAB.v3.2.4.jar//me.neznamy.tab.shared.features.PlaceholderManagerImpl.updatePlayerPlaceholder(PlaceholderManagerImpl.java:117)
11.03.2023 - 19:05:05 - 	at TAB.v3.2.4.jar//me.neznamy.tab.shared.features.PlaceholderManagerImpl.refresh(PlaceholderManagerImpl.java:68)
11.03.2023 - 19:05:05 - 	at TAB.v3.2.4.jar//me.neznamy.tab.shared.CpuManager.lambda$runMeasuredTask$8(CpuManager.java:354)
11.03.2023 - 19:05:05 - 	at TAB.v3.2.4.jar//me.neznamy.tab.shared.CpuManager.lambda$submit$1(CpuManager.java:111)
11.03.2023 - 19:05:05 - 	at java.base/java.util.concurrent.Executors$RunnableAdapter.call(Executors.java:539)
11.03.2023 - 19:05:05 - 	at java.base/java.util.concurrent.FutureTask.run(FutureTask.java:264)
11.03.2023 - 19:05:05 - 	at java.base/java.util.concurrent.ThreadPoolExecutor.runWorker(ThreadPoolExecutor.java:1136)
11.03.2023 - 19:05:05 - 	at java.base/java.util.concurrent.ThreadPoolExecutor$Worker.run(ThreadPoolExecutor.java:635)
11.03.2023 - 19:05:05 - 	at java.base/java.lang.Thread.run(Thread.java:833)
11.03.2023 - 19:05:06 - [TAB v3.2.4] Player placeholder %spbuild_getstagestring% generated an error when setting for player Dalynkaa
11.03.2023 - 19:05:06 - java.lang.IllegalStateException: zip file closed
11.03.2023 - 19:05:06 - 	at java.base/java.util.zip.ZipFile.ensureOpen(ZipFile.java:831)
11.03.2023 - 19:05:06 - 	at java.base/java.util.zip.ZipFile.getEntry(ZipFile.java:330)
11.03.2023 - 19:05:06 - 	at java.base/java.util.jar.JarFile.getEntry(JarFile.java:518)
11.03.2023 - 19:05:06 - 	at java.base/java.util.jar.JarFile.getJarEntry(JarFile.java:473)
11.03.2023 - 19:05:06 - 	at org.bukkit.plugin.java.PluginClassLoader.findClass(PluginClassLoader.java:189)
11.03.2023 - 19:05:06 - 	at java.base/java.lang.ClassLoader.loadClass(ClassLoader.java:587)
11.03.2023 - 19:05:06 - 	at org.bukkit.plugin.java.PluginClassLoader.loadClass0(PluginClassLoader.java:129)
11.03.2023 - 19:05:06 - 	at org.bukkit.plugin.java.PluginClassLoader.loadClass(PluginClassLoader.java:124)
11.03.2023 - 19:05:06 - 	at java.base/java.lang.ClassLoader.loadClass(ClassLoader.java:520)
11.03.2023 - 19:05:06 - 	at spworlds-1.0-SNAPSHOT.jar//com.spworlds.utils.PlaceholderApis.onRequest(PlaceholderApis.java:33)
11.03.2023 - 19:05:06 - 	at PlaceholderAPI-2.11.2.jar//me.clip.placeholderapi.replacer.CharsReplacer.apply(CharsReplacer.java:119)
11.03.2023 - 19:05:06 - 	at PlaceholderAPI-2.11.2.jar//me.clip.placeholderapi.PlaceholderAPI.setPlaceholders(PlaceholderAPI.java:71)
11.03.2023 - 19:05:06 - 	at PlaceholderAPI-2.11.2.jar//me.clip.placeholderapi.PlaceholderAPI.setPlaceholders(PlaceholderAPI.java:99)
11.03.2023 - 19:05:06 - 	at TAB.v3.2.4.jar//me.neznamy.tab.platforms.bukkit.BukkitPlatform.lambda$registerUnknownPlaceholder$2(BukkitPlatform.java:179)
11.03.2023 - 19:05:06 - 	at TAB.v3.2.4.jar//me.neznamy.tab.shared.placeholders.PlayerPlaceholderImpl.request(PlayerPlaceholderImpl.java:130)
11.03.2023 - 19:05:06 - 	at TAB.v3.2.4.jar//me.neznamy.tab.shared.placeholders.PlayerPlaceholderImpl.update(PlayerPlaceholderImpl.java:53)
11.03.2023 - 19:05:06 - 	at TAB.v3.2.4.jar//me.neznamy.tab.shared.features.PlaceholderManagerImpl.updatePlayerPlaceholder(PlaceholderManagerImpl.java:117)
11.03.2023 - 19:05:06 - 	at TAB.v3.2.4.jar//me.neznamy.tab.shared.features.PlaceholderManagerImpl.refresh(PlaceholderManagerImpl.java:68)
11.03.2023 - 19:05:06 - 	at TAB.v3.2.4.jar//me.neznamy.tab.shared.CpuManager.lambda$runMeasuredTask$8(CpuManager.java:354)
11.03.2023 - 19:05:06 - 	at TAB.v3.2.4.jar//me.neznamy.tab.shared.CpuManager.lambda$submit$1(CpuManager.java:111)
11.03.2023 - 19:05:06 - 	at java.base/java.util.concurrent.Executors$RunnableAdapter.call(Executors.java:539)
11.03.2023 - 19:05:06 - 	at java.base/java.util.concurrent.FutureTask.run(FutureTask.java:264)
11.03.2023 - 19:05:06 - 	at java.base/java.util.concurrent.ThreadPoolExecutor.runWorker(ThreadPoolExecutor.java:1136)
11.03.2023 - 19:05:06 - 	at java.base/java.util.concurrent.ThreadPoolExecutor$Worker.run(ThreadPoolExecutor.java:635)
11.03.2023 - 19:05:06 - 	at java.base/java.lang.Thread.run(Thread.java:833)
11.03.2023 - 19:05:06 - [TAB v3.2.4] Player placeholder %spbuild_getstagestring% generated an error when setting for player Dalynkaa
11.03.2023 - 19:05:06 - java.lang.IllegalStateException: zip file closed
11.03.2023 - 19:05:06 - 	at java.base/java.util.zip.ZipFile.ensureOpen(ZipFile.java:831)
11.03.2023 - 19:05:06 - 	at java.base/java.util.zip.ZipFile.getEntry(ZipFile.java:330)
11.03.2023 - 19:05:06 - 	at java.base/java.util.jar.JarFile.getEntry(JarFile.java:518)
11.03.2023 - 19:05:06 - 	at java.base/java.util.jar.JarFile.getJarEntry(JarFile.java:473)
11.03.2023 - 19:05:06 - 	at org.bukkit.plugin.java.PluginClassLoader.findClass(PluginClassLoader.java:189)
11.03.2023 - 19:05:06 - 	at java.base/java.lang.ClassLoader.loadClass(ClassLoader.java:587)
11.03.2023 - 19:05:06 - 	at org.bukkit.plugin.java.PluginClassLoader.loadClass0(PluginClassLoader.java:129)
11.03.2023 - 19:05:06 - 	at org.bukkit.plugin.java.PluginClassLoader.loadClass(PluginClassLoader.java:124)
11.03.2023 - 19:05:06 - 	at java.base/java.lang.ClassLoader.loadClass(ClassLoader.java:520)
11.03.2023 - 19:05:06 - 	at spworlds-1.0-SNAPSHOT.jar//com.spworlds.utils.PlaceholderApis.onRequest(PlaceholderApis.java:33)
11.03.2023 - 19:05:06 - 	at PlaceholderAPI-2.11.2.jar//me.clip.placeholderapi.replacer.CharsReplacer.apply(CharsReplacer.java:119)
11.03.2023 - 19:05:06 - 	at PlaceholderAPI-2.11.2.jar//me.clip.placeholderapi.PlaceholderAPI.setPlaceholders(PlaceholderAPI.java:71)
11.03.2023 - 19:05:06 - 	at PlaceholderAPI-2.11.2.jar//me.clip.placeholderapi.PlaceholderAPI.setPlaceholders(PlaceholderAPI.java:99)
11.03.2023 - 19:05:06 - 	at TAB.v3.2.4.jar//me.neznamy.tab.platforms.bukkit.BukkitPlatform.lambda$registerUnknownPlaceholder$2(BukkitPlatform.java:179)
11.03.2023 - 19:05:06 - 	at TAB.v3.2.4.jar//me.neznamy.tab.shared.placeholders.PlayerPlaceholderImpl.request(PlayerPlaceholderImpl.java:130)
11.03.2023 - 19:05:06 - 	at TAB.v3.2.4.jar//me.neznamy.tab.shared.placeholders.PlayerPlaceholderImpl.update(PlayerPlaceholderImpl.java:53)
11.03.2023 - 19:05:06 - 	at TAB.v3.2.4.jar//me.neznamy.tab.shared.features.PlaceholderManagerImpl.updatePlayerPlaceholder(PlaceholderManagerImpl.java:117)
11.03.2023 - 19:05:06 - 	at TAB.v3.2.4.jar//me.neznamy.tab.shared.features.PlaceholderManagerImpl.refresh(PlaceholderManagerImpl.java:68)
11.03.2023 - 19:05:06 - 	at TAB.v3.2.4.jar//me.neznamy.tab.shared.CpuManager.lambda$runMeasuredTask$8(CpuManager.java:354)
11.03.2023 - 19:05:06 - 	at TAB.v3.2.4.jar//me.neznamy.tab.shared.CpuManager.lambda$submit$1(CpuManager.java:111)
11.03.2023 - 19:05:06 - 	at java.base/java.util.concurrent.Executors$RunnableAdapter.call(Executors.java:539)
11.03.2023 - 19:05:06 - 	at java.base/java.util.concurrent.FutureTask.run(FutureTask.java:264)
11.03.2023 - 19:05:06 - 	at java.base/java.util.concurrent.ThreadPoolExecutor.runWorker(ThreadPoolExecutor.java:1136)
11.03.2023 - 19:05:06 - 	at java.base/java.util.concurrent.ThreadPoolExecutor$Worker.run(ThreadPoolExecutor.java:635)
11.03.2023 - 19:05:06 - 	at java.base/java.lang.Thread.run(Thread.java:833)
11.03.2023 - 19:05:07 - [TAB v3.2.4] Player placeholder %spbuild_getstagestring% generated an error when setting for player Dalynkaa
11.03.2023 - 19:05:07 - java.lang.IllegalStateException: zip file closed
11.03.2023 - 19:05:07 - 	at java.base/java.util.zip.ZipFile.ensureOpen(ZipFile.java:831)
11.03.2023 - 19:05:07 - 	at java.base/java.util.zip.ZipFile.getEntry(ZipFile.java:330)
11.03.2023 - 19:05:07 - 	at java.base/java.util.jar.JarFile.getEntry(JarFile.java:518)
11.03.2023 - 19:05:07 - 	at java.base/java.util.jar.JarFile.getJarEntry(JarFile.java:473)
11.03.2023 - 19:05:07 - 	at org.bukkit.plugin.java.PluginClassLoader.findClass(PluginClassLoader.java:189)
11.03.2023 - 19:05:07 - 	at java.base/java.lang.ClassLoader.loadClass(ClassLoader.java:587)
11.03.2023 - 19:05:07 - 	at org.bukkit.plugin.java.PluginClassLoader.loadClass0(PluginClassLoader.java:129)
11.03.2023 - 19:05:07 - 	at org.bukkit.plugin.java.PluginClassLoader.loadClass(PluginClassLoader.java:124)
11.03.2023 - 19:05:07 - 	at java.base/java.lang.ClassLoader.loadClass(ClassLoader.java:520)
11.03.2023 - 19:05:07 - 	at spworlds-1.0-SNAPSHOT.jar//com.spworlds.utils.PlaceholderApis.onRequest(PlaceholderApis.java:33)
11.03.2023 - 19:05:07 - 	at PlaceholderAPI-2.11.2.jar//me.clip.placeholderapi.replacer.CharsReplacer.apply(CharsReplacer.java:119)
11.03.2023 - 19:05:07 - 	at PlaceholderAPI-2.11.2.jar//me.clip.placeholderapi.PlaceholderAPI.setPlaceholders(PlaceholderAPI.java:71)
11.03.2023 - 19:05:07 - 	at PlaceholderAPI-2.11.2.jar//me.clip.placeholderapi.PlaceholderAPI.setPlaceholders(PlaceholderAPI.java:99)
11.03.2023 - 19:05:07 - 	at TAB.v3.2.4.jar//me.neznamy.tab.platforms.bukkit.BukkitPlatform.lambda$registerUnknownPlaceholder$2(BukkitPlatform.java:179)
11.03.2023 - 19:05:07 - 	at TAB.v3.2.4.jar//me.neznamy.tab.shared.placeholders.PlayerPlaceholderImpl.request(PlayerPlaceholderImpl.java:130)
11.03.2023 - 19:05:07 - 	at TAB.v3.2.4.jar//me.neznamy.tab.shared.placeholders.PlayerPlaceholderImpl.update(PlayerPlaceholderImpl.java:53)
11.03.2023 - 19:05:07 - 	at TAB.v3.2.4.jar//me.neznamy.tab.shared.features.PlaceholderManagerImpl.updatePlayerPlaceholder(PlaceholderManagerImpl.java:117)
11.03.2023 - 19:05:07 - 	at TAB.v3.2.4.jar//me.neznamy.tab.shared.features.PlaceholderManagerImpl.refresh(PlaceholderManagerImpl.java:68)
11.03.2023 - 19:05:07 - 	at TAB.v3.2.4.jar//me.neznamy.tab.shared.CpuManager.lambda$runMeasuredTask$8(CpuManager.java:354)
11.03.2023 - 19:05:07 - 	at TAB.v3.2.4.jar//me.neznamy.tab.shared.CpuManager.lambda$submit$1(CpuManager.java:111)
11.03.2023 - 19:05:07 - 	at java.base/java.util.concurrent.Executors$RunnableAdapter.call(Executors.java:539)
11.03.2023 - 19:05:07 - 	at java.base/java.util.concurrent.FutureTask.run(FutureTask.java:264)
11.03.2023 - 19:05:07 - 	at java.base/java.util.concurrent.ThreadPoolExecutor.runWorker(ThreadPoolExecutor.java:1136)
11.03.2023 - 19:05:07 - 	at java.base/java.util.concurrent.ThreadPoolExecutor$Worker.run(ThreadPoolExecutor.java:635)
11.03.2023 - 19:05:07 - 	at java.base/java.lang.Thread.run(Thread.java:833)
11.03.2023 - 19:05:07 - [TAB v3.2.4] Player placeholder %spbuild_getstagestring% generated an error when setting for player Dalynkaa
11.03.2023 - 19:05:07 - java.lang.IllegalStateException: zip file closed
11.03.2023 - 19:05:07 - 	at java.base/java.util.zip.ZipFile.ensureOpen(ZipFile.java:831)
11.03.2023 - 19:05:07 - 	at java.base/java.util.zip.ZipFile.getEntry(ZipFile.java:330)
11.03.2023 - 19:05:07 - 	at java.base/java.util.jar.JarFile.getEntry(JarFile.java:518)
11.03.2023 - 19:05:07 - 	at java.base/java.util.jar.JarFile.getJarEntry(JarFile.java:473)
11.03.2023 - 19:05:07 - 	at org.bukkit.plugin.java.PluginClassLoader.findClass(PluginClassLoader.java:189)
11.03.2023 - 19:05:07 - 	at java.base/java.lang.ClassLoader.loadClass(ClassLoader.java:587)
11.03.2023 - 19:05:07 - 	at org.bukkit.plugin.java.PluginClassLoader.loadClass0(PluginClassLoader.java:129)
11.03.2023 - 19:05:07 - 	at org.bukkit.plugin.java.PluginClassLoader.loadClass(PluginClassLoader.java:124)
11.03.2023 - 19:05:07 - 	at java.base/java.lang.ClassLoader.loadClass(ClassLoader.java:520)
11.03.2023 - 19:05:07 - 	at spworlds-1.0-SNAPSHOT.jar//com.spworlds.utils.PlaceholderApis.onRequest(PlaceholderApis.java:33)
11.03.2023 - 19:05:07 - 	at PlaceholderAPI-2.11.2.jar//me.clip.placeholderapi.replacer.CharsReplacer.apply(CharsReplacer.java:119)
11.03.2023 - 19:05:07 - 	at PlaceholderAPI-2.11.2.jar//me.clip.placeholderapi.PlaceholderAPI.setPlaceholders(PlaceholderAPI.java:71)
11.03.2023 - 19:05:07 - 	at PlaceholderAPI-2.11.2.jar//me.clip.placeholderapi.PlaceholderAPI.setPlaceholders(PlaceholderAPI.java:99)
11.03.2023 - 19:05:07 - 	at TAB.v3.2.4.jar//me.neznamy.tab.platforms.bukkit.BukkitPlatform.lambda$registerUnknownPlaceholder$2(BukkitPlatform.java:179)
11.03.2023 - 19:05:07 - 	at TAB.v3.2.4.jar//me.neznamy.tab.shared.placeholders.PlayerPlaceholderImpl.request(PlayerPlaceholderImpl.java:130)
11.03.2023 - 19:05:07 - 	at TAB.v3.2.4.jar//me.neznamy.tab.shared.placeholders.PlayerPlaceholderImpl.update(PlayerPlaceholderImpl.java:53)
11.03.2023 - 19:05:07 - 	at TAB.v3.2.4.jar//me.neznamy.tab.shared.features.PlaceholderManagerImpl.updatePlayerPlaceholder(PlaceholderManagerImpl.java:117)
11.03.2023 - 19:05:07 - 	at TAB.v3.2.4.jar//me.neznamy.tab.shared.features.PlaceholderManagerImpl.refresh(PlaceholderManagerImpl.java:68)
11.03.2023 - 19:05:07 - 	at TAB.v3.2.4.jar//me.neznamy.tab.shared.CpuManager.lambda$runMeasuredTask$8(CpuManager.java:354)
11.03.2023 - 19:05:07 - 	at TAB.v3.2.4.jar//me.neznamy.tab.shared.CpuManager.lambda$submit$1(CpuManager.java:111)
11.03.2023 - 19:05:07 - 	at java.base/java.util.concurrent.Executors$RunnableAdapter.call(Executors.java:539)
11.03.2023 - 19:05:07 - 	at java.base/java.util.concurrent.FutureTask.run(FutureTask.java:264)
11.03.2023 - 19:05:07 - 	at java.base/java.util.concurrent.ThreadPoolExecutor.runWorker(ThreadPoolExecutor.java:1136)
11.03.2023 - 19:05:07 - 	at java.base/java.util.concurrent.ThreadPoolExecutor$Worker.run(ThreadPoolExecutor.java:635)
11.03.2023 - 19:05:07 - 	at java.base/java.lang.Thread.run(Thread.java:833)
11.03.2023 - 19:05:08 - [TAB v3.2.4] Player placeholder %spbuild_getstagestring% generated an error when setting for player Dalynkaa
11.03.2023 - 19:05:08 - java.lang.IllegalStateException: zip file closed
11.03.2023 - 19:05:08 - 	at java.base/java.util.zip.ZipFile.ensureOpen(ZipFile.java:831)
11.03.2023 - 19:05:08 - 	at java.base/java.util.zip.ZipFile.getEntry(ZipFile.java:330)
11.03.2023 - 19:05:08 - 	at java.base/java.util.jar.JarFile.getEntry(JarFile.java:518)
11.03.2023 - 19:05:08 - 	at java.base/java.util.jar.JarFile.getJarEntry(JarFile.java:473)
11.03.2023 - 19:05:08 - 	at org.bukkit.plugin.java.PluginClassLoader.findClass(PluginClassLoader.java:189)
11.03.2023 - 19:05:08 - 	at java.base/java.lang.ClassLoader.loadClass(ClassLoader.java:587)
11.03.2023 - 19:05:08 - 	at org.bukkit.plugin.java.PluginClassLoader.loadClass0(PluginClassLoader.java:129)
11.03.2023 - 19:05:08 - 	at org.bukkit.plugin.java.PluginClassLoader.loadClass(PluginClassLoader.java:124)
11.03.2023 - 19:05:08 - 	at java.base/java.lang.ClassLoader.loadClass(ClassLoader.java:520)
11.03.2023 - 19:05:08 - 	at spworlds-1.0-SNAPSHOT.jar//com.spworlds.utils.PlaceholderApis.onRequest(PlaceholderApis.java:33)
11.03.2023 - 19:05:08 - 	at PlaceholderAPI-2.11.2.jar//me.clip.placeholderapi.replacer.CharsReplacer.apply(CharsReplacer.java:119)
11.03.2023 - 19:05:08 - 	at PlaceholderAPI-2.11.2.jar//me.clip.placeholderapi.PlaceholderAPI.setPlaceholders(PlaceholderAPI.java:71)
11.03.2023 - 19:05:08 - 	at PlaceholderAPI-2.11.2.jar//me.clip.placeholderapi.PlaceholderAPI.setPlaceholders(PlaceholderAPI.java:99)
11.03.2023 - 19:05:08 - 	at TAB.v3.2.4.jar//me.neznamy.tab.platforms.bukkit.BukkitPlatform.lambda$registerUnknownPlaceholder$2(BukkitPlatform.java:179)
11.03.2023 - 19:05:08 - 	at TAB.v3.2.4.jar//me.neznamy.tab.shared.placeholders.PlayerPlaceholderImpl.request(PlayerPlaceholderImpl.java:130)
11.03.2023 - 19:05:08 - 	at TAB.v3.2.4.jar//me.neznamy.tab.shared.placeholders.PlayerPlaceholderImpl.update(PlayerPlaceholderImpl.java:53)
11.03.2023 - 19:05:08 - 	at TAB.v3.2.4.jar//me.neznamy.tab.shared.features.PlaceholderManagerImpl.updatePlayerPlaceholder(PlaceholderManagerImpl.java:117)
11.03.2023 - 19:05:08 - 	at TAB.v3.2.4.jar//me.neznamy.tab.shared.features.PlaceholderManagerImpl.refresh(PlaceholderManagerImpl.java:68)
11.03.2023 - 19:05:08 - 	at TAB.v3.2.4.jar//me.neznamy.tab.shared.CpuManager.lambda$runMeasuredTask$8(CpuManager.java:354)
11.03.2023 - 19:05:08 - 	at TAB.v3.2.4.jar//me.neznamy.tab.shared.CpuManager.lambda$submit$1(CpuManager.java:111)
11.03.2023 - 19:05:08 - 	at java.base/java.util.concurrent.Executors$RunnableAdapter.call(Executors.java:539)
11.03.2023 - 19:05:08 - 	at java.base/java.util.concurrent.FutureTask.run(FutureTask.java:264)
11.03.2023 - 19:05:08 - 	at java.base/java.util.concurrent.ThreadPoolExecutor.runWorker(ThreadPoolExecutor.java:1136)
11.03.2023 - 19:05:08 - 	at java.base/java.util.concurrent.ThreadPoolExecutor$Worker.run(ThreadPoolExecutor.java:635)
11.03.2023 - 19:05:08 - 	at java.base/java.lang.Thread.run(Thread.java:833)
11.03.2023 - 19:05:08 - [TAB v3.2.4] Player placeholder %spbuild_getstagestring% generated an error when setting for player Dalynkaa
11.03.2023 - 19:05:08 - java.lang.IllegalStateException: zip file closed
11.03.2023 - 19:05:08 - 	at java.base/java.util.zip.ZipFile.ensureOpen(ZipFile.java:831)
11.03.2023 - 19:05:08 - 	at java.base/java.util.zip.ZipFile.getEntry(ZipFile.java:330)
11.03.2023 - 19:05:08 - 	at java.base/java.util.jar.JarFile.getEntry(JarFile.java:518)
11.03.2023 - 19:05:08 - 	at java.base/java.util.jar.JarFile.getJarEntry(JarFile.java:473)
11.03.2023 - 19:05:08 - 	at org.bukkit.plugin.java.PluginClassLoader.findClass(PluginClassLoader.java:189)
11.03.2023 - 19:05:08 - 	at java.base/java.lang.ClassLoader.loadClass(ClassLoader.java:587)
11.03.2023 - 19:05:08 - 	at org.bukkit.plugin.java.PluginClassLoader.loadClass0(PluginClassLoader.java:129)
11.03.2023 - 19:05:08 - 	at org.bukkit.plugin.java.PluginClassLoader.loadClass(PluginClassLoader.java:124)
11.03.2023 - 19:05:08 - 	at java.base/java.lang.ClassLoader.loadClass(ClassLoader.java:520)
11.03.2023 - 19:05:08 - 	at spworlds-1.0-SNAPSHOT.jar//com.spworlds.utils.PlaceholderApis.onRequest(PlaceholderApis.java:33)
11.03.2023 - 19:05:08 - 	at PlaceholderAPI-2.11.2.jar//me.clip.placeholderapi.replacer.CharsReplacer.apply(CharsReplacer.java:119)
11.03.2023 - 19:05:08 - 	at PlaceholderAPI-2.11.2.jar//me.clip.placeholderapi.PlaceholderAPI.setPlaceholders(PlaceholderAPI.java:71)
11.03.2023 - 19:05:08 - 	at PlaceholderAPI-2.11.2.jar//me.clip.placeholderapi.PlaceholderAPI.setPlaceholders(PlaceholderAPI.java:99)
11.03.2023 - 19:05:08 - 	at TAB.v3.2.4.jar//me.neznamy.tab.platforms.bukkit.BukkitPlatform.lambda$registerUnknownPlaceholder$2(BukkitPlatform.java:179)
11.03.2023 - 19:05:08 - 	at TAB.v3.2.4.jar//me.neznamy.tab.shared.placeholders.PlayerPlaceholderImpl.request(PlayerPlaceholderImpl.java:130)
11.03.2023 - 19:05:08 - 	at TAB.v3.2.4.jar//me.neznamy.tab.shared.placeholders.PlayerPlaceholderImpl.update(PlayerPlaceholderImpl.java:53)
11.03.2023 - 19:05:08 - 	at TAB.v3.2.4.jar//me.neznamy.tab.shared.features.PlaceholderManagerImpl.updatePlayerPlaceholder(PlaceholderManagerImpl.java:117)
11.03.2023 - 19:05:08 - 	at TAB.v3.2.4.jar//me.neznamy.tab.shared.features.PlaceholderManagerImpl.refresh(PlaceholderManagerImpl.java:68)
11.03.2023 - 19:05:08 - 	at TAB.v3.2.4.jar//me.neznamy.tab.shared.CpuManager.lambda$runMeasuredTask$8(CpuManager.java:354)
11.03.2023 - 19:05:08 - 	at TAB.v3.2.4.jar//me.neznamy.tab.shared.CpuManager.lambda$submit$1(CpuManager.java:111)
11.03.2023 - 19:05:08 - 	at java.base/java.util.concurrent.Executors$RunnableAdapter.call(Executors.java:539)
11.03.2023 - 19:05:08 - 	at java.base/java.util.concurrent.FutureTask.run(FutureTask.java:264)
11.03.2023 - 19:05:08 - 	at java.base/java.util.concurrent.ThreadPoolExecutor.runWorker(ThreadPoolExecutor.java:1136)
11.03.2023 - 19:05:08 - 	at java.base/java.util.concurrent.ThreadPoolExecutor$Worker.run(ThreadPoolExecutor.java:635)
11.03.2023 - 19:05:08 - 	at java.base/java.lang.Thread.run(Thread.java:833)
11.03.2023 - 19:05:09 - [TAB v3.2.4] Player placeholder %spbuild_getstagestring% generated an error when setting for player Dalynkaa
11.03.2023 - 19:05:09 - java.lang.IllegalStateException: zip file closed
11.03.2023 - 19:05:09 - 	at java.base/java.util.zip.ZipFile.ensureOpen(ZipFile.java:831)
11.03.2023 - 19:05:09 - 	at java.base/java.util.zip.ZipFile.getEntry(ZipFile.java:330)
11.03.2023 - 19:05:09 - 	at java.base/java.util.jar.JarFile.getEntry(JarFile.java:518)
11.03.2023 - 19:05:09 - 	at java.base/java.util.jar.JarFile.getJarEntry(JarFile.java:473)
11.03.2023 - 19:05:09 - 	at org.bukkit.plugin.java.PluginClassLoader.findClass(PluginClassLoader.java:189)
11.03.2023 - 19:05:09 - 	at java.base/java.lang.ClassLoader.loadClass(ClassLoader.java:587)
11.03.2023 - 19:05:09 - 	at org.bukkit.plugin.java.PluginClassLoader.loadClass0(PluginClassLoader.java:129)
11.03.2023 - 19:05:09 - 	at org.bukkit.plugin.java.PluginClassLoader.loadClass(PluginClassLoader.java:124)
11.03.2023 - 19:05:09 - 	at java.base/java.lang.ClassLoader.loadClass(ClassLoader.java:520)
11.03.2023 - 19:05:09 - 	at spworlds-1.0-SNAPSHOT.jar//com.spworlds.utils.PlaceholderApis.onRequest(PlaceholderApis.java:33)
11.03.2023 - 19:05:09 - 	at PlaceholderAPI-2.11.2.jar//me.clip.placeholderapi.replacer.CharsReplacer.apply(CharsReplacer.java:119)
11.03.2023 - 19:05:09 - 	at PlaceholderAPI-2.11.2.jar//me.clip.placeholderapi.PlaceholderAPI.setPlaceholders(PlaceholderAPI.java:71)
11.03.2023 - 19:05:09 - 	at PlaceholderAPI-2.11.2.jar//me.clip.placeholderapi.PlaceholderAPI.setPlaceholders(PlaceholderAPI.java:99)
11.03.2023 - 19:05:09 - 	at TAB.v3.2.4.jar//me.neznamy.tab.platforms.bukkit.BukkitPlatform.lambda$registerUnknownPlaceholder$2(BukkitPlatform.java:179)
11.03.2023 - 19:05:09 - 	at TAB.v3.2.4.jar//me.neznamy.tab.shared.placeholders.PlayerPlaceholderImpl.request(PlayerPlaceholderImpl.java:130)
11.03.2023 - 19:05:09 - 	at TAB.v3.2.4.jar//me.neznamy.tab.shared.placeholders.PlayerPlaceholderImpl.update(PlayerPlaceholderImpl.java:53)
11.03.2023 - 19:05:09 - 	at TAB.v3.2.4.jar//me.neznamy.tab.shared.features.PlaceholderManagerImpl.updatePlayerPlaceholder(PlaceholderManagerImpl.java:117)
11.03.2023 - 19:05:09 - 	at TAB.v3.2.4.jar//me.neznamy.tab.shared.features.PlaceholderManagerImpl.refresh(PlaceholderManagerImpl.java:68)
11.03.2023 - 19:05:09 - 	at TAB.v3.2.4.jar//me.neznamy.tab.shared.CpuManager.lambda$runMeasuredTask$8(CpuManager.java:354)
11.03.2023 - 19:05:09 - 	at TAB.v3.2.4.jar//me.neznamy.tab.shared.CpuManager.lambda$submit$1(CpuManager.java:111)
11.03.2023 - 19:05:09 - 	at java.base/java.util.concurrent.Executors$RunnableAdapter.call(Executors.java:539)
11.03.2023 - 19:05:09 - 	at java.base/java.util.concurrent.FutureTask.run(FutureTask.java:264)
11.03.2023 - 19:05:09 - 	at java.base/java.util.concurrent.ThreadPoolExecutor.runWorker(ThreadPoolExecutor.java:1136)
11.03.2023 - 19:05:09 - 	at java.base/java.util.concurrent.ThreadPoolExecutor$Worker.run(ThreadPoolExecutor.java:635)
11.03.2023 - 19:05:09 - 	at java.base/java.lang.Thread.run(Thread.java:833)
11.03.2023 - 19:05:09 - [TAB v3.2.4] Player placeholder %spbuild_getstagestring% generated an error when setting for player Dalynkaa
11.03.2023 - 19:05:09 - java.lang.IllegalStateException: zip file closed
11.03.2023 - 19:05:09 - 	at java.base/java.util.zip.ZipFile.ensureOpen(ZipFile.java:831)
11.03.2023 - 19:05:09 - 	at java.base/java.util.zip.ZipFile.getEntry(ZipFile.java:330)
11.03.2023 - 19:05:09 - 	at java.base/java.util.jar.JarFile.getEntry(JarFile.java:518)
11.03.2023 - 19:05:09 - 	at java.base/java.util.jar.JarFile.getJarEntry(JarFile.java:473)
11.03.2023 - 19:05:09 - 	at org.bukkit.plugin.java.PluginClassLoader.findClass(PluginClassLoader.java:189)
11.03.2023 - 19:05:09 - 	at java.base/java.lang.ClassLoader.loadClass(ClassLoader.java:587)
11.03.2023 - 19:05:09 - 	at org.bukkit.plugin.java.PluginClassLoader.loadClass0(PluginClassLoader.java:129)
11.03.2023 - 19:05:09 - 	at org.bukkit.plugin.java.PluginClassLoader.loadClass(PluginClassLoader.java:124)
11.03.2023 - 19:05:09 - 	at java.base/java.lang.ClassLoader.loadClass(ClassLoader.java:520)
11.03.2023 - 19:05:09 - 	at spworlds-1.0-SNAPSHOT.jar//com.spworlds.utils.PlaceholderApis.onRequest(PlaceholderApis.java:33)
11.03.2023 - 19:05:09 - 	at PlaceholderAPI-2.11.2.jar//me.clip.placeholderapi.replacer.CharsReplacer.apply(CharsReplacer.java:119)
11.03.2023 - 19:05:09 - 	at PlaceholderAPI-2.11.2.jar//me.clip.placeholderapi.PlaceholderAPI.setPlaceholders(PlaceholderAPI.java:71)
11.03.2023 - 19:05:09 - 	at PlaceholderAPI-2.11.2.jar//me.clip.placeholderapi.PlaceholderAPI.setPlaceholders(PlaceholderAPI.java:99)
11.03.2023 - 19:05:09 - 	at TAB.v3.2.4.jar//me.neznamy.tab.platforms.bukkit.BukkitPlatform.lambda$registerUnknownPlaceholder$2(BukkitPlatform.java:179)
11.03.2023 - 19:05:09 - 	at TAB.v3.2.4.jar//me.neznamy.tab.shared.placeholders.PlayerPlaceholderImpl.request(PlayerPlaceholderImpl.java:130)
11.03.2023 - 19:05:09 - 	at TAB.v3.2.4.jar//me.neznamy.tab.shared.placeholders.PlayerPlaceholderImpl.update(PlayerPlaceholderImpl.java:53)
11.03.2023 - 19:05:09 - 	at TAB.v3.2.4.jar//me.neznamy.tab.shared.features.PlaceholderManagerImpl.updatePlayerPlaceholder(PlaceholderManagerImpl.java:117)
11.03.2023 - 19:05:09 - 	at TAB.v3.2.4.jar//me.neznamy.tab.shared.features.PlaceholderManagerImpl.refresh(PlaceholderManagerImpl.java:68)
11.03.2023 - 19:05:09 - 	at TAB.v3.2.4.jar//me.neznamy.tab.shared.CpuManager.lambda$runMeasuredTask$8(CpuManager.java:354)
11.03.2023 - 19:05:09 - 	at TAB.v3.2.4.jar//me.neznamy.tab.shared.CpuManager.lambda$submit$1(CpuManager.java:111)
11.03.2023 - 19:05:09 - 	at java.base/java.util.concurrent.Executors$RunnableAdapter.call(Executors.java:539)
11.03.2023 - 19:05:09 - 	at java.base/java.util.concurrent.FutureTask.run(FutureTask.java:264)
11.03.2023 - 19:05:09 - 	at java.base/java.util.concurrent.ThreadPoolExecutor.runWorker(ThreadPoolExecutor.java:1136)
11.03.2023 - 19:05:09 - 	at java.base/java.util.concurrent.ThreadPoolExecutor$Worker.run(ThreadPoolExecutor.java:635)
11.03.2023 - 19:05:09 - 	at java.base/java.lang.Thread.run(Thread.java:833)
11.03.2023 - 19:05:10 - [TAB v3.2.4] Player placeholder %spbuild_getstagestring% generated an error when setting for player Dalynkaa
11.03.2023 - 19:05:10 - java.lang.IllegalStateException: zip file closed
11.03.2023 - 19:05:10 - 	at java.base/java.util.zip.ZipFile.ensureOpen(ZipFile.java:831)
11.03.2023 - 19:05:10 - 	at java.base/java.util.zip.ZipFile.getEntry(ZipFile.java:330)
11.03.2023 - 19:05:10 - 	at java.base/java.util.jar.JarFile.getEntry(JarFile.java:518)
11.03.2023 - 19:05:10 - 	at java.base/java.util.jar.JarFile.getJarEntry(JarFile.java:473)
11.03.2023 - 19:05:10 - 	at org.bukkit.plugin.java.PluginClassLoader.findClass(PluginClassLoader.java:189)
11.03.2023 - 19:05:10 - 	at java.base/java.lang.ClassLoader.loadClass(ClassLoader.java:587)
11.03.2023 - 19:05:10 - 	at org.bukkit.plugin.java.PluginClassLoader.loadClass0(PluginClassLoader.java:129)
11.03.2023 - 19:05:10 - 	at org.bukkit.plugin.java.PluginClassLoader.loadClass(PluginClassLoader.java:124)
11.03.2023 - 19:05:10 - 	at java.base/java.lang.ClassLoader.loadClass(ClassLoader.java:520)
11.03.2023 - 19:05:10 - 	at spworlds-1.0-SNAPSHOT.jar//com.spworlds.utils.PlaceholderApis.onRequest(PlaceholderApis.java:33)
11.03.2023 - 19:05:10 - 	at PlaceholderAPI-2.11.2.jar//me.clip.placeholderapi.replacer.CharsReplacer.apply(CharsReplacer.java:119)
11.03.2023 - 19:05:10 - 	at PlaceholderAPI-2.11.2.jar//me.clip.placeholderapi.PlaceholderAPI.setPlaceholders(PlaceholderAPI.java:71)
11.03.2023 - 19:05:10 - 	at PlaceholderAPI-2.11.2.jar//me.clip.placeholderapi.PlaceholderAPI.setPlaceholders(PlaceholderAPI.java:99)
11.03.2023 - 19:05:10 - 	at TAB.v3.2.4.jar//me.neznamy.tab.platforms.bukkit.BukkitPlatform.lambda$registerUnknownPlaceholder$2(BukkitPlatform.java:179)
11.03.2023 - 19:05:10 - 	at TAB.v3.2.4.jar//me.neznamy.tab.shared.placeholders.PlayerPlaceholderImpl.request(PlayerPlaceholderImpl.java:130)
11.03.2023 - 19:05:10 - 	at TAB.v3.2.4.jar//me.neznamy.tab.shared.placeholders.PlayerPlaceholderImpl.update(PlayerPlaceholderImpl.java:53)
11.03.2023 - 19:05:10 - 	at TAB.v3.2.4.jar//me.neznamy.tab.shared.features.PlaceholderManagerImpl.updatePlayerPlaceholder(PlaceholderManagerImpl.java:117)
11.03.2023 - 19:05:10 - 	at TAB.v3.2.4.jar//me.neznamy.tab.shared.features.PlaceholderManagerImpl.refresh(PlaceholderManagerImpl.java:68)
11.03.2023 - 19:05:10 - 	at TAB.v3.2.4.jar//me.neznamy.tab.shared.CpuManager.lambda$runMeasuredTask$8(CpuManager.java:354)
11.03.2023 - 19:05:10 - 	at TAB.v3.2.4.jar//me.neznamy.tab.shared.CpuManager.lambda$submit$1(CpuManager.java:111)
11.03.2023 - 19:05:10 - 	at java.base/java.util.concurrent.Executors$RunnableAdapter.call(Executors.java:539)
11.03.2023 - 19:05:10 - 	at java.base/java.util.concurrent.FutureTask.run(FutureTask.java:264)
11.03.2023 - 19:05:10 - 	at java.base/java.util.concurrent.ThreadPoolExecutor.runWorker(ThreadPoolExecutor.java:1136)
11.03.2023 - 19:05:10 - 	at java.base/java.util.concurrent.ThreadPoolExecutor$Worker.run(ThreadPoolExecutor.java:635)
11.03.2023 - 19:05:10 - 	at java.base/java.lang.Thread.run(Thread.java:833)
11.03.2023 - 19:05:10 - [TAB v3.2.4] Player placeholder %spbuild_getstagestring% generated an error when setting for player Dalynkaa
11.03.2023 - 19:05:10 - java.lang.IllegalStateException: zip file closed
11.03.2023 - 19:05:10 - 	at java.base/java.util.zip.ZipFile.ensureOpen(ZipFile.java:831)
11.03.2023 - 19:05:10 - 	at java.base/java.util.zip.ZipFile.getEntry(ZipFile.java:330)
11.03.2023 - 19:05:10 - 	at java.base/java.util.jar.JarFile.getEntry(JarFile.java:518)
11.03.2023 - 19:05:10 - 	at java.base/java.util.jar.JarFile.getJarEntry(JarFile.java:473)
11.03.2023 - 19:05:10 - 	at org.bukkit.plugin.java.PluginClassLoader.findClass(PluginClassLoader.java:189)
11.03.2023 - 19:05:10 - 	at java.base/java.lang.ClassLoader.loadClass(ClassLoader.java:587)
11.03.2023 - 19:05:10 - 	at org.bukkit.plugin.java.PluginClassLoader.loadClass0(PluginClassLoader.java:129)
11.03.2023 - 19:05:10 - 	at org.bukkit.plugin.java.PluginClassLoader.loadClass(PluginClassLoader.java:124)
11.03.2023 - 19:05:10 - 	at java.base/java.lang.ClassLoader.loadClass(ClassLoader.java:520)
11.03.2023 - 19:05:10 - 	at spworlds-1.0-SNAPSHOT.jar//com.spworlds.utils.PlaceholderApis.onRequest(PlaceholderApis.java:33)
11.03.2023 - 19:05:10 - 	at PlaceholderAPI-2.11.2.jar//me.clip.placeholderapi.replacer.CharsReplacer.apply(CharsReplacer.java:119)
11.03.2023 - 19:05:10 - 	at PlaceholderAPI-2.11.2.jar//me.clip.placeholderapi.PlaceholderAPI.setPlaceholders(PlaceholderAPI.java:71)
11.03.2023 - 19:05:10 - 	at PlaceholderAPI-2.11.2.jar//me.clip.placeholderapi.PlaceholderAPI.setPlaceholders(PlaceholderAPI.java:99)
11.03.2023 - 19:05:10 - 	at TAB.v3.2.4.jar//me.neznamy.tab.platforms.bukkit.BukkitPlatform.lambda$registerUnknownPlaceholder$2(BukkitPlatform.java:179)
11.03.2023 - 19:05:10 - 	at TAB.v3.2.4.jar//me.neznamy.tab.shared.placeholders.PlayerPlaceholderImpl.request(PlayerPlaceholderImpl.java:130)
11.03.2023 - 19:05:10 - 	at TAB.v3.2.4.jar//me.neznamy.tab.shared.placeholders.PlayerPlaceholderImpl.update(PlayerPlaceholderImpl.java:53)
11.03.2023 - 19:05:10 - 	at TAB.v3.2.4.jar//me.neznamy.tab.shared.features.PlaceholderManagerImpl.updatePlayerPlaceholder(PlaceholderManagerImpl.java:117)
11.03.2023 - 19:05:10 - 	at TAB.v3.2.4.jar//me.neznamy.tab.shared.features.PlaceholderManagerImpl.refresh(PlaceholderManagerImpl.java:68)
11.03.2023 - 19:05:10 - 	at TAB.v3.2.4.jar//me.neznamy.tab.shared.CpuManager.lambda$runMeasuredTask$8(CpuManager.java:354)
11.03.2023 - 19:05:10 - 	at TAB.v3.2.4.jar//me.neznamy.tab.shared.CpuManager.lambda$submit$1(CpuManager.java:111)
11.03.2023 - 19:05:10 - 	at java.base/java.util.concurrent.Executors$RunnableAdapter.call(Executors.java:539)
11.03.2023 - 19:05:10 - 	at java.base/java.util.concurrent.FutureTask.run(FutureTask.java:264)
11.03.2023 - 19:05:10 - 	at java.base/java.util.concurrent.ThreadPoolExecutor.runWorker(ThreadPoolExecutor.java:1136)
11.03.2023 - 19:05:10 - 	at java.base/java.util.concurrent.ThreadPoolExecutor$Worker.run(ThreadPoolExecutor.java:635)
11.03.2023 - 19:05:10 - 	at java.base/java.lang.Thread.run(Thread.java:833)
11.03.2023 - 19:05:11 - [TAB v3.2.4] Player placeholder %spbuild_getstagestring% generated an error when setting for player Dalynkaa
11.03.2023 - 19:05:11 - java.lang.IllegalStateException: zip file closed
11.03.2023 - 19:05:11 - 	at java.base/java.util.zip.ZipFile.ensureOpen(ZipFile.java:831)
11.03.2023 - 19:05:11 - 	at java.base/java.util.zip.ZipFile.getEntry(ZipFile.java:330)
11.03.2023 - 19:05:11 - 	at java.base/java.util.jar.JarFile.getEntry(JarFile.java:518)
11.03.2023 - 19:05:11 - 	at java.base/java.util.jar.JarFile.getJarEntry(JarFile.java:473)
11.03.2023 - 19:05:11 - 	at org.bukkit.plugin.java.PluginClassLoader.findClass(PluginClassLoader.java:189)
11.03.2023 - 19:05:11 - 	at java.base/java.lang.ClassLoader.loadClass(ClassLoader.java:587)
11.03.2023 - 19:05:11 - 	at org.bukkit.plugin.java.PluginClassLoader.loadClass0(PluginClassLoader.java:129)
11.03.2023 - 19:05:11 - 	at org.bukkit.plugin.java.PluginClassLoader.loadClass(PluginClassLoader.java:124)
11.03.2023 - 19:05:11 - 	at java.base/java.lang.ClassLoader.loadClass(ClassLoader.java:520)
11.03.2023 - 19:05:11 - 	at spworlds-1.0-SNAPSHOT.jar//com.spworlds.utils.PlaceholderApis.onRequest(PlaceholderApis.java:33)
11.03.2023 - 19:05:11 - 	at PlaceholderAPI-2.11.2.jar//me.clip.placeholderapi.replacer.CharsReplacer.apply(CharsReplacer.java:119)
11.03.2023 - 19:05:11 - 	at PlaceholderAPI-2.11.2.jar//me.clip.placeholderapi.PlaceholderAPI.setPlaceholders(PlaceholderAPI.java:71)
11.03.2023 - 19:05:11 - 	at PlaceholderAPI-2.11.2.jar//me.clip.placeholderapi.PlaceholderAPI.setPlaceholders(PlaceholderAPI.java:99)
11.03.2023 - 19:05:11 - 	at TAB.v3.2.4.jar//me.neznamy.tab.platforms.bukkit.BukkitPlatform.lambda$registerUnknownPlaceholder$2(BukkitPlatform.java:179)
11.03.2023 - 19:05:11 - 	at TAB.v3.2.4.jar//me.neznamy.tab.shared.placeholders.PlayerPlaceholderImpl.request(PlayerPlaceholderImpl.java:130)
11.03.2023 - 19:05:11 - 	at TAB.v3.2.4.jar//me.neznamy.tab.shared.placeholders.PlayerPlaceholderImpl.update(PlayerPlaceholderImpl.java:53)
11.03.2023 - 19:05:11 - 	at TAB.v3.2.4.jar//me.neznamy.tab.shared.features.PlaceholderManagerImpl.updatePlayerPlaceholder(PlaceholderManagerImpl.java:117)
11.03.2023 - 19:05:11 - 	at TAB.v3.2.4.jar//me.neznamy.tab.shared.features.PlaceholderManagerImpl.refresh(PlaceholderManagerImpl.java:68)
11.03.2023 - 19:05:11 - 	at TAB.v3.2.4.jar//me.neznamy.tab.shared.CpuManager.lambda$runMeasuredTask$8(CpuManager.java:354)
11.03.2023 - 19:05:11 - 	at TAB.v3.2.4.jar//me.neznamy.tab.shared.CpuManager.lambda$submit$1(CpuManager.java:111)
11.03.2023 - 19:05:11 - 	at java.base/java.util.concurrent.Executors$RunnableAdapter.call(Executors.java:539)
11.03.2023 - 19:05:11 - 	at java.base/java.util.concurrent.FutureTask.run(FutureTask.java:264)
11.03.2023 - 19:05:11 - 	at java.base/java.util.concurrent.ThreadPoolExecutor.runWorker(ThreadPoolExecutor.java:1136)
11.03.2023 - 19:05:11 - 	at java.base/java.util.concurrent.ThreadPoolExecutor$Worker.run(ThreadPoolExecutor.java:635)
11.03.2023 - 19:05:11 - 	at java.base/java.lang.Thread.run(Thread.java:833)
11.03.2023 - 19:05:11 - [TAB v3.2.4] Player placeholder %spbuild_getstagestring% generated an error when setting for player Dalynkaa
11.03.2023 - 19:05:11 - java.lang.IllegalStateException: zip file closed
11.03.2023 - 19:05:11 - 	at java.base/java.util.zip.ZipFile.ensureOpen(ZipFile.java:831)
11.03.2023 - 19:05:11 - 	at java.base/java.util.zip.ZipFile.getEntry(ZipFile.java:330)
11.03.2023 - 19:05:11 - 	at java.base/java.util.jar.JarFile.getEntry(JarFile.java:518)
11.03.2023 - 19:05:11 - 	at java.base/java.util.jar.JarFile.getJarEntry(JarFile.java:473)
11.03.2023 - 19:05:11 - 	at org.bukkit.plugin.java.PluginClassLoader.findClass(PluginClassLoader.java:189)
11.03.2023 - 19:05:11 - 	at java.base/java.lang.ClassLoader.loadClass(ClassLoader.java:587)
11.03.2023 - 19:05:11 - 	at org.bukkit.plugin.java.PluginClassLoader.loadClass0(PluginClassLoader.java:129)
11.03.2023 - 19:05:11 - 	at org.bukkit.plugin.java.PluginClassLoader.loadClass(PluginClassLoader.java:124)
11.03.2023 - 19:05:11 - 	at java.base/java.lang.ClassLoader.loadClass(ClassLoader.java:520)
11.03.2023 - 19:05:11 - 	at spworlds-1.0-SNAPSHOT.jar//com.spworlds.utils.PlaceholderApis.onRequest(PlaceholderApis.java:33)
11.03.2023 - 19:05:11 - 	at PlaceholderAPI-2.11.2.jar//me.clip.placeholderapi.replacer.CharsReplacer.apply(CharsReplacer.java:119)
11.03.2023 - 19:05:11 - 	at PlaceholderAPI-2.11.2.jar//me.clip.placeholderapi.PlaceholderAPI.setPlaceholders(PlaceholderAPI.java:71)
11.03.2023 - 19:05:11 - 	at PlaceholderAPI-2.11.2.jar//me.clip.placeholderapi.PlaceholderAPI.setPlaceholders(PlaceholderAPI.java:99)
11.03.2023 - 19:05:11 - 	at TAB.v3.2.4.jar//me.neznamy.tab.platforms.bukkit.BukkitPlatform.lambda$registerUnknownPlaceholder$2(BukkitPlatform.java:179)
11.03.2023 - 19:05:11 - 	at TAB.v3.2.4.jar//me.neznamy.tab.shared.placeholders.PlayerPlaceholderImpl.request(PlayerPlaceholderImpl.java:130)
11.03.2023 - 19:05:11 - 	at TAB.v3.2.4.jar//me.neznamy.tab.shared.placeholders.PlayerPlaceholderImpl.update(PlayerPlaceholderImpl.java:53)
11.03.2023 - 19:05:11 - 	at TAB.v3.2.4.jar//me.neznamy.tab.shared.features.PlaceholderManagerImpl.updatePlayerPlaceholder(PlaceholderManagerImpl.java:117)
11.03.2023 - 19:05:11 - 	at TAB.v3.2.4.jar//me.neznamy.tab.shared.features.PlaceholderManagerImpl.refresh(PlaceholderManagerImpl.java:68)
11.03.2023 - 19:05:11 - 	at TAB.v3.2.4.jar//me.neznamy.tab.shared.CpuManager.lambda$runMeasuredTask$8(CpuManager.java:354)
11.03.2023 - 19:05:11 - 	at TAB.v3.2.4.jar//me.neznamy.tab.shared.CpuManager.lambda$submit$1(CpuManager.java:111)
11.03.2023 - 19:05:11 - 	at java.base/java.util.concurrent.Executors$RunnableAdapter.call(Executors.java:539)
11.03.2023 - 19:05:11 - 	at java.base/java.util.concurrent.FutureTask.run(FutureTask.java:264)
11.03.2023 - 19:05:11 - 	at java.base/java.util.concurrent.ThreadPoolExecutor.runWorker(ThreadPoolExecutor.java:1136)
11.03.2023 - 19:05:11 - 	at java.base/java.util.concurrent.ThreadPoolExecutor$Worker.run(ThreadPoolExecutor.java:635)
11.03.2023 - 19:05:11 - 	at java.base/java.lang.Thread.run(Thread.java:833)
11.03.2023 - 19:05:12 - [TAB v3.2.4] Player placeholder %spbuild_getstagestring% generated an error when setting for player Dalynkaa
11.03.2023 - 19:05:12 - java.lang.IllegalStateException: zip file closed
11.03.2023 - 19:05:12 - 	at java.base/java.util.zip.ZipFile.ensureOpen(ZipFile.java:831)
11.03.2023 - 19:05:12 - 	at java.base/java.util.zip.ZipFile.getEntry(ZipFile.java:330)
11.03.2023 - 19:05:12 - 	at java.base/java.util.jar.JarFile.getEntry(JarFile.java:518)
11.03.2023 - 19:05:12 - 	at java.base/java.util.jar.JarFile.getJarEntry(JarFile.java:473)
11.03.2023 - 19:05:12 - 	at org.bukkit.plugin.java.PluginClassLoader.findClass(PluginClassLoader.java:189)
11.03.2023 - 19:05:12 - 	at java.base/java.lang.ClassLoader.loadClass(ClassLoader.java:587)
11.03.2023 - 19:05:12 - 	at org.bukkit.plugin.java.PluginClassLoader.loadClass0(PluginClassLoader.java:129)
11.03.2023 - 19:05:12 - 	at org.bukkit.plugin.java.PluginClassLoader.loadClass(PluginClassLoader.java:124)
11.03.2023 - 19:05:12 - 	at java.base/java.lang.ClassLoader.loadClass(ClassLoader.java:520)
11.03.2023 - 19:05:12 - 	at spworlds-1.0-SNAPSHOT.jar//com.spworlds.utils.PlaceholderApis.onRequest(PlaceholderApis.java:33)
11.03.2023 - 19:05:12 - 	at PlaceholderAPI-2.11.2.jar//me.clip.placeholderapi.replacer.CharsReplacer.apply(CharsReplacer.java:119)
11.03.2023 - 19:05:12 - 	at PlaceholderAPI-2.11.2.jar//me.clip.placeholderapi.PlaceholderAPI.setPlaceholders(PlaceholderAPI.java:71)
11.03.2023 - 19:05:12 - 	at PlaceholderAPI-2.11.2.jar//me.clip.placeholderapi.PlaceholderAPI.setPlaceholders(PlaceholderAPI.java:99)
11.03.2023 - 19:05:12 - 	at TAB.v3.2.4.jar//me.neznamy.tab.platforms.bukkit.BukkitPlatform.lambda$registerUnknownPlaceholder$2(BukkitPlatform.java:179)
11.03.2023 - 19:05:12 - 	at TAB.v3.2.4.jar//me.neznamy.tab.shared.placeholders.PlayerPlaceholderImpl.request(PlayerPlaceholderImpl.java:130)
11.03.2023 - 19:05:12 - 	at TAB.v3.2.4.jar//me.neznamy.tab.shared.placeholders.PlayerPlaceholderImpl.update(PlayerPlaceholderImpl.java:53)
11.03.2023 - 19:05:12 - 	at TAB.v3.2.4.jar//me.neznamy.tab.shared.features.PlaceholderManagerImpl.updatePlayerPlaceholder(PlaceholderManagerImpl.java:117)
11.03.2023 - 19:05:12 - 	at TAB.v3.2.4.jar//me.neznamy.tab.shared.features.PlaceholderManagerImpl.refresh(PlaceholderManagerImpl.java:68)
11.03.2023 - 19:05:12 - 	at TAB.v3.2.4.jar//me.neznamy.tab.shared.CpuManager.lambda$runMeasuredTask$8(CpuManager.java:354)
11.03.2023 - 19:05:12 - 	at TAB.v3.2.4.jar//me.neznamy.tab.shared.CpuManager.lambda$submit$1(CpuManager.java:111)
11.03.2023 - 19:05:12 - 	at java.base/java.util.concurrent.Executors$RunnableAdapter.call(Executors.java:539)
11.03.2023 - 19:05:12 - 	at java.base/java.util.concurrent.FutureTask.run(FutureTask.java:264)
11.03.2023 - 19:05:12 - 	at java.base/java.util.concurrent.ThreadPoolExecutor.runWorker(ThreadPoolExecutor.java:1136)
11.03.2023 - 19:05:12 - 	at java.base/java.util.concurrent.ThreadPoolExecutor$Worker.run(ThreadPoolExecutor.java:635)
11.03.2023 - 19:05:12 - 	at java.base/java.lang.Thread.run(Thread.java:833)
11.03.2023 - 19:05:12 - [TAB v3.2.4] Player placeholder %spbuild_getstagestring% generated an error when setting for player Dalynkaa
11.03.2023 - 19:05:12 - java.lang.IllegalStateException: zip file closed
11.03.2023 - 19:05:12 - 	at java.base/java.util.zip.ZipFile.ensureOpen(ZipFile.java:831)
11.03.2023 - 19:05:12 - 	at java.base/java.util.zip.ZipFile.getEntry(ZipFile.java:330)
11.03.2023 - 19:05:12 - 	at java.base/java.util.jar.JarFile.getEntry(JarFile.java:518)
11.03.2023 - 19:05:12 - 	at java.base/java.util.jar.JarFile.getJarEntry(JarFile.java:473)
11.03.2023 - 19:05:12 - 	at org.bukkit.plugin.java.PluginClassLoader.findClass(PluginClassLoader.java:189)
11.03.2023 - 19:05:12 - 	at java.base/java.lang.ClassLoader.loadClass(ClassLoader.java:587)
11.03.2023 - 19:05:12 - 	at org.bukkit.plugin.java.PluginClassLoader.loadClass0(PluginClassLoader.java:129)
11.03.2023 - 19:05:12 - 	at org.bukkit.plugin.java.PluginClassLoader.loadClass(PluginClassLoader.java:124)
11.03.2023 - 19:05:12 - 	at java.base/java.lang.ClassLoader.loadClass(ClassLoader.java:520)
11.03.2023 - 19:05:12 - 	at spworlds-1.0-SNAPSHOT.jar//com.spworlds.utils.PlaceholderApis.onRequest(PlaceholderApis.java:33)
11.03.2023 - 19:05:12 - 	at PlaceholderAPI-2.11.2.jar//me.clip.placeholderapi.replacer.CharsReplacer.apply(CharsReplacer.java:119)
11.03.2023 - 19:05:12 - 	at PlaceholderAPI-2.11.2.jar//me.clip.placeholderapi.PlaceholderAPI.setPlaceholders(PlaceholderAPI.java:71)
11.03.2023 - 19:05:12 - 	at PlaceholderAPI-2.11.2.jar//me.clip.placeholderapi.PlaceholderAPI.setPlaceholders(PlaceholderAPI.java:99)
11.03.2023 - 19:05:12 - 	at TAB.v3.2.4.jar//me.neznamy.tab.platforms.bukkit.BukkitPlatform.lambda$registerUnknownPlaceholder$2(BukkitPlatform.java:179)
11.03.2023 - 19:05:12 - 	at TAB.v3.2.4.jar//me.neznamy.tab.shared.placeholders.PlayerPlaceholderImpl.request(PlayerPlaceholderImpl.java:130)
11.03.2023 - 19:05:12 - 	at TAB.v3.2.4.jar//me.neznamy.tab.shared.placeholders.PlayerPlaceholderImpl.update(PlayerPlaceholderImpl.java:53)
11.03.2023 - 19:05:12 - 	at TAB.v3.2.4.jar//me.neznamy.tab.shared.features.PlaceholderManagerImpl.updatePlayerPlaceholder(PlaceholderManagerImpl.java:117)
11.03.2023 - 19:05:12 - 	at TAB.v3.2.4.jar//me.neznamy.tab.shared.features.PlaceholderManagerImpl.refresh(PlaceholderManagerImpl.java:68)
11.03.2023 - 19:05:12 - 	at TAB.v3.2.4.jar//me.neznamy.tab.shared.CpuManager.lambda$runMeasuredTask$8(CpuManager.java:354)
11.03.2023 - 19:05:12 - 	at TAB.v3.2.4.jar//me.neznamy.tab.shared.CpuManager.lambda$submit$1(CpuManager.java:111)
11.03.2023 - 19:05:12 - 	at java.base/java.util.concurrent.Executors$RunnableAdapter.call(Executors.java:539)
11.03.2023 - 19:05:12 - 	at java.base/java.util.concurrent.FutureTask.run(FutureTask.java:264)
11.03.2023 - 19:05:12 - 	at java.base/java.util.concurrent.ThreadPoolExecutor.runWorker(ThreadPoolExecutor.java:1136)
11.03.2023 - 19:05:12 - 	at java.base/java.util.concurrent.ThreadPoolExecutor$Worker.run(ThreadPoolExecutor.java:635)
11.03.2023 - 19:05:12 - 	at java.base/java.lang.Thread.run(Thread.java:833)
11.03.2023 - 19:05:13 - [TAB v3.2.4] Player placeholder %spbuild_getstagestring% generated an error when setting for player Dalynkaa
11.03.2023 - 19:05:13 - java.lang.IllegalStateException: zip file closed
11.03.2023 - 19:05:13 - 	at java.base/java.util.zip.ZipFile.ensureOpen(ZipFile.java:831)
11.03.2023 - 19:05:13 - 	at java.base/java.util.zip.ZipFile.getEntry(ZipFile.java:330)
11.03.2023 - 19:05:13 - 	at java.base/java.util.jar.JarFile.getEntry(JarFile.java:518)
11.03.2023 - 19:05:13 - 	at java.base/java.util.jar.JarFile.getJarEntry(JarFile.java:473)
11.03.2023 - 19:05:13 - 	at org.bukkit.plugin.java.PluginClassLoader.findClass(PluginClassLoader.java:189)
11.03.2023 - 19:05:13 - 	at java.base/java.lang.ClassLoader.loadClass(ClassLoader.java:587)
11.03.2023 - 19:05:13 - 	at org.bukkit.plugin.java.PluginClassLoader.loadClass0(PluginClassLoader.java:129)
11.03.2023 - 19:05:13 - 	at org.bukkit.plugin.java.PluginClassLoader.loadClass(PluginClassLoader.java:124)
11.03.2023 - 19:05:13 - 	at java.base/java.lang.ClassLoader.loadClass(ClassLoader.java:520)
11.03.2023 - 19:05:13 - 	at spworlds-1.0-SNAPSHOT.jar//com.spworlds.utils.PlaceholderApis.onRequest(PlaceholderApis.java:33)
11.03.2023 - 19:05:13 - 	at PlaceholderAPI-2.11.2.jar//me.clip.placeholderapi.replacer.CharsReplacer.apply(CharsReplacer.java:119)
11.03.2023 - 19:05:13 - 	at PlaceholderAPI-2.11.2.jar//me.clip.placeholderapi.PlaceholderAPI.setPlaceholders(PlaceholderAPI.java:71)
11.03.2023 - 19:05:13 - 	at PlaceholderAPI-2.11.2.jar//me.clip.placeholderapi.PlaceholderAPI.setPlaceholders(PlaceholderAPI.java:99)
11.03.2023 - 19:05:13 - 	at TAB.v3.2.4.jar//me.neznamy.tab.platforms.bukkit.BukkitPlatform.lambda$registerUnknownPlaceholder$2(BukkitPlatform.java:179)
11.03.2023 - 19:05:13 - 	at TAB.v3.2.4.jar//me.neznamy.tab.shared.placeholders.PlayerPlaceholderImpl.request(PlayerPlaceholderImpl.java:130)
11.03.2023 - 19:05:13 - 	at TAB.v3.2.4.jar//me.neznamy.tab.shared.placeholders.PlayerPlaceholderImpl.update(PlayerPlaceholderImpl.java:53)
11.03.2023 - 19:05:13 - 	at TAB.v3.2.4.jar//me.neznamy.tab.shared.features.PlaceholderManagerImpl.updatePlayerPlaceholder(PlaceholderManagerImpl.java:117)
11.03.2023 - 19:05:13 - 	at TAB.v3.2.4.jar//me.neznamy.tab.shared.features.PlaceholderManagerImpl.refresh(PlaceholderManagerImpl.java:68)
11.03.2023 - 19:05:13 - 	at TAB.v3.2.4.jar//me.neznamy.tab.shared.CpuManager.lambda$runMeasuredTask$8(CpuManager.java:354)
11.03.2023 - 19:05:13 - 	at TAB.v3.2.4.jar//me.neznamy.tab.shared.CpuManager.lambda$submit$1(CpuManager.java:111)
11.03.2023 - 19:05:13 - 	at java.base/java.util.concurrent.Executors$RunnableAdapter.call(Executors.java:539)
11.03.2023 - 19:05:13 - 	at java.base/java.util.concurrent.FutureTask.run(FutureTask.java:264)
11.03.2023 - 19:05:13 - 	at java.base/java.util.concurrent.ThreadPoolExecutor.runWorker(ThreadPoolExecutor.java:1136)
11.03.2023 - 19:05:13 - 	at java.base/java.util.concurrent.ThreadPoolExecutor$Worker.run(ThreadPoolExecutor.java:635)
11.03.2023 - 19:05:13 - 	at java.base/java.lang.Thread.run(Thread.java:833)
11.03.2023 - 19:05:13 - [TAB v3.2.4] Player placeholder %spbuild_getstagestring% generated an error when setting for player Dalynkaa
11.03.2023 - 19:05:13 - java.lang.IllegalStateException: zip file closed
11.03.2023 - 19:05:13 - 	at java.base/java.util.zip.ZipFile.ensureOpen(ZipFile.java:831)
11.03.2023 - 19:05:13 - 	at java.base/java.util.zip.ZipFile.getEntry(ZipFile.java:330)
11.03.2023 - 19:05:13 - 	at java.base/java.util.jar.JarFile.getEntry(JarFile.java:518)
11.03.2023 - 19:05:13 - 	at java.base/java.util.jar.JarFile.getJarEntry(JarFile.java:473)
11.03.2023 - 19:05:13 - 	at org.bukkit.plugin.java.PluginClassLoader.findClass(PluginClassLoader.java:189)
11.03.2023 - 19:05:13 - 	at java.base/java.lang.ClassLoader.loadClass(ClassLoader.java:587)
11.03.2023 - 19:05:13 - 	at org.bukkit.plugin.java.PluginClassLoader.loadClass0(PluginClassLoader.java:129)
11.03.2023 - 19:05:13 - 	at org.bukkit.plugin.java.PluginClassLoader.loadClass(PluginClassLoader.java:124)
11.03.2023 - 19:05:13 - 	at java.base/java.lang.ClassLoader.loadClass(ClassLoader.java:520)
11.03.2023 - 19:05:13 - 	at spworlds-1.0-SNAPSHOT.jar//com.spworlds.utils.PlaceholderApis.onRequest(PlaceholderApis.java:33)
11.03.2023 - 19:05:13 - 	at PlaceholderAPI-2.11.2.jar//me.clip.placeholderapi.replacer.CharsReplacer.apply(CharsReplacer.java:119)
11.03.2023 - 19:05:13 - 	at PlaceholderAPI-2.11.2.jar//me.clip.placeholderapi.PlaceholderAPI.setPlaceholders(PlaceholderAPI.java:71)
11.03.2023 - 19:05:13 - 	at PlaceholderAPI-2.11.2.jar//me.clip.placeholderapi.PlaceholderAPI.setPlaceholders(PlaceholderAPI.java:99)
11.03.2023 - 19:05:13 - 	at TAB.v3.2.4.jar//me.neznamy.tab.platforms.bukkit.BukkitPlatform.lambda$registerUnknownPlaceholder$2(BukkitPlatform.java:179)
11.03.2023 - 19:05:13 - 	at TAB.v3.2.4.jar//me.neznamy.tab.shared.placeholders.PlayerPlaceholderImpl.request(PlayerPlaceholderImpl.java:130)
11.03.2023 - 19:05:13 - 	at TAB.v3.2.4.jar//me.neznamy.tab.shared.placeholders.PlayerPlaceholderImpl.update(PlayerPlaceholderImpl.java:53)
11.03.2023 - 19:05:13 - 	at TAB.v3.2.4.jar//me.neznamy.tab.shared.features.PlaceholderManagerImpl.updatePlayerPlaceholder(PlaceholderManagerImpl.java:117)
11.03.2023 - 19:05:13 - 	at TAB.v3.2.4.jar//me.neznamy.tab.shared.features.PlaceholderManagerImpl.refresh(PlaceholderManagerImpl.java:68)
11.03.2023 - 19:05:13 - 	at TAB.v3.2.4.jar//me.neznamy.tab.shared.CpuManager.lambda$runMeasuredTask$8(CpuManager.java:354)
11.03.2023 - 19:05:13 - 	at TAB.v3.2.4.jar//me.neznamy.tab.shared.CpuManager.lambda$submit$1(CpuManager.java:111)
11.03.2023 - 19:05:13 - 	at java.base/java.util.concurrent.Executors$RunnableAdapter.call(Executors.java:539)
11.03.2023 - 19:05:13 - 	at java.base/java.util.concurrent.FutureTask.run(FutureTask.java:264)
11.03.2023 - 19:05:13 - 	at java.base/java.util.concurrent.ThreadPoolExecutor.runWorker(ThreadPoolExecutor.java:1136)
11.03.2023 - 19:05:13 - 	at java.base/java.util.concurrent.ThreadPoolExecutor$Worker.run(ThreadPoolExecutor.java:635)
11.03.2023 - 19:05:13 - 	at java.base/java.lang.Thread.run(Thread.java:833)
11.03.2023 - 19:05:14 - [TAB v3.2.4] Player placeholder %spbuild_getstagestring% generated an error when setting for player Dalynkaa
11.03.2023 - 19:05:14 - java.lang.IllegalStateException: zip file closed
11.03.2023 - 19:05:14 - 	at java.base/java.util.zip.ZipFile.ensureOpen(ZipFile.java:831)
11.03.2023 - 19:05:14 - 	at java.base/java.util.zip.ZipFile.getEntry(ZipFile.java:330)
11.03.2023 - 19:05:14 - 	at java.base/java.util.jar.JarFile.getEntry(JarFile.java:518)
11.03.2023 - 19:05:14 - 	at java.base/java.util.jar.JarFile.getJarEntry(JarFile.java:473)
11.03.2023 - 19:05:14 - 	at org.bukkit.plugin.java.PluginClassLoader.findClass(PluginClassLoader.java:189)
11.03.2023 - 19:05:14 - 	at java.base/java.lang.ClassLoader.loadClass(ClassLoader.java:587)
11.03.2023 - 19:05:14 - 	at org.bukkit.plugin.java.PluginClassLoader.loadClass0(PluginClassLoader.java:129)
11.03.2023 - 19:05:14 - 	at org.bukkit.plugin.java.PluginClassLoader.loadClass(PluginClassLoader.java:124)
11.03.2023 - 19:05:14 - 	at java.base/java.lang.ClassLoader.loadClass(ClassLoader.java:520)
11.03.2023 - 19:05:14 - 	at spworlds-1.0-SNAPSHOT.jar//com.spworlds.utils.PlaceholderApis.onRequest(PlaceholderApis.java:33)
11.03.2023 - 19:05:14 - 	at PlaceholderAPI-2.11.2.jar//me.clip.placeholderapi.replacer.CharsReplacer.apply(CharsReplacer.java:119)
11.03.2023 - 19:05:14 - 	at PlaceholderAPI-2.11.2.jar//me.clip.placeholderapi.PlaceholderAPI.setPlaceholders(PlaceholderAPI.java:71)
11.03.2023 - 19:05:14 - 	at PlaceholderAPI-2.11.2.jar//me.clip.placeholderapi.PlaceholderAPI.setPlaceholders(PlaceholderAPI.java:99)
11.03.2023 - 19:05:14 - 	at TAB.v3.2.4.jar//me.neznamy.tab.platforms.bukkit.BukkitPlatform.lambda$registerUnknownPlaceholder$2(BukkitPlatform.java:179)
11.03.2023 - 19:05:14 - 	at TAB.v3.2.4.jar//me.neznamy.tab.shared.placeholders.PlayerPlaceholderImpl.request(PlayerPlaceholderImpl.java:130)
11.03.2023 - 19:05:14 - 	at TAB.v3.2.4.jar//me.neznamy.tab.shared.placeholders.PlayerPlaceholderImpl.update(PlayerPlaceholderImpl.java:53)
11.03.2023 - 19:05:14 - 	at TAB.v3.2.4.jar//me.neznamy.tab.shared.features.PlaceholderManagerImpl.updatePlayerPlaceholder(PlaceholderManagerImpl.java:117)
11.03.2023 - 19:05:14 - 	at TAB.v3.2.4.jar//me.neznamy.tab.shared.features.PlaceholderManagerImpl.refresh(PlaceholderManagerImpl.java:68)
11.03.2023 - 19:05:14 - 	at TAB.v3.2.4.jar//me.neznamy.tab.shared.CpuManager.lambda$runMeasuredTask$8(CpuManager.java:354)
11.03.2023 - 19:05:14 - 	at TAB.v3.2.4.jar//me.neznamy.tab.shared.CpuManager.lambda$submit$1(CpuManager.java:111)
11.03.2023 - 19:05:14 - 	at java.base/java.util.concurrent.Executors$RunnableAdapter.call(Executors.java:539)
11.03.2023 - 19:05:14 - 	at java.base/java.util.concurrent.FutureTask.run(FutureTask.java:264)
11.03.2023 - 19:05:14 - 	at java.base/java.util.concurrent.ThreadPoolExecutor.runWorker(ThreadPoolExecutor.java:1136)
11.03.2023 - 19:05:14 - 	at java.base/java.util.concurrent.ThreadPoolExecutor$Worker.run(ThreadPoolExecutor.java:635)
11.03.2023 - 19:05:14 - 	at java.base/java.lang.Thread.run(Thread.java:833)
11.03.2023 - 19:05:14 - [TAB v3.2.4] Player placeholder %spbuild_getstagestring% generated an error when setting for player Dalynkaa
11.03.2023 - 19:05:14 - java.lang.IllegalStateException: zip file closed
11.03.2023 - 19:05:14 - 	at java.base/java.util.zip.ZipFile.ensureOpen(ZipFile.java:831)
11.03.2023 - 19:05:14 - 	at java.base/java.util.zip.ZipFile.getEntry(ZipFile.java:330)
11.03.2023 - 19:05:14 - 	at java.base/java.util.jar.JarFile.getEntry(JarFile.java:518)
11.03.2023 - 19:05:14 - 	at java.base/java.util.jar.JarFile.getJarEntry(JarFile.java:473)
11.03.2023 - 19:05:14 - 	at org.bukkit.plugin.java.PluginClassLoader.findClass(PluginClassLoader.java:189)
11.03.2023 - 19:05:14 - 	at java.base/java.lang.ClassLoader.loadClass(ClassLoader.java:587)
11.03.2023 - 19:05:14 - 	at org.bukkit.plugin.java.PluginClassLoader.loadClass0(PluginClassLoader.java:129)
11.03.2023 - 19:05:14 - 	at org.bukkit.plugin.java.PluginClassLoader.loadClass(PluginClassLoader.java:124)
11.03.2023 - 19:05:14 - 	at java.base/java.lang.ClassLoader.loadClass(ClassLoader.java:520)
11.03.2023 - 19:05:14 - 	at spworlds-1.0-SNAPSHOT.jar//com.spworlds.utils.PlaceholderApis.onRequest(PlaceholderApis.java:33)
11.03.2023 - 19:05:14 - 	at PlaceholderAPI-2.11.2.jar//me.clip.placeholderapi.replacer.CharsReplacer.apply(CharsReplacer.java:119)
11.03.2023 - 19:05:14 - 	at PlaceholderAPI-2.11.2.jar//me.clip.placeholderapi.PlaceholderAPI.setPlaceholders(PlaceholderAPI.java:71)
11.03.2023 - 19:05:14 - 	at PlaceholderAPI-2.11.2.jar//me.clip.placeholderapi.PlaceholderAPI.setPlaceholders(PlaceholderAPI.java:99)
11.03.2023 - 19:05:14 - 	at TAB.v3.2.4.jar//me.neznamy.tab.platforms.bukkit.BukkitPlatform.lambda$registerUnknownPlaceholder$2(BukkitPlatform.java:179)
11.03.2023 - 19:05:14 - 	at TAB.v3.2.4.jar//me.neznamy.tab.shared.placeholders.PlayerPlaceholderImpl.request(PlayerPlaceholderImpl.java:130)
11.03.2023 - 19:05:14 - 	at TAB.v3.2.4.jar//me.neznamy.tab.shared.placeholders.PlayerPlaceholderImpl.update(PlayerPlaceholderImpl.java:53)
11.03.2023 - 19:05:14 - 	at TAB.v3.2.4.jar//me.neznamy.tab.shared.features.PlaceholderManagerImpl.updatePlayerPlaceholder(PlaceholderManagerImpl.java:117)
11.03.2023 - 19:05:14 - 	at TAB.v3.2.4.jar//me.neznamy.tab.shared.features.PlaceholderManagerImpl.refresh(PlaceholderManagerImpl.java:68)
11.03.2023 - 19:05:14 - 	at TAB.v3.2.4.jar//me.neznamy.tab.shared.CpuManager.lambda$runMeasuredTask$8(CpuManager.java:354)
11.03.2023 - 19:05:14 - 	at TAB.v3.2.4.jar//me.neznamy.tab.shared.CpuManager.lambda$submit$1(CpuManager.java:111)
11.03.2023 - 19:05:14 - 	at java.base/java.util.concurrent.Executors$RunnableAdapter.call(Executors.java:539)
11.03.2023 - 19:05:14 - 	at java.base/java.util.concurrent.FutureTask.run(FutureTask.java:264)
11.03.2023 - 19:05:14 - 	at java.base/java.util.concurrent.ThreadPoolExecutor.runWorker(ThreadPoolExecutor.java:1136)
11.03.2023 - 19:05:14 - 	at java.base/java.util.concurrent.ThreadPoolExecutor$Worker.run(ThreadPoolExecutor.java:635)
11.03.2023 - 19:05:14 - 	at java.base/java.lang.Thread.run(Thread.java:833)
11.03.2023 - 19:05:15 - [TAB v3.2.4] Player placeholder %spbuild_getstagestring% generated an error when setting for player Dalynkaa
11.03.2023 - 19:05:15 - java.lang.IllegalStateException: zip file closed
11.03.2023 - 19:05:15 - 	at java.base/java.util.zip.ZipFile.ensureOpen(ZipFile.java:831)
11.03.2023 - 19:05:15 - 	at java.base/java.util.zip.ZipFile.getEntry(ZipFile.java:330)
11.03.2023 - 19:05:15 - 	at java.base/java.util.jar.JarFile.getEntry(JarFile.java:518)
11.03.2023 - 19:05:15 - 	at java.base/java.util.jar.JarFile.getJarEntry(JarFile.java:473)
11.03.2023 - 19:05:15 - 	at org.bukkit.plugin.java.PluginClassLoader.findClass(PluginClassLoader.java:189)
11.03.2023 - 19:05:15 - 	at java.base/java.lang.ClassLoader.loadClass(ClassLoader.java:587)
11.03.2023 - 19:05:15 - 	at org.bukkit.plugin.java.PluginClassLoader.loadClass0(PluginClassLoader.java:129)
11.03.2023 - 19:05:15 - 	at org.bukkit.plugin.java.PluginClassLoader.loadClass(PluginClassLoader.java:124)
11.03.2023 - 19:05:15 - 	at java.base/java.lang.ClassLoader.loadClass(ClassLoader.java:520)
11.03.2023 - 19:05:15 - 	at spworlds-1.0-SNAPSHOT.jar//com.spworlds.utils.PlaceholderApis.onRequest(PlaceholderApis.java:33)
11.03.2023 - 19:05:15 - 	at PlaceholderAPI-2.11.2.jar//me.clip.placeholderapi.replacer.CharsReplacer.apply(CharsReplacer.java:119)
11.03.2023 - 19:05:15 - 	at PlaceholderAPI-2.11.2.jar//me.clip.placeholderapi.PlaceholderAPI.setPlaceholders(PlaceholderAPI.java:71)
11.03.2023 - 19:05:15 - 	at PlaceholderAPI-2.11.2.jar//me.clip.placeholderapi.PlaceholderAPI.setPlaceholders(PlaceholderAPI.java:99)
11.03.2023 - 19:05:15 - 	at TAB.v3.2.4.jar//me.neznamy.tab.platforms.bukkit.BukkitPlatform.lambda$registerUnknownPlaceholder$2(BukkitPlatform.java:179)
11.03.2023 - 19:05:15 - 	at TAB.v3.2.4.jar//me.neznamy.tab.shared.placeholders.PlayerPlaceholderImpl.request(PlayerPlaceholderImpl.java:130)
11.03.2023 - 19:05:15 - 	at TAB.v3.2.4.jar//me.neznamy.tab.shared.placeholders.PlayerPlaceholderImpl.update(PlayerPlaceholderImpl.java:53)
11.03.2023 - 19:05:15 - 	at TAB.v3.2.4.jar//me.neznamy.tab.shared.features.PlaceholderManagerImpl.updatePlayerPlaceholder(PlaceholderManagerImpl.java:117)
11.03.2023 - 19:05:15 - 	at TAB.v3.2.4.jar//me.neznamy.tab.shared.features.PlaceholderManagerImpl.refresh(PlaceholderManagerImpl.java:68)
11.03.2023 - 19:05:15 - 	at TAB.v3.2.4.jar//me.neznamy.tab.shared.CpuManager.lambda$runMeasuredTask$8(CpuManager.java:354)
11.03.2023 - 19:05:15 - 	at TAB.v3.2.4.jar//me.neznamy.tab.shared.CpuManager.lambda$submit$1(CpuManager.java:111)
11.03.2023 - 19:05:15 - 	at java.base/java.util.concurrent.Executors$RunnableAdapter.call(Executors.java:539)
11.03.2023 - 19:05:15 - 	at java.base/java.util.concurrent.FutureTask.run(FutureTask.java:264)
11.03.2023 - 19:05:15 - 	at java.base/java.util.concurrent.ThreadPoolExecutor.runWorker(ThreadPoolExecutor.java:1136)
11.03.2023 - 19:05:15 - 	at java.base/java.util.concurrent.ThreadPoolExecutor$Worker.run(ThreadPoolExecutor.java:635)
11.03.2023 - 19:05:15 - 	at java.base/java.lang.Thread.run(Thread.java:833)
11.03.2023 - 19:05:15 - [TAB v3.2.4] Player placeholder %spbuild_getstagestring% generated an error when setting for player Dalynkaa
11.03.2023 - 19:05:15 - java.lang.IllegalStateException: zip file closed
11.03.2023 - 19:05:15 - 	at java.base/java.util.zip.ZipFile.ensureOpen(ZipFile.java:831)
11.03.2023 - 19:05:15 - 	at java.base/java.util.zip.ZipFile.getEntry(ZipFile.java:330)
11.03.2023 - 19:05:15 - 	at java.base/java.util.jar.JarFile.getEntry(JarFile.java:518)
11.03.2023 - 19:05:15 - 	at java.base/java.util.jar.JarFile.getJarEntry(JarFile.java:473)
11.03.2023 - 19:05:15 - 	at org.bukkit.plugin.java.PluginClassLoader.findClass(PluginClassLoader.java:189)
11.03.2023 - 19:05:15 - 	at java.base/java.lang.ClassLoader.loadClass(ClassLoader.java:587)
11.03.2023 - 19:05:15 - 	at org.bukkit.plugin.java.PluginClassLoader.loadClass0(PluginClassLoader.java:129)
11.03.2023 - 19:05:15 - 	at org.bukkit.plugin.java.PluginClassLoader.loadClass(PluginClassLoader.java:124)
11.03.2023 - 19:05:15 - 	at java.base/java.lang.ClassLoader.loadClass(ClassLoader.java:520)
11.03.2023 - 19:05:15 - 	at spworlds-1.0-SNAPSHOT.jar//com.spworlds.utils.PlaceholderApis.onRequest(PlaceholderApis.java:33)
11.03.2023 - 19:05:15 - 	at PlaceholderAPI-2.11.2.jar//me.clip.placeholderapi.replacer.CharsReplacer.apply(CharsReplacer.java:119)
11.03.2023 - 19:05:15 - 	at PlaceholderAPI-2.11.2.jar//me.clip.placeholderapi.PlaceholderAPI.setPlaceholders(PlaceholderAPI.java:71)
11.03.2023 - 19:05:15 - 	at PlaceholderAPI-2.11.2.jar//me.clip.placeholderapi.PlaceholderAPI.setPlaceholders(PlaceholderAPI.java:99)
11.03.2023 - 19:05:15 - 	at TAB.v3.2.4.jar//me.neznamy.tab.platforms.bukkit.BukkitPlatform.lambda$registerUnknownPlaceholder$2(BukkitPlatform.java:179)
11.03.2023 - 19:05:15 - 	at TAB.v3.2.4.jar//me.neznamy.tab.shared.placeholders.PlayerPlaceholderImpl.request(PlayerPlaceholderImpl.java:130)
11.03.2023 - 19:05:15 - 	at TAB.v3.2.4.jar//me.neznamy.tab.shared.placeholders.PlayerPlaceholderImpl.update(PlayerPlaceholderImpl.java:53)
11.03.2023 - 19:05:15 - 	at TAB.v3.2.4.jar//me.neznamy.tab.shared.features.PlaceholderManagerImpl.updatePlayerPlaceholder(PlaceholderManagerImpl.java:117)
11.03.2023 - 19:05:15 - 	at TAB.v3.2.4.jar//me.neznamy.tab.shared.features.PlaceholderManagerImpl.refresh(PlaceholderManagerImpl.java:68)
11.03.2023 - 19:05:15 - 	at TAB.v3.2.4.jar//me.neznamy.tab.shared.CpuManager.lambda$runMeasuredTask$8(CpuManager.java:354)
11.03.2023 - 19:05:15 - 	at TAB.v3.2.4.jar//me.neznamy.tab.shared.CpuManager.lambda$submit$1(CpuManager.java:111)
11.03.2023 - 19:05:15 - 	at java.base/java.util.concurrent.Executors$RunnableAdapter.call(Executors.java:539)
11.03.2023 - 19:05:15 - 	at java.base/java.util.concurrent.FutureTask.run(FutureTask.java:264)
11.03.2023 - 19:05:15 - 	at java.base/java.util.concurrent.ThreadPoolExecutor.runWorker(ThreadPoolExecutor.java:1136)
11.03.2023 - 19:05:15 - 	at java.base/java.util.concurrent.ThreadPoolExecutor$Worker.run(ThreadPoolExecutor.java:635)
11.03.2023 - 19:05:15 - 	at java.base/java.lang.Thread.run(Thread.java:833)
11.03.2023 - 19:05:16 - [TAB v3.2.4] Player placeholder %spbuild_getstagestring% generated an error when setting for player Dalynkaa
11.03.2023 - 19:05:16 - java.lang.IllegalStateException: zip file closed
11.03.2023 - 19:05:16 - 	at java.base/java.util.zip.ZipFile.ensureOpen(ZipFile.java:831)
11.03.2023 - 19:05:16 - 	at java.base/java.util.zip.ZipFile.getEntry(ZipFile.java:330)
11.03.2023 - 19:05:16 - 	at java.base/java.util.jar.JarFile.getEntry(JarFile.java:518)
11.03.2023 - 19:05:16 - 	at java.base/java.util.jar.JarFile.getJarEntry(JarFile.java:473)
11.03.2023 - 19:05:16 - 	at org.bukkit.plugin.java.PluginClassLoader.findClass(PluginClassLoader.java:189)
11.03.2023 - 19:05:16 - 	at java.base/java.lang.ClassLoader.loadClass(ClassLoader.java:587)
11.03.2023 - 19:05:16 - 	at org.bukkit.plugin.java.PluginClassLoader.loadClass0(PluginClassLoader.java:129)
11.03.2023 - 19:05:16 - 	at org.bukkit.plugin.java.PluginClassLoader.loadClass(PluginClassLoader.java:124)
11.03.2023 - 19:05:16 - 	at java.base/java.lang.ClassLoader.loadClass(ClassLoader.java:520)
11.03.2023 - 19:05:16 - 	at spworlds-1.0-SNAPSHOT.jar//com.spworlds.utils.PlaceholderApis.onRequest(PlaceholderApis.java:33)
11.03.2023 - 19:05:16 - 	at PlaceholderAPI-2.11.2.jar//me.clip.placeholderapi.replacer.CharsReplacer.apply(CharsReplacer.java:119)
11.03.2023 - 19:05:16 - 	at PlaceholderAPI-2.11.2.jar//me.clip.placeholderapi.PlaceholderAPI.setPlaceholders(PlaceholderAPI.java:71)
11.03.2023 - 19:05:16 - 	at PlaceholderAPI-2.11.2.jar//me.clip.placeholderapi.PlaceholderAPI.setPlaceholders(PlaceholderAPI.java:99)
11.03.2023 - 19:05:16 - 	at TAB.v3.2.4.jar//me.neznamy.tab.platforms.bukkit.BukkitPlatform.lambda$registerUnknownPlaceholder$2(BukkitPlatform.java:179)
11.03.2023 - 19:05:16 - 	at TAB.v3.2.4.jar//me.neznamy.tab.shared.placeholders.PlayerPlaceholderImpl.request(PlayerPlaceholderImpl.java:130)
11.03.2023 - 19:05:16 - 	at TAB.v3.2.4.jar//me.neznamy.tab.shared.placeholders.PlayerPlaceholderImpl.update(PlayerPlaceholderImpl.java:53)
11.03.2023 - 19:05:16 - 	at TAB.v3.2.4.jar//me.neznamy.tab.shared.features.PlaceholderManagerImpl.updatePlayerPlaceholder(PlaceholderManagerImpl.java:117)
11.03.2023 - 19:05:16 - 	at TAB.v3.2.4.jar//me.neznamy.tab.shared.features.PlaceholderManagerImpl.refresh(PlaceholderManagerImpl.java:68)
11.03.2023 - 19:05:16 - 	at TAB.v3.2.4.jar//me.neznamy.tab.shared.CpuManager.lambda$runMeasuredTask$8(CpuManager.java:354)
11.03.2023 - 19:05:16 - 	at TAB.v3.2.4.jar//me.neznamy.tab.shared.CpuManager.lambda$submit$1(CpuManager.java:111)
11.03.2023 - 19:05:16 - 	at java.base/java.util.concurrent.Executors$RunnableAdapter.call(Executors.java:539)
11.03.2023 - 19:05:16 - 	at java.base/java.util.concurrent.FutureTask.run(FutureTask.java:264)
11.03.2023 - 19:05:16 - 	at java.base/java.util.concurrent.ThreadPoolExecutor.runWorker(ThreadPoolExecutor.java:1136)
11.03.2023 - 19:05:16 - 	at java.base/java.util.concurrent.ThreadPoolExecutor$Worker.run(ThreadPoolExecutor.java:635)
11.03.2023 - 19:05:16 - 	at java.base/java.lang.Thread.run(Thread.java:833)
11.03.2023 - 19:05:16 - [TAB v3.2.4] Player placeholder %spbuild_getstagestring% generated an error when setting for player Dalynkaa
11.03.2023 - 19:05:16 - java.lang.IllegalStateException: zip file closed
11.03.2023 - 19:05:16 - 	at java.base/java.util.zip.ZipFile.ensureOpen(ZipFile.java:831)
11.03.2023 - 19:05:16 - 	at java.base/java.util.zip.ZipFile.getEntry(ZipFile.java:330)
11.03.2023 - 19:05:16 - 	at java.base/java.util.jar.JarFile.getEntry(JarFile.java:518)
11.03.2023 - 19:05:16 - 	at java.base/java.util.jar.JarFile.getJarEntry(JarFile.java:473)
11.03.2023 - 19:05:16 - 	at org.bukkit.plugin.java.PluginClassLoader.findClass(PluginClassLoader.java:189)
11.03.2023 - 19:05:16 - 	at java.base/java.lang.ClassLoader.loadClass(ClassLoader.java:587)
11.03.2023 - 19:05:16 - 	at org.bukkit.plugin.java.PluginClassLoader.loadClass0(PluginClassLoader.java:129)
11.03.2023 - 19:05:16 - 	at org.bukkit.plugin.java.PluginClassLoader.loadClass(PluginClassLoader.java:124)
11.03.2023 - 19:05:16 - 	at java.base/java.lang.ClassLoader.loadClass(ClassLoader.java:520)
11.03.2023 - 19:05:16 - 	at spworlds-1.0-SNAPSHOT.jar//com.spworlds.utils.PlaceholderApis.onRequest(PlaceholderApis.java:33)
11.03.2023 - 19:05:16 - 	at PlaceholderAPI-2.11.2.jar//me.clip.placeholderapi.replacer.CharsReplacer.apply(CharsReplacer.java:119)
11.03.2023 - 19:05:16 - 	at PlaceholderAPI-2.11.2.jar//me.clip.placeholderapi.PlaceholderAPI.setPlaceholders(PlaceholderAPI.java:71)
11.03.2023 - 19:05:16 - 	at PlaceholderAPI-2.11.2.jar//me.clip.placeholderapi.PlaceholderAPI.setPlaceholders(PlaceholderAPI.java:99)
11.03.2023 - 19:05:16 - 	at TAB.v3.2.4.jar//me.neznamy.tab.platforms.bukkit.BukkitPlatform.lambda$registerUnknownPlaceholder$2(BukkitPlatform.java:179)
11.03.2023 - 19:05:16 - 	at TAB.v3.2.4.jar//me.neznamy.tab.shared.placeholders.PlayerPlaceholderImpl.request(PlayerPlaceholderImpl.java:130)
11.03.2023 - 19:05:16 - 	at TAB.v3.2.4.jar//me.neznamy.tab.shared.placeholders.PlayerPlaceholderImpl.update(PlayerPlaceholderImpl.java:53)
11.03.2023 - 19:05:16 - 	at TAB.v3.2.4.jar//me.neznamy.tab.shared.features.PlaceholderManagerImpl.updatePlayerPlaceholder(PlaceholderManagerImpl.java:117)
11.03.2023 - 19:05:16 - 	at TAB.v3.2.4.jar//me.neznamy.tab.shared.features.PlaceholderManagerImpl.refresh(PlaceholderManagerImpl.java:68)
11.03.2023 - 19:05:16 - 	at TAB.v3.2.4.jar//me.neznamy.tab.shared.CpuManager.lambda$runMeasuredTask$8(CpuManager.java:354)
11.03.2023 - 19:05:16 - 	at TAB.v3.2.4.jar//me.neznamy.tab.shared.CpuManager.lambda$submit$1(CpuManager.java:111)
11.03.2023 - 19:05:16 - 	at java.base/java.util.concurrent.Executors$RunnableAdapter.call(Executors.java:539)
11.03.2023 - 19:05:16 - 	at java.base/java.util.concurrent.FutureTask.run(FutureTask.java:264)
11.03.2023 - 19:05:16 - 	at java.base/java.util.concurrent.ThreadPoolExecutor.runWorker(ThreadPoolExecutor.java:1136)
11.03.2023 - 19:05:16 - 	at java.base/java.util.concurrent.ThreadPoolExecutor$Worker.run(ThreadPoolExecutor.java:635)
11.03.2023 - 19:05:16 - 	at java.base/java.lang.Thread.run(Thread.java:833)
11.03.2023 - 19:05:17 - [TAB v3.2.4] Player placeholder %spbuild_getstagestring% generated an error when setting for player Dalynkaa
11.03.2023 - 19:05:17 - java.lang.IllegalStateException: zip file closed
11.03.2023 - 19:05:17 - 	at java.base/java.util.zip.ZipFile.ensureOpen(ZipFile.java:831)
11.03.2023 - 19:05:17 - 	at java.base/java.util.zip.ZipFile.getEntry(ZipFile.java:330)
11.03.2023 - 19:05:17 - 	at java.base/java.util.jar.JarFile.getEntry(JarFile.java:518)
11.03.2023 - 19:05:17 - 	at java.base/java.util.jar.JarFile.getJarEntry(JarFile.java:473)
11.03.2023 - 19:05:17 - 	at org.bukkit.plugin.java.PluginClassLoader.findClass(PluginClassLoader.java:189)
11.03.2023 - 19:05:17 - 	at java.base/java.lang.ClassLoader.loadClass(ClassLoader.java:587)
11.03.2023 - 19:05:17 - 	at org.bukkit.plugin.java.PluginClassLoader.loadClass0(PluginClassLoader.java:129)
11.03.2023 - 19:05:17 - 	at org.bukkit.plugin.java.PluginClassLoader.loadClass(PluginClassLoader.java:124)
11.03.2023 - 19:05:17 - 	at java.base/java.lang.ClassLoader.loadClass(ClassLoader.java:520)
11.03.2023 - 19:05:17 - 	at spworlds-1.0-SNAPSHOT.jar//com.spworlds.utils.PlaceholderApis.onRequest(PlaceholderApis.java:33)
11.03.2023 - 19:05:17 - 	at PlaceholderAPI-2.11.2.jar//me.clip.placeholderapi.replacer.CharsReplacer.apply(CharsReplacer.java:119)
11.03.2023 - 19:05:17 - 	at PlaceholderAPI-2.11.2.jar//me.clip.placeholderapi.PlaceholderAPI.setPlaceholders(PlaceholderAPI.java:71)
11.03.2023 - 19:05:17 - 	at PlaceholderAPI-2.11.2.jar//me.clip.placeholderapi.PlaceholderAPI.setPlaceholders(PlaceholderAPI.java:99)
11.03.2023 - 19:05:17 - 	at TAB.v3.2.4.jar//me.neznamy.tab.platforms.bukkit.BukkitPlatform.lambda$registerUnknownPlaceholder$2(BukkitPlatform.java:179)
11.03.2023 - 19:05:17 - 	at TAB.v3.2.4.jar//me.neznamy.tab.shared.placeholders.PlayerPlaceholderImpl.request(PlayerPlaceholderImpl.java:130)
11.03.2023 - 19:05:17 - 	at TAB.v3.2.4.jar//me.neznamy.tab.shared.placeholders.PlayerPlaceholderImpl.update(PlayerPlaceholderImpl.java:53)
11.03.2023 - 19:05:17 - 	at TAB.v3.2.4.jar//me.neznamy.tab.shared.features.PlaceholderManagerImpl.updatePlayerPlaceholder(PlaceholderManagerImpl.java:117)
11.03.2023 - 19:05:17 - 	at TAB.v3.2.4.jar//me.neznamy.tab.shared.features.PlaceholderManagerImpl.refresh(PlaceholderManagerImpl.java:68)
11.03.2023 - 19:05:17 - 	at TAB.v3.2.4.jar//me.neznamy.tab.shared.CpuManager.lambda$runMeasuredTask$8(CpuManager.java:354)
11.03.2023 - 19:05:17 - 	at TAB.v3.2.4.jar//me.neznamy.tab.shared.CpuManager.lambda$submit$1(CpuManager.java:111)
11.03.2023 - 19:05:17 - 	at java.base/java.util.concurrent.Executors$RunnableAdapter.call(Executors.java:539)
11.03.2023 - 19:05:17 - 	at java.base/java.util.concurrent.FutureTask.run(FutureTask.java:264)
11.03.2023 - 19:05:17 - 	at java.base/java.util.concurrent.ThreadPoolExecutor.runWorker(ThreadPoolExecutor.java:1136)
11.03.2023 - 19:05:17 - 	at java.base/java.util.concurrent.ThreadPoolExecutor$Worker.run(ThreadPoolExecutor.java:635)
11.03.2023 - 19:05:17 - 	at java.base/java.lang.Thread.run(Thread.java:833)
11.03.2023 - 19:05:17 - [TAB v3.2.4] Player placeholder %spbuild_getstagestring% generated an error when setting for player Dalynkaa
11.03.2023 - 19:05:17 - java.lang.IllegalStateException: zip file closed
11.03.2023 - 19:05:17 - 	at java.base/java.util.zip.ZipFile.ensureOpen(ZipFile.java:831)
11.03.2023 - 19:05:17 - 	at java.base/java.util.zip.ZipFile.getEntry(ZipFile.java:330)
11.03.2023 - 19:05:17 - 	at java.base/java.util.jar.JarFile.getEntry(JarFile.java:518)
11.03.2023 - 19:05:17 - 	at java.base/java.util.jar.JarFile.getJarEntry(JarFile.java:473)
11.03.2023 - 19:05:17 - 	at org.bukkit.plugin.java.PluginClassLoader.findClass(PluginClassLoader.java:189)
11.03.2023 - 19:05:17 - 	at java.base/java.lang.ClassLoader.loadClass(ClassLoader.java:587)
11.03.2023 - 19:05:17 - 	at org.bukkit.plugin.java.PluginClassLoader.loadClass0(PluginClassLoader.java:129)
11.03.2023 - 19:05:17 - 	at org.bukkit.plugin.java.PluginClassLoader.loadClass(PluginClassLoader.java:124)
11.03.2023 - 19:05:17 - 	at java.base/java.lang.ClassLoader.loadClass(ClassLoader.java:520)
11.03.2023 - 19:05:17 - 	at spworlds-1.0-SNAPSHOT.jar//com.spworlds.utils.PlaceholderApis.onRequest(PlaceholderApis.java:33)
11.03.2023 - 19:05:17 - 	at PlaceholderAPI-2.11.2.jar//me.clip.placeholderapi.replacer.CharsReplacer.apply(CharsReplacer.java:119)
11.03.2023 - 19:05:17 - 	at PlaceholderAPI-2.11.2.jar//me.clip.placeholderapi.PlaceholderAPI.setPlaceholders(PlaceholderAPI.java:71)
11.03.2023 - 19:05:17 - 	at PlaceholderAPI-2.11.2.jar//me.clip.placeholderapi.PlaceholderAPI.setPlaceholders(PlaceholderAPI.java:99)
11.03.2023 - 19:05:17 - 	at TAB.v3.2.4.jar//me.neznamy.tab.platforms.bukkit.BukkitPlatform.lambda$registerUnknownPlaceholder$2(BukkitPlatform.java:179)
11.03.2023 - 19:05:17 - 	at TAB.v3.2.4.jar//me.neznamy.tab.shared.placeholders.PlayerPlaceholderImpl.request(PlayerPlaceholderImpl.java:130)
11.03.2023 - 19:05:17 - 	at TAB.v3.2.4.jar//me.neznamy.tab.shared.placeholders.PlayerPlaceholderImpl.update(PlayerPlaceholderImpl.java:53)
11.03.2023 - 19:05:17 - 	at TAB.v3.2.4.jar//me.neznamy.tab.shared.features.PlaceholderManagerImpl.updatePlayerPlaceholder(PlaceholderManagerImpl.java:117)
11.03.2023 - 19:05:17 - 	at TAB.v3.2.4.jar//me.neznamy.tab.shared.features.PlaceholderManagerImpl.refresh(PlaceholderManagerImpl.java:68)
11.03.2023 - 19:05:17 - 	at TAB.v3.2.4.jar//me.neznamy.tab.shared.CpuManager.lambda$runMeasuredTask$8(CpuManager.java:354)
11.03.2023 - 19:05:17 - 	at TAB.v3.2.4.jar//me.neznamy.tab.shared.CpuManager.lambda$submit$1(CpuManager.java:111)
11.03.2023 - 19:05:17 - 	at java.base/java.util.concurrent.Executors$RunnableAdapter.call(Executors.java:539)
11.03.2023 - 19:05:17 - 	at java.base/java.util.concurrent.FutureTask.run(FutureTask.java:264)
11.03.2023 - 19:05:17 - 	at java.base/java.util.concurrent.ThreadPoolExecutor.runWorker(ThreadPoolExecutor.java:1136)
11.03.2023 - 19:05:17 - 	at java.base/java.util.concurrent.ThreadPoolExecutor$Worker.run(ThreadPoolExecutor.java:635)
11.03.2023 - 19:05:17 - 	at java.base/java.lang.Thread.run(Thread.java:833)
11.03.2023 - 19:05:18 - [TAB v3.2.4] Player placeholder %spbuild_getstagestring% generated an error when setting for player Dalynkaa
11.03.2023 - 19:05:18 - java.lang.IllegalStateException: zip file closed
11.03.2023 - 19:05:18 - 	at java.base/java.util.zip.ZipFile.ensureOpen(ZipFile.java:831)
11.03.2023 - 19:05:18 - 	at java.base/java.util.zip.ZipFile.getEntry(ZipFile.java:330)
11.03.2023 - 19:05:18 - 	at java.base/java.util.jar.JarFile.getEntry(JarFile.java:518)
11.03.2023 - 19:05:18 - 	at java.base/java.util.jar.JarFile.getJarEntry(JarFile.java:473)
11.03.2023 - 19:05:18 - 	at org.bukkit.plugin.java.PluginClassLoader.findClass(PluginClassLoader.java:189)
11.03.2023 - 19:05:18 - 	at java.base/java.lang.ClassLoader.loadClass(ClassLoader.java:587)
11.03.2023 - 19:05:18 - 	at org.bukkit.plugin.java.PluginClassLoader.loadClass0(PluginClassLoader.java:129)
11.03.2023 - 19:05:18 - 	at org.bukkit.plugin.java.PluginClassLoader.loadClass(PluginClassLoader.java:124)
11.03.2023 - 19:05:18 - 	at java.base/java.lang.ClassLoader.loadClass(ClassLoader.java:520)
11.03.2023 - 19:05:18 - 	at spworlds-1.0-SNAPSHOT.jar//com.spworlds.utils.PlaceholderApis.onRequest(PlaceholderApis.java:33)
11.03.2023 - 19:05:18 - 	at PlaceholderAPI-2.11.2.jar//me.clip.placeholderapi.replacer.CharsReplacer.apply(CharsReplacer.java:119)
11.03.2023 - 19:05:18 - 	at PlaceholderAPI-2.11.2.jar//me.clip.placeholderapi.PlaceholderAPI.setPlaceholders(PlaceholderAPI.java:71)
11.03.2023 - 19:05:18 - 	at PlaceholderAPI-2.11.2.jar//me.clip.placeholderapi.PlaceholderAPI.setPlaceholders(PlaceholderAPI.java:99)
11.03.2023 - 19:05:18 - 	at TAB.v3.2.4.jar//me.neznamy.tab.platforms.bukkit.BukkitPlatform.lambda$registerUnknownPlaceholder$2(BukkitPlatform.java:179)
11.03.2023 - 19:05:18 - 	at TAB.v3.2.4.jar//me.neznamy.tab.shared.placeholders.PlayerPlaceholderImpl.request(PlayerPlaceholderImpl.java:130)
11.03.2023 - 19:05:18 - 	at TAB.v3.2.4.jar//me.neznamy.tab.shared.placeholders.PlayerPlaceholderImpl.update(PlayerPlaceholderImpl.java:53)
11.03.2023 - 19:05:18 - 	at TAB.v3.2.4.jar//me.neznamy.tab.shared.features.PlaceholderManagerImpl.updatePlayerPlaceholder(PlaceholderManagerImpl.java:117)
11.03.2023 - 19:05:18 - 	at TAB.v3.2.4.jar//me.neznamy.tab.shared.features.PlaceholderManagerImpl.refresh(PlaceholderManagerImpl.java:68)
11.03.2023 - 19:05:18 - 	at TAB.v3.2.4.jar//me.neznamy.tab.shared.CpuManager.lambda$runMeasuredTask$8(CpuManager.java:354)
11.03.2023 - 19:05:18 - 	at TAB.v3.2.4.jar//me.neznamy.tab.shared.CpuManager.lambda$submit$1(CpuManager.java:111)
11.03.2023 - 19:05:18 - 	at java.base/java.util.concurrent.Executors$RunnableAdapter.call(Executors.java:539)
11.03.2023 - 19:05:18 - 	at java.base/java.util.concurrent.FutureTask.run(FutureTask.java:264)
11.03.2023 - 19:05:18 - 	at java.base/java.util.concurrent.ThreadPoolExecutor.runWorker(ThreadPoolExecutor.java:1136)
11.03.2023 - 19:05:18 - 	at java.base/java.util.concurrent.ThreadPoolExecutor$Worker.run(ThreadPoolExecutor.java:635)
11.03.2023 - 19:05:18 - 	at java.base/java.lang.Thread.run(Thread.java:833)
11.03.2023 - 19:05:18 - [TAB v3.2.4] Player placeholder %spbuild_getstagestring% generated an error when setting for player Dalynkaa
11.03.2023 - 19:05:18 - java.lang.IllegalStateException: zip file closed
11.03.2023 - 19:05:18 - 	at java.base/java.util.zip.ZipFile.ensureOpen(ZipFile.java:831)
11.03.2023 - 19:05:18 - 	at java.base/java.util.zip.ZipFile.getEntry(ZipFile.java:330)
11.03.2023 - 19:05:18 - 	at java.base/java.util.jar.JarFile.getEntry(JarFile.java:518)
11.03.2023 - 19:05:18 - 	at java.base/java.util.jar.JarFile.getJarEntry(JarFile.java:473)
11.03.2023 - 19:05:18 - 	at org.bukkit.plugin.java.PluginClassLoader.findClass(PluginClassLoader.java:189)
11.03.2023 - 19:05:18 - 	at java.base/java.lang.ClassLoader.loadClass(ClassLoader.java:587)
11.03.2023 - 19:05:18 - 	at org.bukkit.plugin.java.PluginClassLoader.loadClass0(PluginClassLoader.java:129)
11.03.2023 - 19:05:18 - 	at org.bukkit.plugin.java.PluginClassLoader.loadClass(PluginClassLoader.java:124)
11.03.2023 - 19:05:18 - 	at java.base/java.lang.ClassLoader.loadClass(ClassLoader.java:520)
11.03.2023 - 19:05:18 - 	at spworlds-1.0-SNAPSHOT.jar//com.spworlds.utils.PlaceholderApis.onRequest(PlaceholderApis.java:33)
11.03.2023 - 19:05:18 - 	at PlaceholderAPI-2.11.2.jar//me.clip.placeholderapi.replacer.CharsReplacer.apply(CharsReplacer.java:119)
11.03.2023 - 19:05:18 - 	at PlaceholderAPI-2.11.2.jar//me.clip.placeholderapi.PlaceholderAPI.setPlaceholders(PlaceholderAPI.java:71)
11.03.2023 - 19:05:18 - 	at PlaceholderAPI-2.11.2.jar//me.clip.placeholderapi.PlaceholderAPI.setPlaceholders(PlaceholderAPI.java:99)
11.03.2023 - 19:05:18 - 	at TAB.v3.2.4.jar//me.neznamy.tab.platforms.bukkit.BukkitPlatform.lambda$registerUnknownPlaceholder$2(BukkitPlatform.java:179)
11.03.2023 - 19:05:18 - 	at TAB.v3.2.4.jar//me.neznamy.tab.shared.placeholders.PlayerPlaceholderImpl.request(PlayerPlaceholderImpl.java:130)
11.03.2023 - 19:05:18 - 	at TAB.v3.2.4.jar//me.neznamy.tab.shared.placeholders.PlayerPlaceholderImpl.update(PlayerPlaceholderImpl.java:53)
11.03.2023 - 19:05:18 - 	at TAB.v3.2.4.jar//me.neznamy.tab.shared.features.PlaceholderManagerImpl.updatePlayerPlaceholder(PlaceholderManagerImpl.java:117)
11.03.2023 - 19:05:18 - 	at TAB.v3.2.4.jar//me.neznamy.tab.shared.features.PlaceholderManagerImpl.refresh(PlaceholderManagerImpl.java:68)
11.03.2023 - 19:05:18 - 	at TAB.v3.2.4.jar//me.neznamy.tab.shared.CpuManager.lambda$runMeasuredTask$8(CpuManager.java:354)
11.03.2023 - 19:05:18 - 	at TAB.v3.2.4.jar//me.neznamy.tab.shared.CpuManager.lambda$submit$1(CpuManager.java:111)
11.03.2023 - 19:05:18 - 	at java.base/java.util.concurrent.Executors$RunnableAdapter.call(Executors.java:539)
11.03.2023 - 19:05:18 - 	at java.base/java.util.concurrent.FutureTask.run(FutureTask.java:264)
11.03.2023 - 19:05:18 - 	at java.base/java.util.concurrent.ThreadPoolExecutor.runWorker(ThreadPoolExecutor.java:1136)
11.03.2023 - 19:05:18 - 	at java.base/java.util.concurrent.ThreadPoolExecutor$Worker.run(ThreadPoolExecutor.java:635)
11.03.2023 - 19:05:18 - 	at java.base/java.lang.Thread.run(Thread.java:833)
11.03.2023 - 19:05:19 - [TAB v3.2.4] Player placeholder %spbuild_getstagestring% generated an error when setting for player Dalynkaa
11.03.2023 - 19:05:19 - java.lang.IllegalStateException: zip file closed
11.03.2023 - 19:05:19 - 	at java.base/java.util.zip.ZipFile.ensureOpen(ZipFile.java:831)
11.03.2023 - 19:05:19 - 	at java.base/java.util.zip.ZipFile.getEntry(ZipFile.java:330)
11.03.2023 - 19:05:19 - 	at java.base/java.util.jar.JarFile.getEntry(JarFile.java:518)
11.03.2023 - 19:05:19 - 	at java.base/java.util.jar.JarFile.getJarEntry(JarFile.java:473)
11.03.2023 - 19:05:19 - 	at org.bukkit.plugin.java.PluginClassLoader.findClass(PluginClassLoader.java:189)
11.03.2023 - 19:05:19 - 	at java.base/java.lang.ClassLoader.loadClass(ClassLoader.java:587)
11.03.2023 - 19:05:19 - 	at org.bukkit.plugin.java.PluginClassLoader.loadClass0(PluginClassLoader.java:129)
11.03.2023 - 19:05:19 - 	at org.bukkit.plugin.java.PluginClassLoader.loadClass(PluginClassLoader.java:124)
11.03.2023 - 19:05:19 - 	at java.base/java.lang.ClassLoader.loadClass(ClassLoader.java:520)
11.03.2023 - 19:05:19 - 	at spworlds-1.0-SNAPSHOT.jar//com.spworlds.utils.PlaceholderApis.onRequest(PlaceholderApis.java:33)
11.03.2023 - 19:05:19 - 	at PlaceholderAPI-2.11.2.jar//me.clip.placeholderapi.replacer.CharsReplacer.apply(CharsReplacer.java:119)
11.03.2023 - 19:05:19 - 	at PlaceholderAPI-2.11.2.jar//me.clip.placeholderapi.PlaceholderAPI.setPlaceholders(PlaceholderAPI.java:71)
11.03.2023 - 19:05:19 - 	at PlaceholderAPI-2.11.2.jar//me.clip.placeholderapi.PlaceholderAPI.setPlaceholders(PlaceholderAPI.java:99)
11.03.2023 - 19:05:19 - 	at TAB.v3.2.4.jar//me.neznamy.tab.platforms.bukkit.BukkitPlatform.lambda$registerUnknownPlaceholder$2(BukkitPlatform.java:179)
11.03.2023 - 19:05:19 - 	at TAB.v3.2.4.jar//me.neznamy.tab.shared.placeholders.PlayerPlaceholderImpl.request(PlayerPlaceholderImpl.java:130)
11.03.2023 - 19:05:19 - 	at TAB.v3.2.4.jar//me.neznamy.tab.shared.placeholders.PlayerPlaceholderImpl.update(PlayerPlaceholderImpl.java:53)
11.03.2023 - 19:05:19 - 	at TAB.v3.2.4.jar//me.neznamy.tab.shared.features.PlaceholderManagerImpl.updatePlayerPlaceholder(PlaceholderManagerImpl.java:117)
11.03.2023 - 19:05:19 - 	at TAB.v3.2.4.jar//me.neznamy.tab.shared.features.PlaceholderManagerImpl.refresh(PlaceholderManagerImpl.java:68)
11.03.2023 - 19:05:19 - 	at TAB.v3.2.4.jar//me.neznamy.tab.shared.CpuManager.lambda$runMeasuredTask$8(CpuManager.java:354)
11.03.2023 - 19:05:19 - 	at TAB.v3.2.4.jar//me.neznamy.tab.shared.CpuManager.lambda$submit$1(CpuManager.java:111)
11.03.2023 - 19:05:19 - 	at java.base/java.util.concurrent.Executors$RunnableAdapter.call(Executors.java:539)
11.03.2023 - 19:05:19 - 	at java.base/java.util.concurrent.FutureTask.run(FutureTask.java:264)
11.03.2023 - 19:05:19 - 	at java.base/java.util.concurrent.ThreadPoolExecutor.runWorker(ThreadPoolExecutor.java:1136)
11.03.2023 - 19:05:19 - 	at java.base/java.util.concurrent.ThreadPoolExecutor$Worker.run(ThreadPoolExecutor.java:635)
11.03.2023 - 19:05:19 - 	at java.base/java.lang.Thread.run(Thread.java:833)
11.03.2023 - 19:05:19 - [TAB v3.2.4] Player placeholder %spbuild_getstagestring% generated an error when setting for player Dalynkaa
11.03.2023 - 19:05:19 - java.lang.IllegalStateException: zip file closed
11.03.2023 - 19:05:19 - 	at java.base/java.util.zip.ZipFile.ensureOpen(ZipFile.java:831)
11.03.2023 - 19:05:19 - 	at java.base/java.util.zip.ZipFile.getEntry(ZipFile.java:330)
11.03.2023 - 19:05:19 - 	at java.base/java.util.jar.JarFile.getEntry(JarFile.java:518)
11.03.2023 - 19:05:19 - 	at java.base/java.util.jar.JarFile.getJarEntry(JarFile.java:473)
11.03.2023 - 19:05:19 - 	at org.bukkit.plugin.java.PluginClassLoader.findClass(PluginClassLoader.java:189)
11.03.2023 - 19:05:19 - 	at java.base/java.lang.ClassLoader.loadClass(ClassLoader.java:587)
11.03.2023 - 19:05:19 - 	at org.bukkit.plugin.java.PluginClassLoader.loadClass0(PluginClassLoader.java:129)
11.03.2023 - 19:05:19 - 	at org.bukkit.plugin.java.PluginClassLoader.loadClass(PluginClassLoader.java:124)
11.03.2023 - 19:05:19 - 	at java.base/java.lang.ClassLoader.loadClass(ClassLoader.java:520)
11.03.2023 - 19:05:19 - 	at spworlds-1.0-SNAPSHOT.jar//com.spworlds.utils.PlaceholderApis.onRequest(PlaceholderApis.java:33)
11.03.2023 - 19:05:19 - 	at PlaceholderAPI-2.11.2.jar//me.clip.placeholderapi.replacer.CharsReplacer.apply(CharsReplacer.java:119)
11.03.2023 - 19:05:19 - 	at PlaceholderAPI-2.11.2.jar//me.clip.placeholderapi.PlaceholderAPI.setPlaceholders(PlaceholderAPI.java:71)
11.03.2023 - 19:05:19 - 	at PlaceholderAPI-2.11.2.jar//me.clip.placeholderapi.PlaceholderAPI.setPlaceholders(PlaceholderAPI.java:99)
11.03.2023 - 19:05:19 - 	at TAB.v3.2.4.jar//me.neznamy.tab.platforms.bukkit.BukkitPlatform.lambda$registerUnknownPlaceholder$2(BukkitPlatform.java:179)
11.03.2023 - 19:05:19 - 	at TAB.v3.2.4.jar//me.neznamy.tab.shared.placeholders.PlayerPlaceholderImpl.request(PlayerPlaceholderImpl.java:130)
11.03.2023 - 19:05:19 - 	at TAB.v3.2.4.jar//me.neznamy.tab.shared.placeholders.PlayerPlaceholderImpl.update(PlayerPlaceholderImpl.java:53)
11.03.2023 - 19:05:19 - 	at TAB.v3.2.4.jar//me.neznamy.tab.shared.features.PlaceholderManagerImpl.updatePlayerPlaceholder(PlaceholderManagerImpl.java:117)
11.03.2023 - 19:05:19 - 	at TAB.v3.2.4.jar//me.neznamy.tab.shared.features.PlaceholderManagerImpl.refresh(PlaceholderManagerImpl.java:68)
11.03.2023 - 19:05:19 - 	at TAB.v3.2.4.jar//me.neznamy.tab.shared.CpuManager.lambda$runMeasuredTask$8(CpuManager.java:354)
11.03.2023 - 19:05:19 - 	at TAB.v3.2.4.jar//me.neznamy.tab.shared.CpuManager.lambda$submit$1(CpuManager.java:111)
11.03.2023 - 19:05:19 - 	at java.base/java.util.concurrent.Executors$RunnableAdapter.call(Executors.java:539)
11.03.2023 - 19:05:19 - 	at java.base/java.util.concurrent.FutureTask.run(FutureTask.java:264)
11.03.2023 - 19:05:19 - 	at java.base/java.util.concurrent.ThreadPoolExecutor.runWorker(ThreadPoolExecutor.java:1136)
11.03.2023 - 19:05:19 - 	at java.base/java.util.concurrent.ThreadPoolExecutor$Worker.run(ThreadPoolExecutor.java:635)
11.03.2023 - 19:05:19 - 	at java.base/java.lang.Thread.run(Thread.java:833)
11.03.2023 - 19:05:20 - [TAB v3.2.4] Player placeholder %spbuild_getstagestring% generated an error when setting for player Dalynkaa
11.03.2023 - 19:05:20 - java.lang.IllegalStateException: zip file closed
11.03.2023 - 19:05:20 - 	at java.base/java.util.zip.ZipFile.ensureOpen(ZipFile.java:831)
11.03.2023 - 19:05:20 - 	at java.base/java.util.zip.ZipFile.getEntry(ZipFile.java:330)
11.03.2023 - 19:05:20 - 	at java.base/java.util.jar.JarFile.getEntry(JarFile.java:518)
11.03.2023 - 19:05:20 - 	at java.base/java.util.jar.JarFile.getJarEntry(JarFile.java:473)
11.03.2023 - 19:05:20 - 	at org.bukkit.plugin.java.PluginClassLoader.findClass(PluginClassLoader.java:189)
11.03.2023 - 19:05:20 - 	at java.base/java.lang.ClassLoader.loadClass(ClassLoader.java:587)
11.03.2023 - 19:05:20 - 	at org.bukkit.plugin.java.PluginClassLoader.loadClass0(PluginClassLoader.java:129)
11.03.2023 - 19:05:20 - 	at org.bukkit.plugin.java.PluginClassLoader.loadClass(PluginClassLoader.java:124)
11.03.2023 - 19:05:20 - 	at java.base/java.lang.ClassLoader.loadClass(ClassLoader.java:520)
11.03.2023 - 19:05:20 - 	at spworlds-1.0-SNAPSHOT.jar//com.spworlds.utils.PlaceholderApis.onRequest(PlaceholderApis.java:33)
11.03.2023 - 19:05:20 - 	at PlaceholderAPI-2.11.2.jar//me.clip.placeholderapi.replacer.CharsReplacer.apply(CharsReplacer.java:119)
11.03.2023 - 19:05:20 - 	at PlaceholderAPI-2.11.2.jar//me.clip.placeholderapi.PlaceholderAPI.setPlaceholders(PlaceholderAPI.java:71)
11.03.2023 - 19:05:20 - 	at PlaceholderAPI-2.11.2.jar//me.clip.placeholderapi.PlaceholderAPI.setPlaceholders(PlaceholderAPI.java:99)
11.03.2023 - 19:05:20 - 	at TAB.v3.2.4.jar//me.neznamy.tab.platforms.bukkit.BukkitPlatform.lambda$registerUnknownPlaceholder$2(BukkitPlatform.java:179)
11.03.2023 - 19:05:20 - 	at TAB.v3.2.4.jar//me.neznamy.tab.shared.placeholders.PlayerPlaceholderImpl.request(PlayerPlaceholderImpl.java:130)
11.03.2023 - 19:05:20 - 	at TAB.v3.2.4.jar//me.neznamy.tab.shared.placeholders.PlayerPlaceholderImpl.update(PlayerPlaceholderImpl.java:53)
11.03.2023 - 19:05:20 - 	at TAB.v3.2.4.jar//me.neznamy.tab.shared.features.PlaceholderManagerImpl.updatePlayerPlaceholder(PlaceholderManagerImpl.java:117)
11.03.2023 - 19:05:20 - 	at TAB.v3.2.4.jar//me.neznamy.tab.shared.features.PlaceholderManagerImpl.refresh(PlaceholderManagerImpl.java:68)
11.03.2023 - 19:05:20 - 	at TAB.v3.2.4.jar//me.neznamy.tab.shared.CpuManager.lambda$runMeasuredTask$8(CpuManager.java:354)
11.03.2023 - 19:05:20 - 	at TAB.v3.2.4.jar//me.neznamy.tab.shared.CpuManager.lambda$submit$1(CpuManager.java:111)
11.03.2023 - 19:05:20 - 	at java.base/java.util.concurrent.Executors$RunnableAdapter.call(Executors.java:539)
11.03.2023 - 19:05:20 - 	at java.base/java.util.concurrent.FutureTask.run(FutureTask.java:264)
11.03.2023 - 19:05:20 - 	at java.base/java.util.concurrent.ThreadPoolExecutor.runWorker(ThreadPoolExecutor.java:1136)
11.03.2023 - 19:05:20 - 	at java.base/java.util.concurrent.ThreadPoolExecutor$Worker.run(ThreadPoolExecutor.java:635)
11.03.2023 - 19:05:20 - 	at java.base/java.lang.Thread.run(Thread.java:833)
11.03.2023 - 19:05:20 - [TAB v3.2.4] Player placeholder %spbuild_getstagestring% generated an error when setting for player Dalynkaa
11.03.2023 - 19:05:20 - java.lang.IllegalStateException: zip file closed
11.03.2023 - 19:05:20 - 	at java.base/java.util.zip.ZipFile.ensureOpen(ZipFile.java:831)
11.03.2023 - 19:05:20 - 	at java.base/java.util.zip.ZipFile.getEntry(ZipFile.java:330)
11.03.2023 - 19:05:20 - 	at java.base/java.util.jar.JarFile.getEntry(JarFile.java:518)
11.03.2023 - 19:05:20 - 	at java.base/java.util.jar.JarFile.getJarEntry(JarFile.java:473)
11.03.2023 - 19:05:20 - 	at org.bukkit.plugin.java.PluginClassLoader.findClass(PluginClassLoader.java:189)
11.03.2023 - 19:05:20 - 	at java.base/java.lang.ClassLoader.loadClass(ClassLoader.java:587)
11.03.2023 - 19:05:20 - 	at org.bukkit.plugin.java.PluginClassLoader.loadClass0(PluginClassLoader.java:129)
11.03.2023 - 19:05:20 - 	at org.bukkit.plugin.java.PluginClassLoader.loadClass(PluginClassLoader.java:124)
11.03.2023 - 19:05:20 - 	at java.base/java.lang.ClassLoader.loadClass(ClassLoader.java:520)
11.03.2023 - 19:05:20 - 	at spworlds-1.0-SNAPSHOT.jar//com.spworlds.utils.PlaceholderApis.onRequest(PlaceholderApis.java:33)
11.03.2023 - 19:05:20 - 	at PlaceholderAPI-2.11.2.jar//me.clip.placeholderapi.replacer.CharsReplacer.apply(CharsReplacer.java:119)
11.03.2023 - 19:05:20 - 	at PlaceholderAPI-2.11.2.jar//me.clip.placeholderapi.PlaceholderAPI.setPlaceholders(PlaceholderAPI.java:71)
11.03.2023 - 19:05:20 - 	at PlaceholderAPI-2.11.2.jar//me.clip.placeholderapi.PlaceholderAPI.setPlaceholders(PlaceholderAPI.java:99)
11.03.2023 - 19:05:20 - 	at TAB.v3.2.4.jar//me.neznamy.tab.platforms.bukkit.BukkitPlatform.lambda$registerUnknownPlaceholder$2(BukkitPlatform.java:179)
11.03.2023 - 19:05:20 - 	at TAB.v3.2.4.jar//me.neznamy.tab.shared.placeholders.PlayerPlaceholderImpl.request(PlayerPlaceholderImpl.java:130)
11.03.2023 - 19:05:20 - 	at TAB.v3.2.4.jar//me.neznamy.tab.shared.placeholders.PlayerPlaceholderImpl.update(PlayerPlaceholderImpl.java:53)
11.03.2023 - 19:05:20 - 	at TAB.v3.2.4.jar//me.neznamy.tab.shared.features.PlaceholderManagerImpl.updatePlayerPlaceholder(PlaceholderManagerImpl.java:117)
11.03.2023 - 19:05:20 - 	at TAB.v3.2.4.jar//me.neznamy.tab.shared.features.PlaceholderManagerImpl.refresh(PlaceholderManagerImpl.java:68)
11.03.2023 - 19:05:20 - 	at TAB.v3.2.4.jar//me.neznamy.tab.shared.CpuManager.lambda$runMeasuredTask$8(CpuManager.java:354)
11.03.2023 - 19:05:20 - 	at TAB.v3.2.4.jar//me.neznamy.tab.shared.CpuManager.lambda$submit$1(CpuManager.java:111)
11.03.2023 - 19:05:20 - 	at java.base/java.util.concurrent.Executors$RunnableAdapter.call(Executors.java:539)
11.03.2023 - 19:05:20 - 	at java.base/java.util.concurrent.FutureTask.run(FutureTask.java:264)
11.03.2023 - 19:05:20 - 	at java.base/java.util.concurrent.ThreadPoolExecutor.runWorker(ThreadPoolExecutor.java:1136)
11.03.2023 - 19:05:20 - 	at java.base/java.util.concurrent.ThreadPoolExecutor$Worker.run(ThreadPoolExecutor.java:635)
11.03.2023 - 19:05:20 - 	at java.base/java.lang.Thread.run(Thread.java:833)
11.03.2023 - 19:05:21 - [TAB v3.2.4] Player placeholder %spbuild_getstagestring% generated an error when setting for player Dalynkaa
11.03.2023 - 19:05:21 - java.lang.IllegalStateException: zip file closed
11.03.2023 - 19:05:21 - 	at java.base/java.util.zip.ZipFile.ensureOpen(ZipFile.java:831)
11.03.2023 - 19:05:21 - 	at java.base/java.util.zip.ZipFile.getEntry(ZipFile.java:330)
11.03.2023 - 19:05:21 - 	at java.base/java.util.jar.JarFile.getEntry(JarFile.java:518)
11.03.2023 - 19:05:21 - 	at java.base/java.util.jar.JarFile.getJarEntry(JarFile.java:473)
11.03.2023 - 19:05:21 - 	at org.bukkit.plugin.java.PluginClassLoader.findClass(PluginClassLoader.java:189)
11.03.2023 - 19:05:21 - 	at java.base/java.lang.ClassLoader.loadClass(ClassLoader.java:587)
11.03.2023 - 19:05:21 - 	at org.bukkit.plugin.java.PluginClassLoader.loadClass0(PluginClassLoader.java:129)
11.03.2023 - 19:05:21 - 	at org.bukkit.plugin.java.PluginClassLoader.loadClass(PluginClassLoader.java:124)
11.03.2023 - 19:05:21 - 	at java.base/java.lang.ClassLoader.loadClass(ClassLoader.java:520)
11.03.2023 - 19:05:21 - 	at spworlds-1.0-SNAPSHOT.jar//com.spworlds.utils.PlaceholderApis.onRequest(PlaceholderApis.java:33)
11.03.2023 - 19:05:21 - 	at PlaceholderAPI-2.11.2.jar//me.clip.placeholderapi.replacer.CharsReplacer.apply(CharsReplacer.java:119)
11.03.2023 - 19:05:21 - 	at PlaceholderAPI-2.11.2.jar//me.clip.placeholderapi.PlaceholderAPI.setPlaceholders(PlaceholderAPI.java:71)
11.03.2023 - 19:05:21 - 	at PlaceholderAPI-2.11.2.jar//me.clip.placeholderapi.PlaceholderAPI.setPlaceholders(PlaceholderAPI.java:99)
11.03.2023 - 19:05:21 - 	at TAB.v3.2.4.jar//me.neznamy.tab.platforms.bukkit.BukkitPlatform.lambda$registerUnknownPlaceholder$2(BukkitPlatform.java:179)
11.03.2023 - 19:05:21 - 	at TAB.v3.2.4.jar//me.neznamy.tab.shared.placeholders.PlayerPlaceholderImpl.request(PlayerPlaceholderImpl.java:130)
11.03.2023 - 19:05:21 - 	at TAB.v3.2.4.jar//me.neznamy.tab.shared.placeholders.PlayerPlaceholderImpl.update(PlayerPlaceholderImpl.java:53)
11.03.2023 - 19:05:21 - 	at TAB.v3.2.4.jar//me.neznamy.tab.shared.features.PlaceholderManagerImpl.updatePlayerPlaceholder(PlaceholderManagerImpl.java:117)
11.03.2023 - 19:05:21 - 	at TAB.v3.2.4.jar//me.neznamy.tab.shared.features.PlaceholderManagerImpl.refresh(PlaceholderManagerImpl.java:68)
11.03.2023 - 19:05:21 - 	at TAB.v3.2.4.jar//me.neznamy.tab.shared.CpuManager.lambda$runMeasuredTask$8(CpuManager.java:354)
11.03.2023 - 19:05:21 - 	at TAB.v3.2.4.jar//me.neznamy.tab.shared.CpuManager.lambda$submit$1(CpuManager.java:111)
11.03.2023 - 19:05:21 - 	at java.base/java.util.concurrent.Executors$RunnableAdapter.call(Executors.java:539)
11.03.2023 - 19:05:21 - 	at java.base/java.util.concurrent.FutureTask.run(FutureTask.java:264)
11.03.2023 - 19:05:21 - 	at java.base/java.util.concurrent.ThreadPoolExecutor.runWorker(ThreadPoolExecutor.java:1136)
11.03.2023 - 19:05:21 - 	at java.base/java.util.concurrent.ThreadPoolExecutor$Worker.run(ThreadPoolExecutor.java:635)
11.03.2023 - 19:05:21 - 	at java.base/java.lang.Thread.run(Thread.java:833)
11.03.2023 - 19:05:21 - [TAB v3.2.4] Player placeholder %spbuild_getstagestring% generated an error when setting for player Dalynkaa
11.03.2023 - 19:05:21 - java.lang.IllegalStateException: zip file closed
11.03.2023 - 19:05:21 - 	at java.base/java.util.zip.ZipFile.ensureOpen(ZipFile.java:831)
11.03.2023 - 19:05:21 - 	at java.base/java.util.zip.ZipFile.getEntry(ZipFile.java:330)
11.03.2023 - 19:05:21 - 	at java.base/java.util.jar.JarFile.getEntry(JarFile.java:518)
11.03.2023 - 19:05:21 - 	at java.base/java.util.jar.JarFile.getJarEntry(JarFile.java:473)
11.03.2023 - 19:05:21 - 	at org.bukkit.plugin.java.PluginClassLoader.findClass(PluginClassLoader.java:189)
11.03.2023 - 19:05:21 - 	at java.base/java.lang.ClassLoader.loadClass(ClassLoader.java:587)
11.03.2023 - 19:05:21 - 	at org.bukkit.plugin.java.PluginClassLoader.loadClass0(PluginClassLoader.java:129)
11.03.2023 - 19:05:21 - 	at org.bukkit.plugin.java.PluginClassLoader.loadClass(PluginClassLoader.java:124)
11.03.2023 - 19:05:21 - 	at java.base/java.lang.ClassLoader.loadClass(ClassLoader.java:520)
11.03.2023 - 19:05:21 - 	at spworlds-1.0-SNAPSHOT.jar//com.spworlds.utils.PlaceholderApis.onRequest(PlaceholderApis.java:33)
11.03.2023 - 19:05:21 - 	at PlaceholderAPI-2.11.2.jar//me.clip.placeholderapi.replacer.CharsReplacer.apply(CharsReplacer.java:119)
11.03.2023 - 19:05:21 - 	at PlaceholderAPI-2.11.2.jar//me.clip.placeholderapi.PlaceholderAPI.setPlaceholders(PlaceholderAPI.java:71)
11.03.2023 - 19:05:21 - 	at PlaceholderAPI-2.11.2.jar//me.clip.placeholderapi.PlaceholderAPI.setPlaceholders(PlaceholderAPI.java:99)
11.03.2023 - 19:05:21 - 	at TAB.v3.2.4.jar//me.neznamy.tab.platforms.bukkit.BukkitPlatform.lambda$registerUnknownPlaceholder$2(BukkitPlatform.java:179)
11.03.2023 - 19:05:21 - 	at TAB.v3.2.4.jar//me.neznamy.tab.shared.placeholders.PlayerPlaceholderImpl.request(PlayerPlaceholderImpl.java:130)
11.03.2023 - 19:05:21 - 	at TAB.v3.2.4.jar//me.neznamy.tab.shared.placeholders.PlayerPlaceholderImpl.update(PlayerPlaceholderImpl.java:53)
11.03.2023 - 19:05:21 - 	at TAB.v3.2.4.jar//me.neznamy.tab.shared.features.PlaceholderManagerImpl.updatePlayerPlaceholder(PlaceholderManagerImpl.java:117)
11.03.2023 - 19:05:21 - 	at TAB.v3.2.4.jar//me.neznamy.tab.shared.features.PlaceholderManagerImpl.refresh(PlaceholderManagerImpl.java:68)
11.03.2023 - 19:05:21 - 	at TAB.v3.2.4.jar//me.neznamy.tab.shared.CpuManager.lambda$runMeasuredTask$8(CpuManager.java:354)
11.03.2023 - 19:05:21 - 	at TAB.v3.2.4.jar//me.neznamy.tab.shared.CpuManager.lambda$submit$1(CpuManager.java:111)
11.03.2023 - 19:05:21 - 	at java.base/java.util.concurrent.Executors$RunnableAdapter.call(Executors.java:539)
11.03.2023 - 19:05:21 - 	at java.base/java.util.concurrent.FutureTask.run(FutureTask.java:264)
11.03.2023 - 19:05:21 - 	at java.base/java.util.concurrent.ThreadPoolExecutor.runWorker(ThreadPoolExecutor.java:1136)
11.03.2023 - 19:05:21 - 	at java.base/java.util.concurrent.ThreadPoolExecutor$Worker.run(ThreadPoolExecutor.java:635)
11.03.2023 - 19:05:21 - 	at java.base/java.lang.Thread.run(Thread.java:833)
11.03.2023 - 19:05:22 - [TAB v3.2.4] Player placeholder %spbuild_getstagestring% generated an error when setting for player Dalynkaa
11.03.2023 - 19:05:22 - java.lang.IllegalStateException: zip file closed
11.03.2023 - 19:05:22 - 	at java.base/java.util.zip.ZipFile.ensureOpen(ZipFile.java:831)
11.03.2023 - 19:05:22 - 	at java.base/java.util.zip.ZipFile.getEntry(ZipFile.java:330)
11.03.2023 - 19:05:22 - 	at java.base/java.util.jar.JarFile.getEntry(JarFile.java:518)
11.03.2023 - 19:05:22 - 	at java.base/java.util.jar.JarFile.getJarEntry(JarFile.java:473)
11.03.2023 - 19:05:22 - 	at org.bukkit.plugin.java.PluginClassLoader.findClass(PluginClassLoader.java:189)
11.03.2023 - 19:05:22 - 	at java.base/java.lang.ClassLoader.loadClass(ClassLoader.java:587)
11.03.2023 - 19:05:22 - 	at org.bukkit.plugin.java.PluginClassLoader.loadClass0(PluginClassLoader.java:129)
11.03.2023 - 19:05:22 - 	at org.bukkit.plugin.java.PluginClassLoader.loadClass(PluginClassLoader.java:124)
11.03.2023 - 19:05:22 - 	at java.base/java.lang.ClassLoader.loadClass(ClassLoader.java:520)
11.03.2023 - 19:05:22 - 	at spworlds-1.0-SNAPSHOT.jar//com.spworlds.utils.PlaceholderApis.onRequest(PlaceholderApis.java:33)
11.03.2023 - 19:05:22 - 	at PlaceholderAPI-2.11.2.jar//me.clip.placeholderapi.replacer.CharsReplacer.apply(CharsReplacer.java:119)
11.03.2023 - 19:05:22 - 	at PlaceholderAPI-2.11.2.jar//me.clip.placeholderapi.PlaceholderAPI.setPlaceholders(PlaceholderAPI.java:71)
11.03.2023 - 19:05:22 - 	at PlaceholderAPI-2.11.2.jar//me.clip.placeholderapi.PlaceholderAPI.setPlaceholders(PlaceholderAPI.java:99)
11.03.2023 - 19:05:22 - 	at TAB.v3.2.4.jar//me.neznamy.tab.platforms.bukkit.BukkitPlatform.lambda$registerUnknownPlaceholder$2(BukkitPlatform.java:179)
11.03.2023 - 19:05:22 - 	at TAB.v3.2.4.jar//me.neznamy.tab.shared.placeholders.PlayerPlaceholderImpl.request(PlayerPlaceholderImpl.java:130)
11.03.2023 - 19:05:22 - 	at TAB.v3.2.4.jar//me.neznamy.tab.shared.placeholders.PlayerPlaceholderImpl.update(PlayerPlaceholderImpl.java:53)
11.03.2023 - 19:05:22 - 	at TAB.v3.2.4.jar//me.neznamy.tab.shared.features.PlaceholderManagerImpl.updatePlayerPlaceholder(PlaceholderManagerImpl.java:117)
11.03.2023 - 19:05:22 - 	at TAB.v3.2.4.jar//me.neznamy.tab.shared.features.PlaceholderManagerImpl.refresh(PlaceholderManagerImpl.java:68)
11.03.2023 - 19:05:22 - 	at TAB.v3.2.4.jar//me.neznamy.tab.shared.CpuManager.lambda$runMeasuredTask$8(CpuManager.java:354)
11.03.2023 - 19:05:22 - 	at TAB.v3.2.4.jar//me.neznamy.tab.shared.CpuManager.lambda$submit$1(CpuManager.java:111)
11.03.2023 - 19:05:22 - 	at java.base/java.util.concurrent.Executors$RunnableAdapter.call(Executors.java:539)
11.03.2023 - 19:05:22 - 	at java.base/java.util.concurrent.FutureTask.run(FutureTask.java:264)
11.03.2023 - 19:05:22 - 	at java.base/java.util.concurrent.ThreadPoolExecutor.runWorker(ThreadPoolExecutor.java:1136)
11.03.2023 - 19:05:22 - 	at java.base/java.util.concurrent.ThreadPoolExecutor$Worker.run(ThreadPoolExecutor.java:635)
11.03.2023 - 19:05:22 - 	at java.base/java.lang.Thread.run(Thread.java:833)
11.03.2023 - 19:05:22 - [TAB v3.2.4] Player placeholder %spbuild_getstagestring% generated an error when setting for player Dalynkaa
11.03.2023 - 19:05:22 - java.lang.IllegalStateException: zip file closed
11.03.2023 - 19:05:22 - 	at java.base/java.util.zip.ZipFile.ensureOpen(ZipFile.java:831)
11.03.2023 - 19:05:22 - 	at java.base/java.util.zip.ZipFile.getEntry(ZipFile.java:330)
11.03.2023 - 19:05:22 - 	at java.base/java.util.jar.JarFile.getEntry(JarFile.java:518)
11.03.2023 - 19:05:22 - 	at java.base/java.util.jar.JarFile.getJarEntry(JarFile.java:473)
11.03.2023 - 19:05:22 - 	at org.bukkit.plugin.java.PluginClassLoader.findClass(PluginClassLoader.java:189)
11.03.2023 - 19:05:22 - 	at java.base/java.lang.ClassLoader.loadClass(ClassLoader.java:587)
11.03.2023 - 19:05:22 - 	at org.bukkit.plugin.java.PluginClassLoader.loadClass0(PluginClassLoader.java:129)
11.03.2023 - 19:05:22 - 	at org.bukkit.plugin.java.PluginClassLoader.loadClass(PluginClassLoader.java:124)
11.03.2023 - 19:05:22 - 	at java.base/java.lang.ClassLoader.loadClass(ClassLoader.java:520)
11.03.2023 - 19:05:22 - 	at spworlds-1.0-SNAPSHOT.jar//com.spworlds.utils.PlaceholderApis.onRequest(PlaceholderApis.java:33)
11.03.2023 - 19:05:22 - 	at PlaceholderAPI-2.11.2.jar//me.clip.placeholderapi.replacer.CharsReplacer.apply(CharsReplacer.java:119)
11.03.2023 - 19:05:22 - 	at PlaceholderAPI-2.11.2.jar//me.clip.placeholderapi.PlaceholderAPI.setPlaceholders(PlaceholderAPI.java:71)
11.03.2023 - 19:05:22 - 	at PlaceholderAPI-2.11.2.jar//me.clip.placeholderapi.PlaceholderAPI.setPlaceholders(PlaceholderAPI.java:99)
11.03.2023 - 19:05:22 - 	at TAB.v3.2.4.jar//me.neznamy.tab.platforms.bukkit.BukkitPlatform.lambda$registerUnknownPlaceholder$2(BukkitPlatform.java:179)
11.03.2023 - 19:05:22 - 	at TAB.v3.2.4.jar//me.neznamy.tab.shared.placeholders.PlayerPlaceholderImpl.request(PlayerPlaceholderImpl.java:130)
11.03.2023 - 19:05:22 - 	at TAB.v3.2.4.jar//me.neznamy.tab.shared.placeholders.PlayerPlaceholderImpl.update(PlayerPlaceholderImpl.java:53)
11.03.2023 - 19:05:22 - 	at TAB.v3.2.4.jar//me.neznamy.tab.shared.features.PlaceholderManagerImpl.updatePlayerPlaceholder(PlaceholderManagerImpl.java:117)
11.03.2023 - 19:05:22 - 	at TAB.v3.2.4.jar//me.neznamy.tab.shared.features.PlaceholderManagerImpl.refresh(PlaceholderManagerImpl.java:68)
11.03.2023 - 19:05:22 - 	at TAB.v3.2.4.jar//me.neznamy.tab.shared.CpuManager.lambda$runMeasuredTask$8(CpuManager.java:354)
11.03.2023 - 19:05:22 - 	at TAB.v3.2.4.jar//me.neznamy.tab.shared.CpuManager.lambda$submit$1(CpuManager.java:111)
11.03.2023 - 19:05:22 - 	at java.base/java.util.concurrent.Executors$RunnableAdapter.call(Executors.java:539)
11.03.2023 - 19:05:22 - 	at java.base/java.util.concurrent.FutureTask.run(FutureTask.java:264)
11.03.2023 - 19:05:22 - 	at java.base/java.util.concurrent.ThreadPoolExecutor.runWorker(ThreadPoolExecutor.java:1136)
11.03.2023 - 19:05:22 - 	at java.base/java.util.concurrent.ThreadPoolExecutor$Worker.run(ThreadPoolExecutor.java:635)
11.03.2023 - 19:05:22 - 	at java.base/java.lang.Thread.run(Thread.java:833)
11.03.2023 - 19:05:23 - [TAB v3.2.4] Player placeholder %spbuild_getstagestring% generated an error when setting for player Dalynkaa
11.03.2023 - 19:05:23 - java.lang.IllegalStateException: zip file closed
11.03.2023 - 19:05:23 - 	at java.base/java.util.zip.ZipFile.ensureOpen(ZipFile.java:831)
11.03.2023 - 19:05:23 - 	at java.base/java.util.zip.ZipFile.getEntry(ZipFile.java:330)
11.03.2023 - 19:05:23 - 	at java.base/java.util.jar.JarFile.getEntry(JarFile.java:518)
11.03.2023 - 19:05:23 - 	at java.base/java.util.jar.JarFile.getJarEntry(JarFile.java:473)
11.03.2023 - 19:05:23 - 	at org.bukkit.plugin.java.PluginClassLoader.findClass(PluginClassLoader.java:189)
11.03.2023 - 19:05:23 - 	at java.base/java.lang.ClassLoader.loadClass(ClassLoader.java:587)
11.03.2023 - 19:05:23 - 	at org.bukkit.plugin.java.PluginClassLoader.loadClass0(PluginClassLoader.java:129)
11.03.2023 - 19:05:23 - 	at org.bukkit.plugin.java.PluginClassLoader.loadClass(PluginClassLoader.java:124)
11.03.2023 - 19:05:23 - 	at java.base/java.lang.ClassLoader.loadClass(ClassLoader.java:520)
11.03.2023 - 19:05:23 - 	at spworlds-1.0-SNAPSHOT.jar//com.spworlds.utils.PlaceholderApis.onRequest(PlaceholderApis.java:33)
11.03.2023 - 19:05:23 - 	at PlaceholderAPI-2.11.2.jar//me.clip.placeholderapi.replacer.CharsReplacer.apply(CharsReplacer.java:119)
11.03.2023 - 19:05:23 - 	at PlaceholderAPI-2.11.2.jar//me.clip.placeholderapi.PlaceholderAPI.setPlaceholders(PlaceholderAPI.java:71)
11.03.2023 - 19:05:23 - 	at PlaceholderAPI-2.11.2.jar//me.clip.placeholderapi.PlaceholderAPI.setPlaceholders(PlaceholderAPI.java:99)
11.03.2023 - 19:05:23 - 	at TAB.v3.2.4.jar//me.neznamy.tab.platforms.bukkit.BukkitPlatform.lambda$registerUnknownPlaceholder$2(BukkitPlatform.java:179)
11.03.2023 - 19:05:23 - 	at TAB.v3.2.4.jar//me.neznamy.tab.shared.placeholders.PlayerPlaceholderImpl.request(PlayerPlaceholderImpl.java:130)
11.03.2023 - 19:05:23 - 	at TAB.v3.2.4.jar//me.neznamy.tab.shared.placeholders.PlayerPlaceholderImpl.update(PlayerPlaceholderImpl.java:53)
11.03.2023 - 19:05:23 - 	at TAB.v3.2.4.jar//me.neznamy.tab.shared.features.PlaceholderManagerImpl.updatePlayerPlaceholder(PlaceholderManagerImpl.java:117)
11.03.2023 - 19:05:23 - 	at TAB.v3.2.4.jar//me.neznamy.tab.shared.features.PlaceholderManagerImpl.refresh(PlaceholderManagerImpl.java:68)
11.03.2023 - 19:05:23 - 	at TAB.v3.2.4.jar//me.neznamy.tab.shared.CpuManager.lambda$runMeasuredTask$8(CpuManager.java:354)
11.03.2023 - 19:05:23 - 	at TAB.v3.2.4.jar//me.neznamy.tab.shared.CpuManager.lambda$submit$1(CpuManager.java:111)
11.03.2023 - 19:05:23 - 	at java.base/java.util.concurrent.Executors$RunnableAdapter.call(Executors.java:539)
11.03.2023 - 19:05:23 - 	at java.base/java.util.concurrent.FutureTask.run(FutureTask.java:264)
11.03.2023 - 19:05:23 - 	at java.base/java.util.concurrent.ThreadPoolExecutor.runWorker(ThreadPoolExecutor.java:1136)
11.03.2023 - 19:05:23 - 	at java.base/java.util.concurrent.ThreadPoolExecutor$Worker.run(ThreadPoolExecutor.java:635)
11.03.2023 - 19:05:23 - 	at java.base/java.lang.Thread.run(Thread.java:833)
11.03.2023 - 19:05:23 - [TAB v3.2.4] Player placeholder %spbuild_getstagestring% generated an error when setting for player Dalynkaa
11.03.2023 - 19:05:23 - java.lang.IllegalStateException: zip file closed
11.03.2023 - 19:05:23 - 	at java.base/java.util.zip.ZipFile.ensureOpen(ZipFile.java:831)
11.03.2023 - 19:05:23 - 	at java.base/java.util.zip.ZipFile.getEntry(ZipFile.java:330)
11.03.2023 - 19:05:23 - 	at java.base/java.util.jar.JarFile.getEntry(JarFile.java:518)
11.03.2023 - 19:05:23 - 	at java.base/java.util.jar.JarFile.getJarEntry(JarFile.java:473)
11.03.2023 - 19:05:23 - 	at org.bukkit.plugin.java.PluginClassLoader.findClass(PluginClassLoader.java:189)
11.03.2023 - 19:05:23 - 	at java.base/java.lang.ClassLoader.loadClass(ClassLoader.java:587)
11.03.2023 - 19:05:23 - 	at org.bukkit.plugin.java.PluginClassLoader.loadClass0(PluginClassLoader.java:129)
11.03.2023 - 19:05:23 - 	at org.bukkit.plugin.java.PluginClassLoader.loadClass(PluginClassLoader.java:124)
11.03.2023 - 19:05:23 - 	at java.base/java.lang.ClassLoader.loadClass(ClassLoader.java:520)
11.03.2023 - 19:05:23 - 	at spworlds-1.0-SNAPSHOT.jar//com.spworlds.utils.PlaceholderApis.onRequest(PlaceholderApis.java:33)
11.03.2023 - 19:05:23 - 	at PlaceholderAPI-2.11.2.jar//me.clip.placeholderapi.replacer.CharsReplacer.apply(CharsReplacer.java:119)
11.03.2023 - 19:05:23 - 	at PlaceholderAPI-2.11.2.jar//me.clip.placeholderapi.PlaceholderAPI.setPlaceholders(PlaceholderAPI.java:71)
11.03.2023 - 19:05:23 - 	at PlaceholderAPI-2.11.2.jar//me.clip.placeholderapi.PlaceholderAPI.setPlaceholders(PlaceholderAPI.java:99)
11.03.2023 - 19:05:23 - 	at TAB.v3.2.4.jar//me.neznamy.tab.platforms.bukkit.BukkitPlatform.lambda$registerUnknownPlaceholder$2(BukkitPlatform.java:179)
11.03.2023 - 19:05:23 - 	at TAB.v3.2.4.jar//me.neznamy.tab.shared.placeholders.PlayerPlaceholderImpl.request(PlayerPlaceholderImpl.java:130)
11.03.2023 - 19:05:23 - 	at TAB.v3.2.4.jar//me.neznamy.tab.shared.placeholders.PlayerPlaceholderImpl.update(PlayerPlaceholderImpl.java:53)
11.03.2023 - 19:05:23 - 	at TAB.v3.2.4.jar//me.neznamy.tab.shared.features.PlaceholderManagerImpl.updatePlayerPlaceholder(PlaceholderManagerImpl.java:117)
11.03.2023 - 19:05:23 - 	at TAB.v3.2.4.jar//me.neznamy.tab.shared.features.PlaceholderManagerImpl.refresh(PlaceholderManagerImpl.java:68)
11.03.2023 - 19:05:23 - 	at TAB.v3.2.4.jar//me.neznamy.tab.shared.CpuManager.lambda$runMeasuredTask$8(CpuManager.java:354)
11.03.2023 - 19:05:23 - 	at TAB.v3.2.4.jar//me.neznamy.tab.shared.CpuManager.lambda$submit$1(CpuManager.java:111)
11.03.2023 - 19:05:23 - 	at java.base/java.util.concurrent.Executors$RunnableAdapter.call(Executors.java:539)
11.03.2023 - 19:05:23 - 	at java.base/java.util.concurrent.FutureTask.run(FutureTask.java:264)
11.03.2023 - 19:05:23 - 	at java.base/java.util.concurrent.ThreadPoolExecutor.runWorker(ThreadPoolExecutor.java:1136)
11.03.2023 - 19:05:23 - 	at java.base/java.util.concurrent.ThreadPoolExecutor$Worker.run(ThreadPoolExecutor.java:635)
11.03.2023 - 19:05:23 - 	at java.base/java.lang.Thread.run(Thread.java:833)
11.03.2023 - 19:05:24 - [TAB v3.2.4] Player placeholder %spbuild_getstagestring% generated an error when setting for player Dalynkaa
11.03.2023 - 19:05:24 - java.lang.IllegalStateException: zip file closed
11.03.2023 - 19:05:24 - 	at java.base/java.util.zip.ZipFile.ensureOpen(ZipFile.java:831)
11.03.2023 - 19:05:24 - 	at java.base/java.util.zip.ZipFile.getEntry(ZipFile.java:330)
11.03.2023 - 19:05:24 - 	at java.base/java.util.jar.JarFile.getEntry(JarFile.java:518)
11.03.2023 - 19:05:24 - 	at java.base/java.util.jar.JarFile.getJarEntry(JarFile.java:473)
11.03.2023 - 19:05:24 - 	at org.bukkit.plugin.java.PluginClassLoader.findClass(PluginClassLoader.java:189)
11.03.2023 - 19:05:24 - 	at java.base/java.lang.ClassLoader.loadClass(ClassLoader.java:587)
11.03.2023 - 19:05:24 - 	at org.bukkit.plugin.java.PluginClassLoader.loadClass0(PluginClassLoader.java:129)
11.03.2023 - 19:05:24 - 	at org.bukkit.plugin.java.PluginClassLoader.loadClass(PluginClassLoader.java:124)
11.03.2023 - 19:05:24 - 	at java.base/java.lang.ClassLoader.loadClass(ClassLoader.java:520)
11.03.2023 - 19:05:24 - 	at spworlds-1.0-SNAPSHOT.jar//com.spworlds.utils.PlaceholderApis.onRequest(PlaceholderApis.java:33)
11.03.2023 - 19:05:24 - 	at PlaceholderAPI-2.11.2.jar//me.clip.placeholderapi.replacer.CharsReplacer.apply(CharsReplacer.java:119)
11.03.2023 - 19:05:24 - 	at PlaceholderAPI-2.11.2.jar//me.clip.placeholderapi.PlaceholderAPI.setPlaceholders(PlaceholderAPI.java:71)
11.03.2023 - 19:05:24 - 	at PlaceholderAPI-2.11.2.jar//me.clip.placeholderapi.PlaceholderAPI.setPlaceholders(PlaceholderAPI.java:99)
11.03.2023 - 19:05:24 - 	at TAB.v3.2.4.jar//me.neznamy.tab.platforms.bukkit.BukkitPlatform.lambda$registerUnknownPlaceholder$2(BukkitPlatform.java:179)
11.03.2023 - 19:05:24 - 	at TAB.v3.2.4.jar//me.neznamy.tab.shared.placeholders.PlayerPlaceholderImpl.request(PlayerPlaceholderImpl.java:130)
11.03.2023 - 19:05:24 - 	at TAB.v3.2.4.jar//me.neznamy.tab.shared.placeholders.PlayerPlaceholderImpl.update(PlayerPlaceholderImpl.java:53)
11.03.2023 - 19:05:24 - 	at TAB.v3.2.4.jar//me.neznamy.tab.shared.features.PlaceholderManagerImpl.updatePlayerPlaceholder(PlaceholderManagerImpl.java:117)
11.03.2023 - 19:05:24 - 	at TAB.v3.2.4.jar//me.neznamy.tab.shared.features.PlaceholderManagerImpl.refresh(PlaceholderManagerImpl.java:68)
11.03.2023 - 19:05:24 - 	at TAB.v3.2.4.jar//me.neznamy.tab.shared.CpuManager.lambda$runMeasuredTask$8(CpuManager.java:354)
11.03.2023 - 19:05:24 - 	at TAB.v3.2.4.jar//me.neznamy.tab.shared.CpuManager.lambda$submit$1(CpuManager.java:111)
11.03.2023 - 19:05:24 - 	at java.base/java.util.concurrent.Executors$RunnableAdapter.call(Executors.java:539)
11.03.2023 - 19:05:24 - 	at java.base/java.util.concurrent.FutureTask.run(FutureTask.java:264)
11.03.2023 - 19:05:24 - 	at java.base/java.util.concurrent.ThreadPoolExecutor.runWorker(ThreadPoolExecutor.java:1136)
11.03.2023 - 19:05:24 - 	at java.base/java.util.concurrent.ThreadPoolExecutor$Worker.run(ThreadPoolExecutor.java:635)
11.03.2023 - 19:05:24 - 	at java.base/java.lang.Thread.run(Thread.java:833)
11.03.2023 - 19:05:24 - [TAB v3.2.4] Player placeholder %spbuild_getstagestring% generated an error when setting for player Dalynkaa
11.03.2023 - 19:05:24 - java.lang.IllegalStateException: zip file closed
11.03.2023 - 19:05:24 - 	at java.base/java.util.zip.ZipFile.ensureOpen(ZipFile.java:831)
11.03.2023 - 19:05:24 - 	at java.base/java.util.zip.ZipFile.getEntry(ZipFile.java:330)
11.03.2023 - 19:05:24 - 	at java.base/java.util.jar.JarFile.getEntry(JarFile.java:518)
11.03.2023 - 19:05:24 - 	at java.base/java.util.jar.JarFile.getJarEntry(JarFile.java:473)
11.03.2023 - 19:05:24 - 	at org.bukkit.plugin.java.PluginClassLoader.findClass(PluginClassLoader.java:189)
11.03.2023 - 19:05:24 - 	at java.base/java.lang.ClassLoader.loadClass(ClassLoader.java:587)
11.03.2023 - 19:05:24 - 	at org.bukkit.plugin.java.PluginClassLoader.loadClass0(PluginClassLoader.java:129)
11.03.2023 - 19:05:24 - 	at org.bukkit.plugin.java.PluginClassLoader.loadClass(PluginClassLoader.java:124)
11.03.2023 - 19:05:24 - 	at java.base/java.lang.ClassLoader.loadClass(ClassLoader.java:520)
11.03.2023 - 19:05:24 - 	at spworlds-1.0-SNAPSHOT.jar//com.spworlds.utils.PlaceholderApis.onRequest(PlaceholderApis.java:33)
11.03.2023 - 19:05:24 - 	at PlaceholderAPI-2.11.2.jar//me.clip.placeholderapi.replacer.CharsReplacer.apply(CharsReplacer.java:119)
11.03.2023 - 19:05:24 - 	at PlaceholderAPI-2.11.2.jar//me.clip.placeholderapi.PlaceholderAPI.setPlaceholders(PlaceholderAPI.java:71)
11.03.2023 - 19:05:24 - 	at PlaceholderAPI-2.11.2.jar//me.clip.placeholderapi.PlaceholderAPI.setPlaceholders(PlaceholderAPI.java:99)
11.03.2023 - 19:05:24 - 	at TAB.v3.2.4.jar//me.neznamy.tab.platforms.bukkit.BukkitPlatform.lambda$registerUnknownPlaceholder$2(BukkitPlatform.java:179)
11.03.2023 - 19:05:24 - 	at TAB.v3.2.4.jar//me.neznamy.tab.shared.placeholders.PlayerPlaceholderImpl.request(PlayerPlaceholderImpl.java:130)
11.03.2023 - 19:05:24 - 	at TAB.v3.2.4.jar//me.neznamy.tab.shared.placeholders.PlayerPlaceholderImpl.update(PlayerPlaceholderImpl.java:53)
11.03.2023 - 19:05:24 - 	at TAB.v3.2.4.jar//me.neznamy.tab.shared.features.PlaceholderManagerImpl.updatePlayerPlaceholder(PlaceholderManagerImpl.java:117)
11.03.2023 - 19:05:24 - 	at TAB.v3.2.4.jar//me.neznamy.tab.shared.features.PlaceholderManagerImpl.refresh(PlaceholderManagerImpl.java:68)
11.03.2023 - 19:05:24 - 	at TAB.v3.2.4.jar//me.neznamy.tab.shared.CpuManager.lambda$runMeasuredTask$8(CpuManager.java:354)
11.03.2023 - 19:05:24 - 	at TAB.v3.2.4.jar//me.neznamy.tab.shared.CpuManager.lambda$submit$1(CpuManager.java:111)
11.03.2023 - 19:05:24 - 	at java.base/java.util.concurrent.Executors$RunnableAdapter.call(Executors.java:539)
11.03.2023 - 19:05:24 - 	at java.base/java.util.concurrent.FutureTask.run(FutureTask.java:264)
11.03.2023 - 19:05:24 - 	at java.base/java.util.concurrent.ThreadPoolExecutor.runWorker(ThreadPoolExecutor.java:1136)
11.03.2023 - 19:05:24 - 	at java.base/java.util.concurrent.ThreadPoolExecutor$Worker.run(ThreadPoolExecutor.java:635)
11.03.2023 - 19:05:24 - 	at java.base/java.lang.Thread.run(Thread.java:833)
11.03.2023 - 19:05:25 - [TAB v3.2.4] Player placeholder %spbuild_getstagestring% generated an error when setting for player Dalynkaa
11.03.2023 - 19:05:25 - java.lang.IllegalStateException: zip file closed
11.03.2023 - 19:05:25 - 	at java.base/java.util.zip.ZipFile.ensureOpen(ZipFile.java:831)
11.03.2023 - 19:05:25 - 	at java.base/java.util.zip.ZipFile.getEntry(ZipFile.java:330)
11.03.2023 - 19:05:25 - 	at java.base/java.util.jar.JarFile.getEntry(JarFile.java:518)
11.03.2023 - 19:05:25 - 	at java.base/java.util.jar.JarFile.getJarEntry(JarFile.java:473)
11.03.2023 - 19:05:25 - 	at org.bukkit.plugin.java.PluginClassLoader.findClass(PluginClassLoader.java:189)
11.03.2023 - 19:05:25 - 	at java.base/java.lang.ClassLoader.loadClass(ClassLoader.java:587)
11.03.2023 - 19:05:25 - 	at org.bukkit.plugin.java.PluginClassLoader.loadClass0(PluginClassLoader.java:129)
11.03.2023 - 19:05:25 - 	at org.bukkit.plugin.java.PluginClassLoader.loadClass(PluginClassLoader.java:124)
11.03.2023 - 19:05:25 - 	at java.base/java.lang.ClassLoader.loadClass(ClassLoader.java:520)
11.03.2023 - 19:05:25 - 	at spworlds-1.0-SNAPSHOT.jar//com.spworlds.utils.PlaceholderApis.onRequest(PlaceholderApis.java:33)
11.03.2023 - 19:05:25 - 	at PlaceholderAPI-2.11.2.jar//me.clip.placeholderapi.replacer.CharsReplacer.apply(CharsReplacer.java:119)
11.03.2023 - 19:05:25 - 	at PlaceholderAPI-2.11.2.jar//me.clip.placeholderapi.PlaceholderAPI.setPlaceholders(PlaceholderAPI.java:71)
11.03.2023 - 19:05:25 - 	at PlaceholderAPI-2.11.2.jar//me.clip.placeholderapi.PlaceholderAPI.setPlaceholders(PlaceholderAPI.java:99)
11.03.2023 - 19:05:25 - 	at TAB.v3.2.4.jar//me.neznamy.tab.platforms.bukkit.BukkitPlatform.lambda$registerUnknownPlaceholder$2(BukkitPlatform.java:179)
11.03.2023 - 19:05:25 - 	at TAB.v3.2.4.jar//me.neznamy.tab.shared.placeholders.PlayerPlaceholderImpl.request(PlayerPlaceholderImpl.java:130)
11.03.2023 - 19:05:25 - 	at TAB.v3.2.4.jar//me.neznamy.tab.shared.placeholders.PlayerPlaceholderImpl.update(PlayerPlaceholderImpl.java:53)
11.03.2023 - 19:05:25 - 	at TAB.v3.2.4.jar//me.neznamy.tab.shared.features.PlaceholderManagerImpl.updatePlayerPlaceholder(PlaceholderManagerImpl.java:117)
11.03.2023 - 19:05:25 - 	at TAB.v3.2.4.jar//me.neznamy.tab.shared.features.PlaceholderManagerImpl.refresh(PlaceholderManagerImpl.java:68)
11.03.2023 - 19:05:25 - 	at TAB.v3.2.4.jar//me.neznamy.tab.shared.CpuManager.lambda$runMeasuredTask$8(CpuManager.java:354)
11.03.2023 - 19:05:25 - 	at TAB.v3.2.4.jar//me.neznamy.tab.shared.CpuManager.lambda$submit$1(CpuManager.java:111)
11.03.2023 - 19:05:25 - 	at java.base/java.util.concurrent.Executors$RunnableAdapter.call(Executors.java:539)
11.03.2023 - 19:05:25 - 	at java.base/java.util.concurrent.FutureTask.run(FutureTask.java:264)
11.03.2023 - 19:05:25 - 	at java.base/java.util.concurrent.ThreadPoolExecutor.runWorker(ThreadPoolExecutor.java:1136)
11.03.2023 - 19:05:25 - 	at java.base/java.util.concurrent.ThreadPoolExecutor$Worker.run(ThreadPoolExecutor.java:635)
11.03.2023 - 19:05:25 - 	at java.base/java.lang.Thread.run(Thread.java:833)
11.03.2023 - 19:05:25 - [TAB v3.2.4] Player placeholder %spbuild_getstagestring% generated an error when setting for player Dalynkaa
11.03.2023 - 19:05:25 - java.lang.IllegalStateException: zip file closed
11.03.2023 - 19:05:25 - 	at java.base/java.util.zip.ZipFile.ensureOpen(ZipFile.java:831)
11.03.2023 - 19:05:25 - 	at java.base/java.util.zip.ZipFile.getEntry(ZipFile.java:330)
11.03.2023 - 19:05:25 - 	at java.base/java.util.jar.JarFile.getEntry(JarFile.java:518)
11.03.2023 - 19:05:25 - 	at java.base/java.util.jar.JarFile.getJarEntry(JarFile.java:473)
11.03.2023 - 19:05:25 - 	at org.bukkit.plugin.java.PluginClassLoader.findClass(PluginClassLoader.java:189)
11.03.2023 - 19:05:25 - 	at java.base/java.lang.ClassLoader.loadClass(ClassLoader.java:587)
11.03.2023 - 19:05:25 - 	at org.bukkit.plugin.java.PluginClassLoader.loadClass0(PluginClassLoader.java:129)
11.03.2023 - 19:05:25 - 	at org.bukkit.plugin.java.PluginClassLoader.loadClass(PluginClassLoader.java:124)
11.03.2023 - 19:05:25 - 	at java.base/java.lang.ClassLoader.loadClass(ClassLoader.java:520)
11.03.2023 - 19:05:25 - 	at spworlds-1.0-SNAPSHOT.jar//com.spworlds.utils.PlaceholderApis.onRequest(PlaceholderApis.java:33)
11.03.2023 - 19:05:25 - 	at PlaceholderAPI-2.11.2.jar//me.clip.placeholderapi.replacer.CharsReplacer.apply(CharsReplacer.java:119)
11.03.2023 - 19:05:25 - 	at PlaceholderAPI-2.11.2.jar//me.clip.placeholderapi.PlaceholderAPI.setPlaceholders(PlaceholderAPI.java:71)
11.03.2023 - 19:05:25 - 	at PlaceholderAPI-2.11.2.jar//me.clip.placeholderapi.PlaceholderAPI.setPlaceholders(PlaceholderAPI.java:99)
11.03.2023 - 19:05:25 - 	at TAB.v3.2.4.jar//me.neznamy.tab.platforms.bukkit.BukkitPlatform.lambda$registerUnknownPlaceholder$2(BukkitPlatform.java:179)
11.03.2023 - 19:05:25 - 	at TAB.v3.2.4.jar//me.neznamy.tab.shared.placeholders.PlayerPlaceholderImpl.request(PlayerPlaceholderImpl.java:130)
11.03.2023 - 19:05:25 - 	at TAB.v3.2.4.jar//me.neznamy.tab.shared.placeholders.PlayerPlaceholderImpl.update(PlayerPlaceholderImpl.java:53)
11.03.2023 - 19:05:25 - 	at TAB.v3.2.4.jar//me.neznamy.tab.shared.features.PlaceholderManagerImpl.updatePlayerPlaceholder(PlaceholderManagerImpl.java:117)
11.03.2023 - 19:05:25 - 	at TAB.v3.2.4.jar//me.neznamy.tab.shared.features.PlaceholderManagerImpl.refresh(PlaceholderManagerImpl.java:68)
11.03.2023 - 19:05:25 - 	at TAB.v3.2.4.jar//me.neznamy.tab.shared.CpuManager.lambda$runMeasuredTask$8(CpuManager.java:354)
11.03.2023 - 19:05:25 - 	at TAB.v3.2.4.jar//me.neznamy.tab.shared.CpuManager.lambda$submit$1(CpuManager.java:111)
11.03.2023 - 19:05:25 - 	at java.base/java.util.concurrent.Executors$RunnableAdapter.call(Executors.java:539)
11.03.2023 - 19:05:25 - 	at java.base/java.util.concurrent.FutureTask.run(FutureTask.java:264)
11.03.2023 - 19:05:25 - 	at java.base/java.util.concurrent.ThreadPoolExecutor.runWorker(ThreadPoolExecutor.java:1136)
11.03.2023 - 19:05:25 - 	at java.base/java.util.concurrent.ThreadPoolExecutor$Worker.run(ThreadPoolExecutor.java:635)
11.03.2023 - 19:05:25 - 	at java.base/java.lang.Thread.run(Thread.java:833)
11.03.2023 - 19:05:26 - [TAB v3.2.4] Player placeholder %spbuild_getstagestring% generated an error when setting for player Dalynkaa
11.03.2023 - 19:05:26 - java.lang.IllegalStateException: zip file closed
11.03.2023 - 19:05:26 - 	at java.base/java.util.zip.ZipFile.ensureOpen(ZipFile.java:831)
11.03.2023 - 19:05:26 - 	at java.base/java.util.zip.ZipFile.getEntry(ZipFile.java:330)
11.03.2023 - 19:05:26 - 	at java.base/java.util.jar.JarFile.getEntry(JarFile.java:518)
11.03.2023 - 19:05:26 - 	at java.base/java.util.jar.JarFile.getJarEntry(JarFile.java:473)
11.03.2023 - 19:05:26 - 	at org.bukkit.plugin.java.PluginClassLoader.findClass(PluginClassLoader.java:189)
11.03.2023 - 19:05:26 - 	at java.base/java.lang.ClassLoader.loadClass(ClassLoader.java:587)
11.03.2023 - 19:05:26 - 	at org.bukkit.plugin.java.PluginClassLoader.loadClass0(PluginClassLoader.java:129)
11.03.2023 - 19:05:26 - 	at org.bukkit.plugin.java.PluginClassLoader.loadClass(PluginClassLoader.java:124)
11.03.2023 - 19:05:26 - 	at java.base/java.lang.ClassLoader.loadClass(ClassLoader.java:520)
11.03.2023 - 19:05:26 - 	at spworlds-1.0-SNAPSHOT.jar//com.spworlds.utils.PlaceholderApis.onRequest(PlaceholderApis.java:33)
11.03.2023 - 19:05:26 - 	at PlaceholderAPI-2.11.2.jar//me.clip.placeholderapi.replacer.CharsReplacer.apply(CharsReplacer.java:119)
11.03.2023 - 19:05:26 - 	at PlaceholderAPI-2.11.2.jar//me.clip.placeholderapi.PlaceholderAPI.setPlaceholders(PlaceholderAPI.java:71)
11.03.2023 - 19:05:26 - 	at PlaceholderAPI-2.11.2.jar//me.clip.placeholderapi.PlaceholderAPI.setPlaceholders(PlaceholderAPI.java:99)
11.03.2023 - 19:05:26 - 	at TAB.v3.2.4.jar//me.neznamy.tab.platforms.bukkit.BukkitPlatform.lambda$registerUnknownPlaceholder$2(BukkitPlatform.java:179)
11.03.2023 - 19:05:26 - 	at TAB.v3.2.4.jar//me.neznamy.tab.shared.placeholders.PlayerPlaceholderImpl.request(PlayerPlaceholderImpl.java:130)
11.03.2023 - 19:05:26 - 	at TAB.v3.2.4.jar//me.neznamy.tab.shared.placeholders.PlayerPlaceholderImpl.update(PlayerPlaceholderImpl.java:53)
11.03.2023 - 19:05:26 - 	at TAB.v3.2.4.jar//me.neznamy.tab.shared.features.PlaceholderManagerImpl.updatePlayerPlaceholder(PlaceholderManagerImpl.java:117)
11.03.2023 - 19:05:26 - 	at TAB.v3.2.4.jar//me.neznamy.tab.shared.features.PlaceholderManagerImpl.refresh(PlaceholderManagerImpl.java:68)
11.03.2023 - 19:05:26 - 	at TAB.v3.2.4.jar//me.neznamy.tab.shared.CpuManager.lambda$runMeasuredTask$8(CpuManager.java:354)
11.03.2023 - 19:05:26 - 	at TAB.v3.2.4.jar//me.neznamy.tab.shared.CpuManager.lambda$submit$1(CpuManager.java:111)
11.03.2023 - 19:05:26 - 	at java.base/java.util.concurrent.Executors$RunnableAdapter.call(Executors.java:539)
11.03.2023 - 19:05:26 - 	at java.base/java.util.concurrent.FutureTask.run(FutureTask.java:264)
11.03.2023 - 19:05:26 - 	at java.base/java.util.concurrent.ThreadPoolExecutor.runWorker(ThreadPoolExecutor.java:1136)
11.03.2023 - 19:05:26 - 	at java.base/java.util.concurrent.ThreadPoolExecutor$Worker.run(ThreadPoolExecutor.java:635)
11.03.2023 - 19:05:26 - 	at java.base/java.lang.Thread.run(Thread.java:833)
11.03.2023 - 19:05:26 - [TAB v3.2.4] Player placeholder %spbuild_getstagestring% generated an error when setting for player Dalynkaa
11.03.2023 - 19:05:26 - java.lang.IllegalStateException: zip file closed
11.03.2023 - 19:05:26 - 	at java.base/java.util.zip.ZipFile.ensureOpen(ZipFile.java:831)
11.03.2023 - 19:05:26 - 	at java.base/java.util.zip.ZipFile.getEntry(ZipFile.java:330)
11.03.2023 - 19:05:26 - 	at java.base/java.util.jar.JarFile.getEntry(JarFile.java:518)
11.03.2023 - 19:05:26 - 	at java.base/java.util.jar.JarFile.getJarEntry(JarFile.java:473)
11.03.2023 - 19:05:26 - 	at org.bukkit.plugin.java.PluginClassLoader.findClass(PluginClassLoader.java:189)
11.03.2023 - 19:05:26 - 	at java.base/java.lang.ClassLoader.loadClass(ClassLoader.java:587)
11.03.2023 - 19:05:26 - 	at org.bukkit.plugin.java.PluginClassLoader.loadClass0(PluginClassLoader.java:129)
11.03.2023 - 19:05:26 - 	at org.bukkit.plugin.java.PluginClassLoader.loadClass(PluginClassLoader.java:124)
11.03.2023 - 19:05:26 - 	at java.base/java.lang.ClassLoader.loadClass(ClassLoader.java:520)
11.03.2023 - 19:05:26 - 	at spworlds-1.0-SNAPSHOT.jar//com.spworlds.utils.PlaceholderApis.onRequest(PlaceholderApis.java:33)
11.03.2023 - 19:05:26 - 	at PlaceholderAPI-2.11.2.jar//me.clip.placeholderapi.replacer.CharsReplacer.apply(CharsReplacer.java:119)
11.03.2023 - 19:05:26 - 	at PlaceholderAPI-2.11.2.jar//me.clip.placeholderapi.PlaceholderAPI.setPlaceholders(PlaceholderAPI.java:71)
11.03.2023 - 19:05:26 - 	at PlaceholderAPI-2.11.2.jar//me.clip.placeholderapi.PlaceholderAPI.setPlaceholders(PlaceholderAPI.java:99)
11.03.2023 - 19:05:26 - 	at TAB.v3.2.4.jar//me.neznamy.tab.platforms.bukkit.BukkitPlatform.lambda$registerUnknownPlaceholder$2(BukkitPlatform.java:179)
11.03.2023 - 19:05:26 - 	at TAB.v3.2.4.jar//me.neznamy.tab.shared.placeholders.PlayerPlaceholderImpl.request(PlayerPlaceholderImpl.java:130)
11.03.2023 - 19:05:26 - 	at TAB.v3.2.4.jar//me.neznamy.tab.shared.placeholders.PlayerPlaceholderImpl.update(PlayerPlaceholderImpl.java:53)
11.03.2023 - 19:05:26 - 	at TAB.v3.2.4.jar//me.neznamy.tab.shared.features.PlaceholderManagerImpl.updatePlayerPlaceholder(PlaceholderManagerImpl.java:117)
11.03.2023 - 19:05:26 - 	at TAB.v3.2.4.jar//me.neznamy.tab.shared.features.PlaceholderManagerImpl.refresh(PlaceholderManagerImpl.java:68)
11.03.2023 - 19:05:26 - 	at TAB.v3.2.4.jar//me.neznamy.tab.shared.CpuManager.lambda$runMeasuredTask$8(CpuManager.java:354)
11.03.2023 - 19:05:26 - 	at TAB.v3.2.4.jar//me.neznamy.tab.shared.CpuManager.lambda$submit$1(CpuManager.java:111)
11.03.2023 - 19:05:26 - 	at java.base/java.util.concurrent.Executors$RunnableAdapter.call(Executors.java:539)
11.03.2023 - 19:05:26 - 	at java.base/java.util.concurrent.FutureTask.run(FutureTask.java:264)
11.03.2023 - 19:05:26 - 	at java.base/java.util.concurrent.ThreadPoolExecutor.runWorker(ThreadPoolExecutor.java:1136)
11.03.2023 - 19:05:26 - 	at java.base/java.util.concurrent.ThreadPoolExecutor$Worker.run(ThreadPoolExecutor.java:635)
11.03.2023 - 19:05:26 - 	at java.base/java.lang.Thread.run(Thread.java:833)
11.03.2023 - 19:05:27 - [TAB v3.2.4] Player placeholder %spbuild_getstagestring% generated an error when setting for player Dalynkaa
11.03.2023 - 19:05:27 - java.lang.IllegalStateException: zip file closed
11.03.2023 - 19:05:27 - 	at java.base/java.util.zip.ZipFile.ensureOpen(ZipFile.java:831)
11.03.2023 - 19:05:27 - 	at java.base/java.util.zip.ZipFile.getEntry(ZipFile.java:330)
11.03.2023 - 19:05:27 - 	at java.base/java.util.jar.JarFile.getEntry(JarFile.java:518)
11.03.2023 - 19:05:27 - 	at java.base/java.util.jar.JarFile.getJarEntry(JarFile.java:473)
11.03.2023 - 19:05:27 - 	at org.bukkit.plugin.java.PluginClassLoader.findClass(PluginClassLoader.java:189)
11.03.2023 - 19:05:27 - 	at java.base/java.lang.ClassLoader.loadClass(ClassLoader.java:587)
11.03.2023 - 19:05:27 - 	at org.bukkit.plugin.java.PluginClassLoader.loadClass0(PluginClassLoader.java:129)
11.03.2023 - 19:05:27 - 	at org.bukkit.plugin.java.PluginClassLoader.loadClass(PluginClassLoader.java:124)
11.03.2023 - 19:05:27 - 	at java.base/java.lang.ClassLoader.loadClass(ClassLoader.java:520)
11.03.2023 - 19:05:27 - 	at spworlds-1.0-SNAPSHOT.jar//com.spworlds.utils.PlaceholderApis.onRequest(PlaceholderApis.java:33)
11.03.2023 - 19:05:27 - 	at PlaceholderAPI-2.11.2.jar//me.clip.placeholderapi.replacer.CharsReplacer.apply(CharsReplacer.java:119)
11.03.2023 - 19:05:27 - 	at PlaceholderAPI-2.11.2.jar//me.clip.placeholderapi.PlaceholderAPI.setPlaceholders(PlaceholderAPI.java:71)
11.03.2023 - 19:05:27 - 	at PlaceholderAPI-2.11.2.jar//me.clip.placeholderapi.PlaceholderAPI.setPlaceholders(PlaceholderAPI.java:99)
11.03.2023 - 19:05:27 - 	at TAB.v3.2.4.jar//me.neznamy.tab.platforms.bukkit.BukkitPlatform.lambda$registerUnknownPlaceholder$2(BukkitPlatform.java:179)
11.03.2023 - 19:05:27 - 	at TAB.v3.2.4.jar//me.neznamy.tab.shared.placeholders.PlayerPlaceholderImpl.request(PlayerPlaceholderImpl.java:130)
11.03.2023 - 19:05:27 - 	at TAB.v3.2.4.jar//me.neznamy.tab.shared.placeholders.PlayerPlaceholderImpl.update(PlayerPlaceholderImpl.java:53)
11.03.2023 - 19:05:27 - 	at TAB.v3.2.4.jar//me.neznamy.tab.shared.features.PlaceholderManagerImpl.updatePlayerPlaceholder(PlaceholderManagerImpl.java:117)
11.03.2023 - 19:05:27 - 	at TAB.v3.2.4.jar//me.neznamy.tab.shared.features.PlaceholderManagerImpl.refresh(PlaceholderManagerImpl.java:68)
11.03.2023 - 19:05:27 - 	at TAB.v3.2.4.jar//me.neznamy.tab.shared.CpuManager.lambda$runMeasuredTask$8(CpuManager.java:354)
11.03.2023 - 19:05:27 - 	at TAB.v3.2.4.jar//me.neznamy.tab.shared.CpuManager.lambda$submit$1(CpuManager.java:111)
11.03.2023 - 19:05:27 - 	at java.base/java.util.concurrent.Executors$RunnableAdapter.call(Executors.java:539)
11.03.2023 - 19:05:27 - 	at java.base/java.util.concurrent.FutureTask.run(FutureTask.java:264)
11.03.2023 - 19:05:27 - 	at java.base/java.util.concurrent.ThreadPoolExecutor.runWorker(ThreadPoolExecutor.java:1136)
11.03.2023 - 19:05:27 - 	at java.base/java.util.concurrent.ThreadPoolExecutor$Worker.run(ThreadPoolExecutor.java:635)
11.03.2023 - 19:05:27 - 	at java.base/java.lang.Thread.run(Thread.java:833)
11.03.2023 - 19:05:27 - [TAB v3.2.4] Player placeholder %spbuild_getstagestring% generated an error when setting for player Dalynkaa
11.03.2023 - 19:05:27 - java.lang.IllegalStateException: zip file closed
11.03.2023 - 19:05:27 - 	at java.base/java.util.zip.ZipFile.ensureOpen(ZipFile.java:831)
11.03.2023 - 19:05:27 - 	at java.base/java.util.zip.ZipFile.getEntry(ZipFile.java:330)
11.03.2023 - 19:05:27 - 	at java.base/java.util.jar.JarFile.getEntry(JarFile.java:518)
11.03.2023 - 19:05:27 - 	at java.base/java.util.jar.JarFile.getJarEntry(JarFile.java:473)
11.03.2023 - 19:05:27 - 	at org.bukkit.plugin.java.PluginClassLoader.findClass(PluginClassLoader.java:189)
11.03.2023 - 19:05:27 - 	at java.base/java.lang.ClassLoader.loadClass(ClassLoader.java:587)
11.03.2023 - 19:05:27 - 	at org.bukkit.plugin.java.PluginClassLoader.loadClass0(PluginClassLoader.java:129)
11.03.2023 - 19:05:27 - 	at org.bukkit.plugin.java.PluginClassLoader.loadClass(PluginClassLoader.java:124)
11.03.2023 - 19:05:27 - 	at java.base/java.lang.ClassLoader.loadClass(ClassLoader.java:520)
11.03.2023 - 19:05:27 - 	at spworlds-1.0-SNAPSHOT.jar//com.spworlds.utils.PlaceholderApis.onRequest(PlaceholderApis.java:33)
11.03.2023 - 19:05:27 - 	at PlaceholderAPI-2.11.2.jar//me.clip.placeholderapi.replacer.CharsReplacer.apply(CharsReplacer.java:119)
11.03.2023 - 19:05:27 - 	at PlaceholderAPI-2.11.2.jar//me.clip.placeholderapi.PlaceholderAPI.setPlaceholders(PlaceholderAPI.java:71)
11.03.2023 - 19:05:27 - 	at PlaceholderAPI-2.11.2.jar//me.clip.placeholderapi.PlaceholderAPI.setPlaceholders(PlaceholderAPI.java:99)
11.03.2023 - 19:05:27 - 	at TAB.v3.2.4.jar//me.neznamy.tab.platforms.bukkit.BukkitPlatform.lambda$registerUnknownPlaceholder$2(BukkitPlatform.java:179)
11.03.2023 - 19:05:27 - 	at TAB.v3.2.4.jar//me.neznamy.tab.shared.placeholders.PlayerPlaceholderImpl.request(PlayerPlaceholderImpl.java:130)
11.03.2023 - 19:05:27 - 	at TAB.v3.2.4.jar//me.neznamy.tab.shared.placeholders.PlayerPlaceholderImpl.update(PlayerPlaceholderImpl.java:53)
11.03.2023 - 19:05:27 - 	at TAB.v3.2.4.jar//me.neznamy.tab.shared.features.PlaceholderManagerImpl.updatePlayerPlaceholder(PlaceholderManagerImpl.java:117)
11.03.2023 - 19:05:27 - 	at TAB.v3.2.4.jar//me.neznamy.tab.shared.features.PlaceholderManagerImpl.refresh(PlaceholderManagerImpl.java:68)
11.03.2023 - 19:05:27 - 	at TAB.v3.2.4.jar//me.neznamy.tab.shared.CpuManager.lambda$runMeasuredTask$8(CpuManager.java:354)
11.03.2023 - 19:05:27 - 	at TAB.v3.2.4.jar//me.neznamy.tab.shared.CpuManager.lambda$submit$1(CpuManager.java:111)
11.03.2023 - 19:05:27 - 	at java.base/java.util.concurrent.Executors$RunnableAdapter.call(Executors.java:539)
11.03.2023 - 19:05:27 - 	at java.base/java.util.concurrent.FutureTask.run(FutureTask.java:264)
11.03.2023 - 19:05:27 - 	at java.base/java.util.concurrent.ThreadPoolExecutor.runWorker(ThreadPoolExecutor.java:1136)
11.03.2023 - 19:05:27 - 	at java.base/java.util.concurrent.ThreadPoolExecutor$Worker.run(ThreadPoolExecutor.java:635)
11.03.2023 - 19:05:27 - 	at java.base/java.lang.Thread.run(Thread.java:833)
11.03.2023 - 19:05:28 - [TAB v3.2.4] Player placeholder %spbuild_getstagestring% generated an error when setting for player Dalynkaa
11.03.2023 - 19:05:28 - java.lang.IllegalStateException: zip file closed
11.03.2023 - 19:05:28 - 	at java.base/java.util.zip.ZipFile.ensureOpen(ZipFile.java:831)
11.03.2023 - 19:05:28 - 	at java.base/java.util.zip.ZipFile.getEntry(ZipFile.java:330)
11.03.2023 - 19:05:28 - 	at java.base/java.util.jar.JarFile.getEntry(JarFile.java:518)
11.03.2023 - 19:05:28 - 	at java.base/java.util.jar.JarFile.getJarEntry(JarFile.java:473)
11.03.2023 - 19:05:28 - 	at org.bukkit.plugin.java.PluginClassLoader.findClass(PluginClassLoader.java:189)
11.03.2023 - 19:05:28 - 	at java.base/java.lang.ClassLoader.loadClass(ClassLoader.java:587)
11.03.2023 - 19:05:28 - 	at org.bukkit.plugin.java.PluginClassLoader.loadClass0(PluginClassLoader.java:129)
11.03.2023 - 19:05:28 - 	at org.bukkit.plugin.java.PluginClassLoader.loadClass(PluginClassLoader.java:124)
11.03.2023 - 19:05:28 - 	at java.base/java.lang.ClassLoader.loadClass(ClassLoader.java:520)
11.03.2023 - 19:05:28 - 	at spworlds-1.0-SNAPSHOT.jar//com.spworlds.utils.PlaceholderApis.onRequest(PlaceholderApis.java:33)
11.03.2023 - 19:05:28 - 	at PlaceholderAPI-2.11.2.jar//me.clip.placeholderapi.replacer.CharsReplacer.apply(CharsReplacer.java:119)
11.03.2023 - 19:05:28 - 	at PlaceholderAPI-2.11.2.jar//me.clip.placeholderapi.PlaceholderAPI.setPlaceholders(PlaceholderAPI.java:71)
11.03.2023 - 19:05:28 - 	at PlaceholderAPI-2.11.2.jar//me.clip.placeholderapi.PlaceholderAPI.setPlaceholders(PlaceholderAPI.java:99)
11.03.2023 - 19:05:28 - 	at TAB.v3.2.4.jar//me.neznamy.tab.platforms.bukkit.BukkitPlatform.lambda$registerUnknownPlaceholder$2(BukkitPlatform.java:179)
11.03.2023 - 19:05:28 - 	at TAB.v3.2.4.jar//me.neznamy.tab.shared.placeholders.PlayerPlaceholderImpl.request(PlayerPlaceholderImpl.java:130)
11.03.2023 - 19:05:28 - 	at TAB.v3.2.4.jar//me.neznamy.tab.shared.placeholders.PlayerPlaceholderImpl.update(PlayerPlaceholderImpl.java:53)
11.03.2023 - 19:05:28 - 	at TAB.v3.2.4.jar//me.neznamy.tab.shared.features.PlaceholderManagerImpl.updatePlayerPlaceholder(PlaceholderManagerImpl.java:117)
11.03.2023 - 19:05:28 - 	at TAB.v3.2.4.jar//me.neznamy.tab.shared.features.PlaceholderManagerImpl.refresh(PlaceholderManagerImpl.java:68)
11.03.2023 - 19:05:28 - 	at TAB.v3.2.4.jar//me.neznamy.tab.shared.CpuManager.lambda$runMeasuredTask$8(CpuManager.java:354)
11.03.2023 - 19:05:28 - 	at TAB.v3.2.4.jar//me.neznamy.tab.shared.CpuManager.lambda$submit$1(CpuManager.java:111)
11.03.2023 - 19:05:28 - 	at java.base/java.util.concurrent.Executors$RunnableAdapter.call(Executors.java:539)
11.03.2023 - 19:05:28 - 	at java.base/java.util.concurrent.FutureTask.run(FutureTask.java:264)
11.03.2023 - 19:05:28 - 	at java.base/java.util.concurrent.ThreadPoolExecutor.runWorker(ThreadPoolExecutor.java:1136)
11.03.2023 - 19:05:28 - 	at java.base/java.util.concurrent.ThreadPoolExecutor$Worker.run(ThreadPoolExecutor.java:635)
11.03.2023 - 19:05:28 - 	at java.base/java.lang.Thread.run(Thread.java:833)
11.03.2023 - 19:05:28 - [TAB v3.2.4] Player placeholder %spbuild_getstagestring% generated an error when setting for player Dalynkaa
11.03.2023 - 19:05:28 - java.lang.IllegalStateException: zip file closed
11.03.2023 - 19:05:28 - 	at java.base/java.util.zip.ZipFile.ensureOpen(ZipFile.java:831)
11.03.2023 - 19:05:28 - 	at java.base/java.util.zip.ZipFile.getEntry(ZipFile.java:330)
11.03.2023 - 19:05:28 - 	at java.base/java.util.jar.JarFile.getEntry(JarFile.java:518)
11.03.2023 - 19:05:28 - 	at java.base/java.util.jar.JarFile.getJarEntry(JarFile.java:473)
11.03.2023 - 19:05:28 - 	at org.bukkit.plugin.java.PluginClassLoader.findClass(PluginClassLoader.java:189)
11.03.2023 - 19:05:28 - 	at java.base/java.lang.ClassLoader.loadClass(ClassLoader.java:587)
11.03.2023 - 19:05:28 - 	at org.bukkit.plugin.java.PluginClassLoader.loadClass0(PluginClassLoader.java:129)
11.03.2023 - 19:05:28 - 	at org.bukkit.plugin.java.PluginClassLoader.loadClass(PluginClassLoader.java:124)
11.03.2023 - 19:05:28 - 	at java.base/java.lang.ClassLoader.loadClass(ClassLoader.java:520)
11.03.2023 - 19:05:28 - 	at spworlds-1.0-SNAPSHOT.jar//com.spworlds.utils.PlaceholderApis.onRequest(PlaceholderApis.java:33)
11.03.2023 - 19:05:28 - 	at PlaceholderAPI-2.11.2.jar//me.clip.placeholderapi.replacer.CharsReplacer.apply(CharsReplacer.java:119)
11.03.2023 - 19:05:28 - 	at PlaceholderAPI-2.11.2.jar//me.clip.placeholderapi.PlaceholderAPI.setPlaceholders(PlaceholderAPI.java:71)
11.03.2023 - 19:05:28 - 	at PlaceholderAPI-2.11.2.jar//me.clip.placeholderapi.PlaceholderAPI.setPlaceholders(PlaceholderAPI.java:99)
11.03.2023 - 19:05:28 - 	at TAB.v3.2.4.jar//me.neznamy.tab.platforms.bukkit.BukkitPlatform.lambda$registerUnknownPlaceholder$2(BukkitPlatform.java:179)
11.03.2023 - 19:05:28 - 	at TAB.v3.2.4.jar//me.neznamy.tab.shared.placeholders.PlayerPlaceholderImpl.request(PlayerPlaceholderImpl.java:130)
11.03.2023 - 19:05:28 - 	at TAB.v3.2.4.jar//me.neznamy.tab.shared.placeholders.PlayerPlaceholderImpl.update(PlayerPlaceholderImpl.java:53)
11.03.2023 - 19:05:28 - 	at TAB.v3.2.4.jar//me.neznamy.tab.shared.features.PlaceholderManagerImpl.updatePlayerPlaceholder(PlaceholderManagerImpl.java:117)
11.03.2023 - 19:05:28 - 	at TAB.v3.2.4.jar//me.neznamy.tab.shared.features.PlaceholderManagerImpl.refresh(PlaceholderManagerImpl.java:68)
11.03.2023 - 19:05:28 - 	at TAB.v3.2.4.jar//me.neznamy.tab.shared.CpuManager.lambda$runMeasuredTask$8(CpuManager.java:354)
11.03.2023 - 19:05:28 - 	at TAB.v3.2.4.jar//me.neznamy.tab.shared.CpuManager.lambda$submit$1(CpuManager.java:111)
11.03.2023 - 19:05:28 - 	at java.base/java.util.concurrent.Executors$RunnableAdapter.call(Executors.java:539)
11.03.2023 - 19:05:28 - 	at java.base/java.util.concurrent.FutureTask.run(FutureTask.java:264)
11.03.2023 - 19:05:28 - 	at java.base/java.util.concurrent.ThreadPoolExecutor.runWorker(ThreadPoolExecutor.java:1136)
11.03.2023 - 19:05:28 - 	at java.base/java.util.concurrent.ThreadPoolExecutor$Worker.run(ThreadPoolExecutor.java:635)
11.03.2023 - 19:05:28 - 	at java.base/java.lang.Thread.run(Thread.java:833)
11.03.2023 - 19:05:29 - [TAB v3.2.4] Player placeholder %spbuild_getstagestring% generated an error when setting for player Dalynkaa
11.03.2023 - 19:05:29 - java.lang.IllegalStateException: zip file closed
11.03.2023 - 19:05:29 - 	at java.base/java.util.zip.ZipFile.ensureOpen(ZipFile.java:831)
11.03.2023 - 19:05:29 - 	at java.base/java.util.zip.ZipFile.getEntry(ZipFile.java:330)
11.03.2023 - 19:05:29 - 	at java.base/java.util.jar.JarFile.getEntry(JarFile.java:518)
11.03.2023 - 19:05:29 - 	at java.base/java.util.jar.JarFile.getJarEntry(JarFile.java:473)
11.03.2023 - 19:05:29 - 	at org.bukkit.plugin.java.PluginClassLoader.findClass(PluginClassLoader.java:189)
11.03.2023 - 19:05:29 - 	at java.base/java.lang.ClassLoader.loadClass(ClassLoader.java:587)
11.03.2023 - 19:05:29 - 	at org.bukkit.plugin.java.PluginClassLoader.loadClass0(PluginClassLoader.java:129)
11.03.2023 - 19:05:29 - 	at org.bukkit.plugin.java.PluginClassLoader.loadClass(PluginClassLoader.java:124)
11.03.2023 - 19:05:29 - 	at java.base/java.lang.ClassLoader.loadClass(ClassLoader.java:520)
11.03.2023 - 19:05:29 - 	at spworlds-1.0-SNAPSHOT.jar//com.spworlds.utils.PlaceholderApis.onRequest(PlaceholderApis.java:33)
11.03.2023 - 19:05:29 - 	at PlaceholderAPI-2.11.2.jar//me.clip.placeholderapi.replacer.CharsReplacer.apply(CharsReplacer.java:119)
11.03.2023 - 19:05:29 - 	at PlaceholderAPI-2.11.2.jar//me.clip.placeholderapi.PlaceholderAPI.setPlaceholders(PlaceholderAPI.java:71)
11.03.2023 - 19:05:29 - 	at PlaceholderAPI-2.11.2.jar//me.clip.placeholderapi.PlaceholderAPI.setPlaceholders(PlaceholderAPI.java:99)
11.03.2023 - 19:05:29 - 	at TAB.v3.2.4.jar//me.neznamy.tab.platforms.bukkit.BukkitPlatform.lambda$registerUnknownPlaceholder$2(BukkitPlatform.java:179)
11.03.2023 - 19:05:29 - 	at TAB.v3.2.4.jar//me.neznamy.tab.shared.placeholders.PlayerPlaceholderImpl.request(PlayerPlaceholderImpl.java:130)
11.03.2023 - 19:05:29 - 	at TAB.v3.2.4.jar//me.neznamy.tab.shared.placeholders.PlayerPlaceholderImpl.update(PlayerPlaceholderImpl.java:53)
11.03.2023 - 19:05:29 - 	at TAB.v3.2.4.jar//me.neznamy.tab.shared.features.PlaceholderManagerImpl.updatePlayerPlaceholder(PlaceholderManagerImpl.java:117)
11.03.2023 - 19:05:29 - 	at TAB.v3.2.4.jar//me.neznamy.tab.shared.features.PlaceholderManagerImpl.refresh(PlaceholderManagerImpl.java:68)
11.03.2023 - 19:05:29 - 	at TAB.v3.2.4.jar//me.neznamy.tab.shared.CpuManager.lambda$runMeasuredTask$8(CpuManager.java:354)
11.03.2023 - 19:05:29 - 	at TAB.v3.2.4.jar//me.neznamy.tab.shared.CpuManager.lambda$submit$1(CpuManager.java:111)
11.03.2023 - 19:05:29 - 	at java.base/java.util.concurrent.Executors$RunnableAdapter.call(Executors.java:539)
11.03.2023 - 19:05:29 - 	at java.base/java.util.concurrent.FutureTask.run(FutureTask.java:264)
11.03.2023 - 19:05:29 - 	at java.base/java.util.concurrent.ThreadPoolExecutor.runWorker(ThreadPoolExecutor.java:1136)
11.03.2023 - 19:05:29 - 	at java.base/java.util.concurrent.ThreadPoolExecutor$Worker.run(ThreadPoolExecutor.java:635)
11.03.2023 - 19:05:29 - 	at java.base/java.lang.Thread.run(Thread.java:833)
11.03.2023 - 19:05:29 - [TAB v3.2.4] Player placeholder %spbuild_getstagestring% generated an error when setting for player Dalynkaa
11.03.2023 - 19:05:29 - java.lang.IllegalStateException: zip file closed
11.03.2023 - 19:05:29 - 	at java.base/java.util.zip.ZipFile.ensureOpen(ZipFile.java:831)
11.03.2023 - 19:05:29 - 	at java.base/java.util.zip.ZipFile.getEntry(ZipFile.java:330)
11.03.2023 - 19:05:29 - 	at java.base/java.util.jar.JarFile.getEntry(JarFile.java:518)
11.03.2023 - 19:05:29 - 	at java.base/java.util.jar.JarFile.getJarEntry(JarFile.java:473)
11.03.2023 - 19:05:29 - 	at org.bukkit.plugin.java.PluginClassLoader.findClass(PluginClassLoader.java:189)
11.03.2023 - 19:05:29 - 	at java.base/java.lang.ClassLoader.loadClass(ClassLoader.java:587)
11.03.2023 - 19:05:29 - 	at org.bukkit.plugin.java.PluginClassLoader.loadClass0(PluginClassLoader.java:129)
11.03.2023 - 19:05:29 - 	at org.bukkit.plugin.java.PluginClassLoader.loadClass(PluginClassLoader.java:124)
11.03.2023 - 19:05:29 - 	at java.base/java.lang.ClassLoader.loadClass(ClassLoader.java:520)
11.03.2023 - 19:05:29 - 	at spworlds-1.0-SNAPSHOT.jar//com.spworlds.utils.PlaceholderApis.onRequest(PlaceholderApis.java:33)
11.03.2023 - 19:05:29 - 	at PlaceholderAPI-2.11.2.jar//me.clip.placeholderapi.replacer.CharsReplacer.apply(CharsReplacer.java:119)
11.03.2023 - 19:05:29 - 	at PlaceholderAPI-2.11.2.jar//me.clip.placeholderapi.PlaceholderAPI.setPlaceholders(PlaceholderAPI.java:71)
11.03.2023 - 19:05:29 - 	at PlaceholderAPI-2.11.2.jar//me.clip.placeholderapi.PlaceholderAPI.setPlaceholders(PlaceholderAPI.java:99)
11.03.2023 - 19:05:29 - 	at TAB.v3.2.4.jar//me.neznamy.tab.platforms.bukkit.BukkitPlatform.lambda$registerUnknownPlaceholder$2(BukkitPlatform.java:179)
11.03.2023 - 19:05:29 - 	at TAB.v3.2.4.jar//me.neznamy.tab.shared.placeholders.PlayerPlaceholderImpl.request(PlayerPlaceholderImpl.java:130)
11.03.2023 - 19:05:29 - 	at TAB.v3.2.4.jar//me.neznamy.tab.shared.placeholders.PlayerPlaceholderImpl.update(PlayerPlaceholderImpl.java:53)
11.03.2023 - 19:05:29 - 	at TAB.v3.2.4.jar//me.neznamy.tab.shared.features.PlaceholderManagerImpl.updatePlayerPlaceholder(PlaceholderManagerImpl.java:117)
11.03.2023 - 19:05:29 - 	at TAB.v3.2.4.jar//me.neznamy.tab.shared.features.PlaceholderManagerImpl.refresh(PlaceholderManagerImpl.java:68)
11.03.2023 - 19:05:29 - 	at TAB.v3.2.4.jar//me.neznamy.tab.shared.CpuManager.lambda$runMeasuredTask$8(CpuManager.java:354)
11.03.2023 - 19:05:29 - 	at TAB.v3.2.4.jar//me.neznamy.tab.shared.CpuManager.lambda$submit$1(CpuManager.java:111)
11.03.2023 - 19:05:29 - 	at java.base/java.util.concurrent.Executors$RunnableAdapter.call(Executors.java:539)
11.03.2023 - 19:05:29 - 	at java.base/java.util.concurrent.FutureTask.run(FutureTask.java:264)
11.03.2023 - 19:05:29 - 	at java.base/java.util.concurrent.ThreadPoolExecutor.runWorker(ThreadPoolExecutor.java:1136)
11.03.2023 - 19:05:29 - 	at java.base/java.util.concurrent.ThreadPoolExecutor$Worker.run(ThreadPoolExecutor.java:635)
11.03.2023 - 19:05:29 - 	at java.base/java.lang.Thread.run(Thread.java:833)
11.03.2023 - 19:05:30 - [TAB v3.2.4] Player placeholder %spbuild_getstagestring% generated an error when setting for player Dalynkaa
11.03.2023 - 19:05:30 - java.lang.IllegalStateException: zip file closed
11.03.2023 - 19:05:30 - 	at java.base/java.util.zip.ZipFile.ensureOpen(ZipFile.java:831)
11.03.2023 - 19:05:30 - 	at java.base/java.util.zip.ZipFile.getEntry(ZipFile.java:330)
11.03.2023 - 19:05:30 - 	at java.base/java.util.jar.JarFile.getEntry(JarFile.java:518)
11.03.2023 - 19:05:30 - 	at java.base/java.util.jar.JarFile.getJarEntry(JarFile.java:473)
11.03.2023 - 19:05:30 - 	at org.bukkit.plugin.java.PluginClassLoader.findClass(PluginClassLoader.java:189)
11.03.2023 - 19:05:30 - 	at java.base/java.lang.ClassLoader.loadClass(ClassLoader.java:587)
11.03.2023 - 19:05:30 - 	at org.bukkit.plugin.java.PluginClassLoader.loadClass0(PluginClassLoader.java:129)
11.03.2023 - 19:05:30 - 	at org.bukkit.plugin.java.PluginClassLoader.loadClass(PluginClassLoader.java:124)
11.03.2023 - 19:05:30 - 	at java.base/java.lang.ClassLoader.loadClass(ClassLoader.java:520)
11.03.2023 - 19:05:30 - 	at spworlds-1.0-SNAPSHOT.jar//com.spworlds.utils.PlaceholderApis.onRequest(PlaceholderApis.java:33)
11.03.2023 - 19:05:30 - 	at PlaceholderAPI-2.11.2.jar//me.clip.placeholderapi.replacer.CharsReplacer.apply(CharsReplacer.java:119)
11.03.2023 - 19:05:30 - 	at PlaceholderAPI-2.11.2.jar//me.clip.placeholderapi.PlaceholderAPI.setPlaceholders(PlaceholderAPI.java:71)
11.03.2023 - 19:05:30 - 	at PlaceholderAPI-2.11.2.jar//me.clip.placeholderapi.PlaceholderAPI.setPlaceholders(PlaceholderAPI.java:99)
11.03.2023 - 19:05:30 - 	at TAB.v3.2.4.jar//me.neznamy.tab.platforms.bukkit.BukkitPlatform.lambda$registerUnknownPlaceholder$2(BukkitPlatform.java:179)
11.03.2023 - 19:05:30 - 	at TAB.v3.2.4.jar//me.neznamy.tab.shared.placeholders.PlayerPlaceholderImpl.request(PlayerPlaceholderImpl.java:130)
11.03.2023 - 19:05:30 - 	at TAB.v3.2.4.jar//me.neznamy.tab.shared.placeholders.PlayerPlaceholderImpl.update(PlayerPlaceholderImpl.java:53)
11.03.2023 - 19:05:30 - 	at TAB.v3.2.4.jar//me.neznamy.tab.shared.features.PlaceholderManagerImpl.updatePlayerPlaceholder(PlaceholderManagerImpl.java:117)
11.03.2023 - 19:05:30 - 	at TAB.v3.2.4.jar//me.neznamy.tab.shared.features.PlaceholderManagerImpl.refresh(PlaceholderManagerImpl.java:68)
11.03.2023 - 19:05:30 - 	at TAB.v3.2.4.jar//me.neznamy.tab.shared.CpuManager.lambda$runMeasuredTask$8(CpuManager.java:354)
11.03.2023 - 19:05:30 - 	at TAB.v3.2.4.jar//me.neznamy.tab.shared.CpuManager.lambda$submit$1(CpuManager.java:111)
11.03.2023 - 19:05:30 - 	at java.base/java.util.concurrent.Executors$RunnableAdapter.call(Executors.java:539)
11.03.2023 - 19:05:30 - 	at java.base/java.util.concurrent.FutureTask.run(FutureTask.java:264)
11.03.2023 - 19:05:30 - 	at java.base/java.util.concurrent.ThreadPoolExecutor.runWorker(ThreadPoolExecutor.java:1136)
11.03.2023 - 19:05:30 - 	at java.base/java.util.concurrent.ThreadPoolExecutor$Worker.run(ThreadPoolExecutor.java:635)
11.03.2023 - 19:05:30 - 	at java.base/java.lang.Thread.run(Thread.java:833)
11.03.2023 - 19:05:30 - [TAB v3.2.4] Player placeholder %spbuild_getstagestring% generated an error when setting for player Dalynkaa
11.03.2023 - 19:05:30 - java.lang.IllegalStateException: zip file closed
11.03.2023 - 19:05:30 - 	at java.base/java.util.zip.ZipFile.ensureOpen(ZipFile.java:831)
11.03.2023 - 19:05:30 - 	at java.base/java.util.zip.ZipFile.getEntry(ZipFile.java:330)
11.03.2023 - 19:05:30 - 	at java.base/java.util.jar.JarFile.getEntry(JarFile.java:518)
11.03.2023 - 19:05:30 - 	at java.base/java.util.jar.JarFile.getJarEntry(JarFile.java:473)
11.03.2023 - 19:05:30 - 	at org.bukkit.plugin.java.PluginClassLoader.findClass(PluginClassLoader.java:189)
11.03.2023 - 19:05:30 - 	at java.base/java.lang.ClassLoader.loadClass(ClassLoader.java:587)
11.03.2023 - 19:05:30 - 	at org.bukkit.plugin.java.PluginClassLoader.loadClass0(PluginClassLoader.java:129)
11.03.2023 - 19:05:30 - 	at org.bukkit.plugin.java.PluginClassLoader.loadClass(PluginClassLoader.java:124)
11.03.2023 - 19:05:30 - 	at java.base/java.lang.ClassLoader.loadClass(ClassLoader.java:520)
11.03.2023 - 19:05:30 - 	at spworlds-1.0-SNAPSHOT.jar//com.spworlds.utils.PlaceholderApis.onRequest(PlaceholderApis.java:33)
11.03.2023 - 19:05:30 - 	at PlaceholderAPI-2.11.2.jar//me.clip.placeholderapi.replacer.CharsReplacer.apply(CharsReplacer.java:119)
11.03.2023 - 19:05:30 - 	at PlaceholderAPI-2.11.2.jar//me.clip.placeholderapi.PlaceholderAPI.setPlaceholders(PlaceholderAPI.java:71)
11.03.2023 - 19:05:30 - 	at PlaceholderAPI-2.11.2.jar//me.clip.placeholderapi.PlaceholderAPI.setPlaceholders(PlaceholderAPI.java:99)
11.03.2023 - 19:05:30 - 	at TAB.v3.2.4.jar//me.neznamy.tab.platforms.bukkit.BukkitPlatform.lambda$registerUnknownPlaceholder$2(BukkitPlatform.java:179)
11.03.2023 - 19:05:30 - 	at TAB.v3.2.4.jar//me.neznamy.tab.shared.placeholders.PlayerPlaceholderImpl.request(PlayerPlaceholderImpl.java:130)
11.03.2023 - 19:05:30 - 	at TAB.v3.2.4.jar//me.neznamy.tab.shared.placeholders.PlayerPlaceholderImpl.update(PlayerPlaceholderImpl.java:53)
11.03.2023 - 19:05:30 - 	at TAB.v3.2.4.jar//me.neznamy.tab.shared.features.PlaceholderManagerImpl.updatePlayerPlaceholder(PlaceholderManagerImpl.java:117)
11.03.2023 - 19:05:30 - 	at TAB.v3.2.4.jar//me.neznamy.tab.shared.features.PlaceholderManagerImpl.refresh(PlaceholderManagerImpl.java:68)
11.03.2023 - 19:05:30 - 	at TAB.v3.2.4.jar//me.neznamy.tab.shared.CpuManager.lambda$runMeasuredTask$8(CpuManager.java:354)
11.03.2023 - 19:05:30 - 	at TAB.v3.2.4.jar//me.neznamy.tab.shared.CpuManager.lambda$submit$1(CpuManager.java:111)
11.03.2023 - 19:05:30 - 	at java.base/java.util.concurrent.Executors$RunnableAdapter.call(Executors.java:539)
11.03.2023 - 19:05:30 - 	at java.base/java.util.concurrent.FutureTask.run(FutureTask.java:264)
11.03.2023 - 19:05:30 - 	at java.base/java.util.concurrent.ThreadPoolExecutor.runWorker(ThreadPoolExecutor.java:1136)
11.03.2023 - 19:05:30 - 	at java.base/java.util.concurrent.ThreadPoolExecutor$Worker.run(ThreadPoolExecutor.java:635)
11.03.2023 - 19:05:30 - 	at java.base/java.lang.Thread.run(Thread.java:833)
11.03.2023 - 19:05:31 - [TAB v3.2.4] Player placeholder %spbuild_getstagestring% generated an error when setting for player Dalynkaa
11.03.2023 - 19:05:31 - java.lang.IllegalStateException: zip file closed
11.03.2023 - 19:05:31 - 	at java.base/java.util.zip.ZipFile.ensureOpen(ZipFile.java:831)
11.03.2023 - 19:05:31 - 	at java.base/java.util.zip.ZipFile.getEntry(ZipFile.java:330)
11.03.2023 - 19:05:31 - 	at java.base/java.util.jar.JarFile.getEntry(JarFile.java:518)
11.03.2023 - 19:05:31 - 	at java.base/java.util.jar.JarFile.getJarEntry(JarFile.java:473)
11.03.2023 - 19:05:31 - 	at org.bukkit.plugin.java.PluginClassLoader.findClass(PluginClassLoader.java:189)
11.03.2023 - 19:05:31 - 	at java.base/java.lang.ClassLoader.loadClass(ClassLoader.java:587)
11.03.2023 - 19:05:31 - 	at org.bukkit.plugin.java.PluginClassLoader.loadClass0(PluginClassLoader.java:129)
11.03.2023 - 19:05:31 - 	at org.bukkit.plugin.java.PluginClassLoader.loadClass(PluginClassLoader.java:124)
11.03.2023 - 19:05:31 - 	at java.base/java.lang.ClassLoader.loadClass(ClassLoader.java:520)
11.03.2023 - 19:05:31 - 	at spworlds-1.0-SNAPSHOT.jar//com.spworlds.utils.PlaceholderApis.onRequest(PlaceholderApis.java:33)
11.03.2023 - 19:05:31 - 	at PlaceholderAPI-2.11.2.jar//me.clip.placeholderapi.replacer.CharsReplacer.apply(CharsReplacer.java:119)
11.03.2023 - 19:05:31 - 	at PlaceholderAPI-2.11.2.jar//me.clip.placeholderapi.PlaceholderAPI.setPlaceholders(PlaceholderAPI.java:71)
11.03.2023 - 19:05:31 - 	at PlaceholderAPI-2.11.2.jar//me.clip.placeholderapi.PlaceholderAPI.setPlaceholders(PlaceholderAPI.java:99)
11.03.2023 - 19:05:31 - 	at TAB.v3.2.4.jar//me.neznamy.tab.platforms.bukkit.BukkitPlatform.lambda$registerUnknownPlaceholder$2(BukkitPlatform.java:179)
11.03.2023 - 19:05:31 - 	at TAB.v3.2.4.jar//me.neznamy.tab.shared.placeholders.PlayerPlaceholderImpl.request(PlayerPlaceholderImpl.java:130)
11.03.2023 - 19:05:31 - 	at TAB.v3.2.4.jar//me.neznamy.tab.shared.placeholders.PlayerPlaceholderImpl.update(PlayerPlaceholderImpl.java:53)
11.03.2023 - 19:05:31 - 	at TAB.v3.2.4.jar//me.neznamy.tab.shared.features.PlaceholderManagerImpl.updatePlayerPlaceholder(PlaceholderManagerImpl.java:117)
11.03.2023 - 19:05:31 - 	at TAB.v3.2.4.jar//me.neznamy.tab.shared.features.PlaceholderManagerImpl.refresh(PlaceholderManagerImpl.java:68)
11.03.2023 - 19:05:31 - 	at TAB.v3.2.4.jar//me.neznamy.tab.shared.CpuManager.lambda$runMeasuredTask$8(CpuManager.java:354)
11.03.2023 - 19:05:31 - 	at TAB.v3.2.4.jar//me.neznamy.tab.shared.CpuManager.lambda$submit$1(CpuManager.java:111)
11.03.2023 - 19:05:31 - 	at java.base/java.util.concurrent.Executors$RunnableAdapter.call(Executors.java:539)
11.03.2023 - 19:05:31 - 	at java.base/java.util.concurrent.FutureTask.run(FutureTask.java:264)
11.03.2023 - 19:05:31 - 	at java.base/java.util.concurrent.ThreadPoolExecutor.runWorker(ThreadPoolExecutor.java:1136)
11.03.2023 - 19:05:31 - 	at java.base/java.util.concurrent.ThreadPoolExecutor$Worker.run(ThreadPoolExecutor.java:635)
11.03.2023 - 19:05:31 - 	at java.base/java.lang.Thread.run(Thread.java:833)
11.03.2023 - 19:05:31 - [TAB v3.2.4] Player placeholder %spbuild_getstagestring% generated an error when setting for player Dalynkaa
11.03.2023 - 19:05:31 - java.lang.IllegalStateException: zip file closed
11.03.2023 - 19:05:31 - 	at java.base/java.util.zip.ZipFile.ensureOpen(ZipFile.java:831)
11.03.2023 - 19:05:31 - 	at java.base/java.util.zip.ZipFile.getEntry(ZipFile.java:330)
11.03.2023 - 19:05:31 - 	at java.base/java.util.jar.JarFile.getEntry(JarFile.java:518)
11.03.2023 - 19:05:31 - 	at java.base/java.util.jar.JarFile.getJarEntry(JarFile.java:473)
11.03.2023 - 19:05:31 - 	at org.bukkit.plugin.java.PluginClassLoader.findClass(PluginClassLoader.java:189)
11.03.2023 - 19:05:31 - 	at java.base/java.lang.ClassLoader.loadClass(ClassLoader.java:587)
11.03.2023 - 19:05:31 - 	at org.bukkit.plugin.java.PluginClassLoader.loadClass0(PluginClassLoader.java:129)
11.03.2023 - 19:05:31 - 	at org.bukkit.plugin.java.PluginClassLoader.loadClass(PluginClassLoader.java:124)
11.03.2023 - 19:05:31 - 	at java.base/java.lang.ClassLoader.loadClass(ClassLoader.java:520)
11.03.2023 - 19:05:31 - 	at spworlds-1.0-SNAPSHOT.jar//com.spworlds.utils.PlaceholderApis.onRequest(PlaceholderApis.java:33)
11.03.2023 - 19:05:31 - 	at PlaceholderAPI-2.11.2.jar//me.clip.placeholderapi.replacer.CharsReplacer.apply(CharsReplacer.java:119)
11.03.2023 - 19:05:31 - 	at PlaceholderAPI-2.11.2.jar//me.clip.placeholderapi.PlaceholderAPI.setPlaceholders(PlaceholderAPI.java:71)
11.03.2023 - 19:05:31 - 	at PlaceholderAPI-2.11.2.jar//me.clip.placeholderapi.PlaceholderAPI.setPlaceholders(PlaceholderAPI.java:99)
11.03.2023 - 19:05:31 - 	at TAB.v3.2.4.jar//me.neznamy.tab.platforms.bukkit.BukkitPlatform.lambda$registerUnknownPlaceholder$2(BukkitPlatform.java:179)
11.03.2023 - 19:05:31 - 	at TAB.v3.2.4.jar//me.neznamy.tab.shared.placeholders.PlayerPlaceholderImpl.request(PlayerPlaceholderImpl.java:130)
11.03.2023 - 19:05:31 - 	at TAB.v3.2.4.jar//me.neznamy.tab.shared.placeholders.PlayerPlaceholderImpl.update(PlayerPlaceholderImpl.java:53)
11.03.2023 - 19:05:31 - 	at TAB.v3.2.4.jar//me.neznamy.tab.shared.features.PlaceholderManagerImpl.updatePlayerPlaceholder(PlaceholderManagerImpl.java:117)
11.03.2023 - 19:05:31 - 	at TAB.v3.2.4.jar//me.neznamy.tab.shared.features.PlaceholderManagerImpl.refresh(PlaceholderManagerImpl.java:68)
11.03.2023 - 19:05:31 - 	at TAB.v3.2.4.jar//me.neznamy.tab.shared.CpuManager.lambda$runMeasuredTask$8(CpuManager.java:354)
11.03.2023 - 19:05:31 - 	at TAB.v3.2.4.jar//me.neznamy.tab.shared.CpuManager.lambda$submit$1(CpuManager.java:111)
11.03.2023 - 19:05:31 - 	at java.base/java.util.concurrent.Executors$RunnableAdapter.call(Executors.java:539)
11.03.2023 - 19:05:31 - 	at java.base/java.util.concurrent.FutureTask.run(FutureTask.java:264)
11.03.2023 - 19:05:31 - 	at java.base/java.util.concurrent.ThreadPoolExecutor.runWorker(ThreadPoolExecutor.java:1136)
11.03.2023 - 19:05:31 - 	at java.base/java.util.concurrent.ThreadPoolExecutor$Worker.run(ThreadPoolExecutor.java:635)
11.03.2023 - 19:05:31 - 	at java.base/java.lang.Thread.run(Thread.java:833)
11.03.2023 - 19:05:32 - [TAB v3.2.4] Player placeholder %spbuild_getstagestring% generated an error when setting for player Dalynkaa
11.03.2023 - 19:05:32 - java.lang.IllegalStateException: zip file closed
11.03.2023 - 19:05:32 - 	at java.base/java.util.zip.ZipFile.ensureOpen(ZipFile.java:831)
11.03.2023 - 19:05:32 - 	at java.base/java.util.zip.ZipFile.getEntry(ZipFile.java:330)
11.03.2023 - 19:05:32 - 	at java.base/java.util.jar.JarFile.getEntry(JarFile.java:518)
11.03.2023 - 19:05:32 - 	at java.base/java.util.jar.JarFile.getJarEntry(JarFile.java:473)
11.03.2023 - 19:05:32 - 	at org.bukkit.plugin.java.PluginClassLoader.findClass(PluginClassLoader.java:189)
11.03.2023 - 19:05:32 - 	at java.base/java.lang.ClassLoader.loadClass(ClassLoader.java:587)
11.03.2023 - 19:05:32 - 	at org.bukkit.plugin.java.PluginClassLoader.loadClass0(PluginClassLoader.java:129)
11.03.2023 - 19:05:32 - 	at org.bukkit.plugin.java.PluginClassLoader.loadClass(PluginClassLoader.java:124)
11.03.2023 - 19:05:32 - 	at java.base/java.lang.ClassLoader.loadClass(ClassLoader.java:520)
11.03.2023 - 19:05:32 - 	at spworlds-1.0-SNAPSHOT.jar//com.spworlds.utils.PlaceholderApis.onRequest(PlaceholderApis.java:33)
11.03.2023 - 19:05:32 - 	at PlaceholderAPI-2.11.2.jar//me.clip.placeholderapi.replacer.CharsReplacer.apply(CharsReplacer.java:119)
11.03.2023 - 19:05:32 - 	at PlaceholderAPI-2.11.2.jar//me.clip.placeholderapi.PlaceholderAPI.setPlaceholders(PlaceholderAPI.java:71)
11.03.2023 - 19:05:32 - 	at PlaceholderAPI-2.11.2.jar//me.clip.placeholderapi.PlaceholderAPI.setPlaceholders(PlaceholderAPI.java:99)
11.03.2023 - 19:05:32 - 	at TAB.v3.2.4.jar//me.neznamy.tab.platforms.bukkit.BukkitPlatform.lambda$registerUnknownPlaceholder$2(BukkitPlatform.java:179)
11.03.2023 - 19:05:32 - 	at TAB.v3.2.4.jar//me.neznamy.tab.shared.placeholders.PlayerPlaceholderImpl.request(PlayerPlaceholderImpl.java:130)
11.03.2023 - 19:05:32 - 	at TAB.v3.2.4.jar//me.neznamy.tab.shared.placeholders.PlayerPlaceholderImpl.update(PlayerPlaceholderImpl.java:53)
11.03.2023 - 19:05:32 - 	at TAB.v3.2.4.jar//me.neznamy.tab.shared.features.PlaceholderManagerImpl.updatePlayerPlaceholder(PlaceholderManagerImpl.java:117)
11.03.2023 - 19:05:32 - 	at TAB.v3.2.4.jar//me.neznamy.tab.shared.features.PlaceholderManagerImpl.refresh(PlaceholderManagerImpl.java:68)
11.03.2023 - 19:05:32 - 	at TAB.v3.2.4.jar//me.neznamy.tab.shared.CpuManager.lambda$runMeasuredTask$8(CpuManager.java:354)
11.03.2023 - 19:05:32 - 	at TAB.v3.2.4.jar//me.neznamy.tab.shared.CpuManager.lambda$submit$1(CpuManager.java:111)
11.03.2023 - 19:05:32 - 	at java.base/java.util.concurrent.Executors$RunnableAdapter.call(Executors.java:539)
11.03.2023 - 19:05:32 - 	at java.base/java.util.concurrent.FutureTask.run(FutureTask.java:264)
11.03.2023 - 19:05:32 - 	at java.base/java.util.concurrent.ThreadPoolExecutor.runWorker(ThreadPoolExecutor.java:1136)
11.03.2023 - 19:05:32 - 	at java.base/java.util.concurrent.ThreadPoolExecutor$Worker.run(ThreadPoolExecutor.java:635)
11.03.2023 - 19:05:32 - 	at java.base/java.lang.Thread.run(Thread.java:833)
11.03.2023 - 19:05:32 - [TAB v3.2.4] Player placeholder %spbuild_getstagestring% generated an error when setting for player Dalynkaa
11.03.2023 - 19:05:32 - java.lang.IllegalStateException: zip file closed
11.03.2023 - 19:05:32 - 	at java.base/java.util.zip.ZipFile.ensureOpen(ZipFile.java:831)
11.03.2023 - 19:05:32 - 	at java.base/java.util.zip.ZipFile.getEntry(ZipFile.java:330)
11.03.2023 - 19:05:32 - 	at java.base/java.util.jar.JarFile.getEntry(JarFile.java:518)
11.03.2023 - 19:05:32 - 	at java.base/java.util.jar.JarFile.getJarEntry(JarFile.java:473)
11.03.2023 - 19:05:32 - 	at org.bukkit.plugin.java.PluginClassLoader.findClass(PluginClassLoader.java:189)
11.03.2023 - 19:05:32 - 	at java.base/java.lang.ClassLoader.loadClass(ClassLoader.java:587)
11.03.2023 - 19:05:32 - 	at org.bukkit.plugin.java.PluginClassLoader.loadClass0(PluginClassLoader.java:129)
11.03.2023 - 19:05:32 - 	at org.bukkit.plugin.java.PluginClassLoader.loadClass(PluginClassLoader.java:124)
11.03.2023 - 19:05:32 - 	at java.base/java.lang.ClassLoader.loadClass(ClassLoader.java:520)
11.03.2023 - 19:05:32 - 	at spworlds-1.0-SNAPSHOT.jar//com.spworlds.utils.PlaceholderApis.onRequest(PlaceholderApis.java:33)
11.03.2023 - 19:05:32 - 	at PlaceholderAPI-2.11.2.jar//me.clip.placeholderapi.replacer.CharsReplacer.apply(CharsReplacer.java:119)
11.03.2023 - 19:05:32 - 	at PlaceholderAPI-2.11.2.jar//me.clip.placeholderapi.PlaceholderAPI.setPlaceholders(PlaceholderAPI.java:71)
11.03.2023 - 19:05:32 - 	at PlaceholderAPI-2.11.2.jar//me.clip.placeholderapi.PlaceholderAPI.setPlaceholders(PlaceholderAPI.java:99)
11.03.2023 - 19:05:32 - 	at TAB.v3.2.4.jar//me.neznamy.tab.platforms.bukkit.BukkitPlatform.lambda$registerUnknownPlaceholder$2(BukkitPlatform.java:179)
11.03.2023 - 19:05:32 - 	at TAB.v3.2.4.jar//me.neznamy.tab.shared.placeholders.PlayerPlaceholderImpl.request(PlayerPlaceholderImpl.java:130)
11.03.2023 - 19:05:32 - 	at TAB.v3.2.4.jar//me.neznamy.tab.shared.placeholders.PlayerPlaceholderImpl.update(PlayerPlaceholderImpl.java:53)
11.03.2023 - 19:05:32 - 	at TAB.v3.2.4.jar//me.neznamy.tab.shared.features.PlaceholderManagerImpl.updatePlayerPlaceholder(PlaceholderManagerImpl.java:117)
11.03.2023 - 19:05:32 - 	at TAB.v3.2.4.jar//me.neznamy.tab.shared.features.PlaceholderManagerImpl.refresh(PlaceholderManagerImpl.java:68)
11.03.2023 - 19:05:32 - 	at TAB.v3.2.4.jar//me.neznamy.tab.shared.CpuManager.lambda$runMeasuredTask$8(CpuManager.java:354)
11.03.2023 - 19:05:32 - 	at TAB.v3.2.4.jar//me.neznamy.tab.shared.CpuManager.lambda$submit$1(CpuManager.java:111)
11.03.2023 - 19:05:32 - 	at java.base/java.util.concurrent.Executors$RunnableAdapter.call(Executors.java:539)
11.03.2023 - 19:05:32 - 	at java.base/java.util.concurrent.FutureTask.run(FutureTask.java:264)
11.03.2023 - 19:05:32 - 	at java.base/java.util.concurrent.ThreadPoolExecutor.runWorker(ThreadPoolExecutor.java:1136)
11.03.2023 - 19:05:32 - 	at java.base/java.util.concurrent.ThreadPoolExecutor$Worker.run(ThreadPoolExecutor.java:635)
11.03.2023 - 19:05:32 - 	at java.base/java.lang.Thread.run(Thread.java:833)
11.03.2023 - 19:05:33 - [TAB v3.2.4] Player placeholder %spbuild_getstagestring% generated an error when setting for player Dalynkaa
11.03.2023 - 19:05:33 - java.lang.IllegalStateException: zip file closed
11.03.2023 - 19:05:33 - 	at java.base/java.util.zip.ZipFile.ensureOpen(ZipFile.java:831)
11.03.2023 - 19:05:33 - 	at java.base/java.util.zip.ZipFile.getEntry(ZipFile.java:330)
11.03.2023 - 19:05:33 - 	at java.base/java.util.jar.JarFile.getEntry(JarFile.java:518)
11.03.2023 - 19:05:33 - 	at java.base/java.util.jar.JarFile.getJarEntry(JarFile.java:473)
11.03.2023 - 19:05:33 - 	at org.bukkit.plugin.java.PluginClassLoader.findClass(PluginClassLoader.java:189)
11.03.2023 - 19:05:33 - 	at java.base/java.lang.ClassLoader.loadClass(ClassLoader.java:587)
11.03.2023 - 19:05:33 - 	at org.bukkit.plugin.java.PluginClassLoader.loadClass0(PluginClassLoader.java:129)
11.03.2023 - 19:05:33 - 	at org.bukkit.plugin.java.PluginClassLoader.loadClass(PluginClassLoader.java:124)
11.03.2023 - 19:05:33 - 	at java.base/java.lang.ClassLoader.loadClass(ClassLoader.java:520)
11.03.2023 - 19:05:33 - 	at spworlds-1.0-SNAPSHOT.jar//com.spworlds.utils.PlaceholderApis.onRequest(PlaceholderApis.java:33)
11.03.2023 - 19:05:33 - 	at PlaceholderAPI-2.11.2.jar//me.clip.placeholderapi.replacer.CharsReplacer.apply(CharsReplacer.java:119)
11.03.2023 - 19:05:33 - 	at PlaceholderAPI-2.11.2.jar//me.clip.placeholderapi.PlaceholderAPI.setPlaceholders(PlaceholderAPI.java:71)
11.03.2023 - 19:05:33 - 	at PlaceholderAPI-2.11.2.jar//me.clip.placeholderapi.PlaceholderAPI.setPlaceholders(PlaceholderAPI.java:99)
11.03.2023 - 19:05:33 - 	at TAB.v3.2.4.jar//me.neznamy.tab.platforms.bukkit.BukkitPlatform.lambda$registerUnknownPlaceholder$2(BukkitPlatform.java:179)
11.03.2023 - 19:05:33 - 	at TAB.v3.2.4.jar//me.neznamy.tab.shared.placeholders.PlayerPlaceholderImpl.request(PlayerPlaceholderImpl.java:130)
11.03.2023 - 19:05:33 - 	at TAB.v3.2.4.jar//me.neznamy.tab.shared.placeholders.PlayerPlaceholderImpl.update(PlayerPlaceholderImpl.java:53)
11.03.2023 - 19:05:33 - 	at TAB.v3.2.4.jar//me.neznamy.tab.shared.features.PlaceholderManagerImpl.updatePlayerPlaceholder(PlaceholderManagerImpl.java:117)
11.03.2023 - 19:05:33 - 	at TAB.v3.2.4.jar//me.neznamy.tab.shared.features.PlaceholderManagerImpl.refresh(PlaceholderManagerImpl.java:68)
11.03.2023 - 19:05:33 - 	at TAB.v3.2.4.jar//me.neznamy.tab.shared.CpuManager.lambda$runMeasuredTask$8(CpuManager.java:354)
11.03.2023 - 19:05:33 - 	at TAB.v3.2.4.jar//me.neznamy.tab.shared.CpuManager.lambda$submit$1(CpuManager.java:111)
11.03.2023 - 19:05:33 - 	at java.base/java.util.concurrent.Executors$RunnableAdapter.call(Executors.java:539)
11.03.2023 - 19:05:33 - 	at java.base/java.util.concurrent.FutureTask.run(FutureTask.java:264)
11.03.2023 - 19:05:33 - 	at java.base/java.util.concurrent.ThreadPoolExecutor.runWorker(ThreadPoolExecutor.java:1136)
11.03.2023 - 19:05:33 - 	at java.base/java.util.concurrent.ThreadPoolExecutor$Worker.run(ThreadPoolExecutor.java:635)
11.03.2023 - 19:05:33 - 	at java.base/java.lang.Thread.run(Thread.java:833)
11.03.2023 - 19:05:33 - [TAB v3.2.4] Player placeholder %spbuild_getstagestring% generated an error when setting for player Dalynkaa
11.03.2023 - 19:05:33 - java.lang.IllegalStateException: zip file closed
11.03.2023 - 19:05:33 - 	at java.base/java.util.zip.ZipFile.ensureOpen(ZipFile.java:831)
11.03.2023 - 19:05:33 - 	at java.base/java.util.zip.ZipFile.getEntry(ZipFile.java:330)
11.03.2023 - 19:05:33 - 	at java.base/java.util.jar.JarFile.getEntry(JarFile.java:518)
11.03.2023 - 19:05:33 - 	at java.base/java.util.jar.JarFile.getJarEntry(JarFile.java:473)
11.03.2023 - 19:05:33 - 	at org.bukkit.plugin.java.PluginClassLoader.findClass(PluginClassLoader.java:189)
11.03.2023 - 19:05:33 - 	at java.base/java.lang.ClassLoader.loadClass(ClassLoader.java:587)
11.03.2023 - 19:05:33 - 	at org.bukkit.plugin.java.PluginClassLoader.loadClass0(PluginClassLoader.java:129)
11.03.2023 - 19:05:33 - 	at org.bukkit.plugin.java.PluginClassLoader.loadClass(PluginClassLoader.java:124)
11.03.2023 - 19:05:33 - 	at java.base/java.lang.ClassLoader.loadClass(ClassLoader.java:520)
11.03.2023 - 19:05:33 - 	at spworlds-1.0-SNAPSHOT.jar//com.spworlds.utils.PlaceholderApis.onRequest(PlaceholderApis.java:33)
11.03.2023 - 19:05:33 - 	at PlaceholderAPI-2.11.2.jar//me.clip.placeholderapi.replacer.CharsReplacer.apply(CharsReplacer.java:119)
11.03.2023 - 19:05:33 - 	at PlaceholderAPI-2.11.2.jar//me.clip.placeholderapi.PlaceholderAPI.setPlaceholders(PlaceholderAPI.java:71)
11.03.2023 - 19:05:33 - 	at PlaceholderAPI-2.11.2.jar//me.clip.placeholderapi.PlaceholderAPI.setPlaceholders(PlaceholderAPI.java:99)
11.03.2023 - 19:05:33 - 	at TAB.v3.2.4.jar//me.neznamy.tab.platforms.bukkit.BukkitPlatform.lambda$registerUnknownPlaceholder$2(BukkitPlatform.java:179)
11.03.2023 - 19:05:33 - 	at TAB.v3.2.4.jar//me.neznamy.tab.shared.placeholders.PlayerPlaceholderImpl.request(PlayerPlaceholderImpl.java:130)
11.03.2023 - 19:05:33 - 	at TAB.v3.2.4.jar//me.neznamy.tab.shared.placeholders.PlayerPlaceholderImpl.update(PlayerPlaceholderImpl.java:53)
11.03.2023 - 19:05:33 - 	at TAB.v3.2.4.jar//me.neznamy.tab.shared.features.PlaceholderManagerImpl.updatePlayerPlaceholder(PlaceholderManagerImpl.java:117)
11.03.2023 - 19:05:33 - 	at TAB.v3.2.4.jar//me.neznamy.tab.shared.features.PlaceholderManagerImpl.refresh(PlaceholderManagerImpl.java:68)
11.03.2023 - 19:05:33 - 	at TAB.v3.2.4.jar//me.neznamy.tab.shared.CpuManager.lambda$runMeasuredTask$8(CpuManager.java:354)
11.03.2023 - 19:05:33 - 	at TAB.v3.2.4.jar//me.neznamy.tab.shared.CpuManager.lambda$submit$1(CpuManager.java:111)
11.03.2023 - 19:05:33 - 	at java.base/java.util.concurrent.Executors$RunnableAdapter.call(Executors.java:539)
11.03.2023 - 19:05:33 - 	at java.base/java.util.concurrent.FutureTask.run(FutureTask.java:264)
11.03.2023 - 19:05:33 - 	at java.base/java.util.concurrent.ThreadPoolExecutor.runWorker(ThreadPoolExecutor.java:1136)
11.03.2023 - 19:05:33 - 	at java.base/java.util.concurrent.ThreadPoolExecutor$Worker.run(ThreadPoolExecutor.java:635)
11.03.2023 - 19:05:33 - 	at java.base/java.lang.Thread.run(Thread.java:833)
11.03.2023 - 19:05:34 - [TAB v3.2.4] Player placeholder %spbuild_getstagestring% generated an error when setting for player Dalynkaa
11.03.2023 - 19:05:34 - java.lang.IllegalStateException: zip file closed
11.03.2023 - 19:05:34 - 	at java.base/java.util.zip.ZipFile.ensureOpen(ZipFile.java:831)
11.03.2023 - 19:05:34 - 	at java.base/java.util.zip.ZipFile.getEntry(ZipFile.java:330)
11.03.2023 - 19:05:34 - 	at java.base/java.util.jar.JarFile.getEntry(JarFile.java:518)
11.03.2023 - 19:05:34 - 	at java.base/java.util.jar.JarFile.getJarEntry(JarFile.java:473)
11.03.2023 - 19:05:34 - 	at org.bukkit.plugin.java.PluginClassLoader.findClass(PluginClassLoader.java:189)
11.03.2023 - 19:05:34 - 	at java.base/java.lang.ClassLoader.loadClass(ClassLoader.java:587)
11.03.2023 - 19:05:34 - 	at org.bukkit.plugin.java.PluginClassLoader.loadClass0(PluginClassLoader.java:129)
11.03.2023 - 19:05:34 - 	at org.bukkit.plugin.java.PluginClassLoader.loadClass(PluginClassLoader.java:124)
11.03.2023 - 19:05:34 - 	at java.base/java.lang.ClassLoader.loadClass(ClassLoader.java:520)
11.03.2023 - 19:05:34 - 	at spworlds-1.0-SNAPSHOT.jar//com.spworlds.utils.PlaceholderApis.onRequest(PlaceholderApis.java:33)
11.03.2023 - 19:05:34 - 	at PlaceholderAPI-2.11.2.jar//me.clip.placeholderapi.replacer.CharsReplacer.apply(CharsReplacer.java:119)
11.03.2023 - 19:05:34 - 	at PlaceholderAPI-2.11.2.jar//me.clip.placeholderapi.PlaceholderAPI.setPlaceholders(PlaceholderAPI.java:71)
11.03.2023 - 19:05:34 - 	at PlaceholderAPI-2.11.2.jar//me.clip.placeholderapi.PlaceholderAPI.setPlaceholders(PlaceholderAPI.java:99)
11.03.2023 - 19:05:34 - 	at TAB.v3.2.4.jar//me.neznamy.tab.platforms.bukkit.BukkitPlatform.lambda$registerUnknownPlaceholder$2(BukkitPlatform.java:179)
11.03.2023 - 19:05:34 - 	at TAB.v3.2.4.jar//me.neznamy.tab.shared.placeholders.PlayerPlaceholderImpl.request(PlayerPlaceholderImpl.java:130)
11.03.2023 - 19:05:34 - 	at TAB.v3.2.4.jar//me.neznamy.tab.shared.placeholders.PlayerPlaceholderImpl.update(PlayerPlaceholderImpl.java:53)
11.03.2023 - 19:05:34 - 	at TAB.v3.2.4.jar//me.neznamy.tab.shared.features.PlaceholderManagerImpl.updatePlayerPlaceholder(PlaceholderManagerImpl.java:117)
11.03.2023 - 19:05:34 - 	at TAB.v3.2.4.jar//me.neznamy.tab.shared.features.PlaceholderManagerImpl.refresh(PlaceholderManagerImpl.java:68)
11.03.2023 - 19:05:34 - 	at TAB.v3.2.4.jar//me.neznamy.tab.shared.CpuManager.lambda$runMeasuredTask$8(CpuManager.java:354)
11.03.2023 - 19:05:34 - 	at TAB.v3.2.4.jar//me.neznamy.tab.shared.CpuManager.lambda$submit$1(CpuManager.java:111)
11.03.2023 - 19:05:34 - 	at java.base/java.util.concurrent.Executors$RunnableAdapter.call(Executors.java:539)
11.03.2023 - 19:05:34 - 	at java.base/java.util.concurrent.FutureTask.run(FutureTask.java:264)
11.03.2023 - 19:05:34 - 	at java.base/java.util.concurrent.ThreadPoolExecutor.runWorker(ThreadPoolExecutor.java:1136)
11.03.2023 - 19:05:34 - 	at java.base/java.util.concurrent.ThreadPoolExecutor$Worker.run(ThreadPoolExecutor.java:635)
11.03.2023 - 19:05:34 - 	at java.base/java.lang.Thread.run(Thread.java:833)
11.03.2023 - 19:05:34 - [TAB v3.2.4] Player placeholder %spbuild_getstagestring% generated an error when setting for player Dalynkaa
11.03.2023 - 19:05:34 - java.lang.IllegalStateException: zip file closed
11.03.2023 - 19:05:34 - 	at java.base/java.util.zip.ZipFile.ensureOpen(ZipFile.java:831)
11.03.2023 - 19:05:34 - 	at java.base/java.util.zip.ZipFile.getEntry(ZipFile.java:330)
11.03.2023 - 19:05:34 - 	at java.base/java.util.jar.JarFile.getEntry(JarFile.java:518)
11.03.2023 - 19:05:34 - 	at java.base/java.util.jar.JarFile.getJarEntry(JarFile.java:473)
11.03.2023 - 19:05:34 - 	at org.bukkit.plugin.java.PluginClassLoader.findClass(PluginClassLoader.java:189)
11.03.2023 - 19:05:34 - 	at java.base/java.lang.ClassLoader.loadClass(ClassLoader.java:587)
11.03.2023 - 19:05:34 - 	at org.bukkit.plugin.java.PluginClassLoader.loadClass0(PluginClassLoader.java:129)
11.03.2023 - 19:05:34 - 	at org.bukkit.plugin.java.PluginClassLoader.loadClass(PluginClassLoader.java:124)
11.03.2023 - 19:05:34 - 	at java.base/java.lang.ClassLoader.loadClass(ClassLoader.java:520)
11.03.2023 - 19:05:34 - 	at spworlds-1.0-SNAPSHOT.jar//com.spworlds.utils.PlaceholderApis.onRequest(PlaceholderApis.java:33)
11.03.2023 - 19:05:34 - 	at PlaceholderAPI-2.11.2.jar//me.clip.placeholderapi.replacer.CharsReplacer.apply(CharsReplacer.java:119)
11.03.2023 - 19:05:34 - 	at PlaceholderAPI-2.11.2.jar//me.clip.placeholderapi.PlaceholderAPI.setPlaceholders(PlaceholderAPI.java:71)
11.03.2023 - 19:05:34 - 	at PlaceholderAPI-2.11.2.jar//me.clip.placeholderapi.PlaceholderAPI.setPlaceholders(PlaceholderAPI.java:99)
11.03.2023 - 19:05:34 - 	at TAB.v3.2.4.jar//me.neznamy.tab.platforms.bukkit.BukkitPlatform.lambda$registerUnknownPlaceholder$2(BukkitPlatform.java:179)
11.03.2023 - 19:05:34 - 	at TAB.v3.2.4.jar//me.neznamy.tab.shared.placeholders.PlayerPlaceholderImpl.request(PlayerPlaceholderImpl.java:130)
11.03.2023 - 19:05:34 - 	at TAB.v3.2.4.jar//me.neznamy.tab.shared.placeholders.PlayerPlaceholderImpl.update(PlayerPlaceholderImpl.java:53)
11.03.2023 - 19:05:34 - 	at TAB.v3.2.4.jar//me.neznamy.tab.shared.features.PlaceholderManagerImpl.updatePlayerPlaceholder(PlaceholderManagerImpl.java:117)
11.03.2023 - 19:05:34 - 	at TAB.v3.2.4.jar//me.neznamy.tab.shared.features.PlaceholderManagerImpl.refresh(PlaceholderManagerImpl.java:68)
11.03.2023 - 19:05:34 - 	at TAB.v3.2.4.jar//me.neznamy.tab.shared.CpuManager.lambda$runMeasuredTask$8(CpuManager.java:354)
11.03.2023 - 19:05:34 - 	at TAB.v3.2.4.jar//me.neznamy.tab.shared.CpuManager.lambda$submit$1(CpuManager.java:111)
11.03.2023 - 19:05:34 - 	at java.base/java.util.concurrent.Executors$RunnableAdapter.call(Executors.java:539)
11.03.2023 - 19:05:34 - 	at java.base/java.util.concurrent.FutureTask.run(FutureTask.java:264)
11.03.2023 - 19:05:34 - 	at java.base/java.util.concurrent.ThreadPoolExecutor.runWorker(ThreadPoolExecutor.java:1136)
11.03.2023 - 19:05:34 - 	at java.base/java.util.concurrent.ThreadPoolExecutor$Worker.run(ThreadPoolExecutor.java:635)
11.03.2023 - 19:05:34 - 	at java.base/java.lang.Thread.run(Thread.java:833)
11.03.2023 - 19:05:35 - [TAB v3.2.4] Player placeholder %spbuild_getstagestring% generated an error when setting for player Dalynkaa
11.03.2023 - 19:05:35 - java.lang.IllegalStateException: zip file closed
11.03.2023 - 19:05:35 - 	at java.base/java.util.zip.ZipFile.ensureOpen(ZipFile.java:831)
11.03.2023 - 19:05:35 - 	at java.base/java.util.zip.ZipFile.getEntry(ZipFile.java:330)
11.03.2023 - 19:05:35 - 	at java.base/java.util.jar.JarFile.getEntry(JarFile.java:518)
11.03.2023 - 19:05:35 - 	at java.base/java.util.jar.JarFile.getJarEntry(JarFile.java:473)
11.03.2023 - 19:05:35 - 	at org.bukkit.plugin.java.PluginClassLoader.findClass(PluginClassLoader.java:189)
11.03.2023 - 19:05:35 - 	at java.base/java.lang.ClassLoader.loadClass(ClassLoader.java:587)
11.03.2023 - 19:05:35 - 	at org.bukkit.plugin.java.PluginClassLoader.loadClass0(PluginClassLoader.java:129)
11.03.2023 - 19:05:35 - 	at org.bukkit.plugin.java.PluginClassLoader.loadClass(PluginClassLoader.java:124)
11.03.2023 - 19:05:35 - 	at java.base/java.lang.ClassLoader.loadClass(ClassLoader.java:520)
11.03.2023 - 19:05:35 - 	at spworlds-1.0-SNAPSHOT.jar//com.spworlds.utils.PlaceholderApis.onRequest(PlaceholderApis.java:33)
11.03.2023 - 19:05:35 - 	at PlaceholderAPI-2.11.2.jar//me.clip.placeholderapi.replacer.CharsReplacer.apply(CharsReplacer.java:119)
11.03.2023 - 19:05:35 - 	at PlaceholderAPI-2.11.2.jar//me.clip.placeholderapi.PlaceholderAPI.setPlaceholders(PlaceholderAPI.java:71)
11.03.2023 - 19:05:35 - 	at PlaceholderAPI-2.11.2.jar//me.clip.placeholderapi.PlaceholderAPI.setPlaceholders(PlaceholderAPI.java:99)
11.03.2023 - 19:05:35 - 	at TAB.v3.2.4.jar//me.neznamy.tab.platforms.bukkit.BukkitPlatform.lambda$registerUnknownPlaceholder$2(BukkitPlatform.java:179)
11.03.2023 - 19:05:35 - 	at TAB.v3.2.4.jar//me.neznamy.tab.shared.placeholders.PlayerPlaceholderImpl.request(PlayerPlaceholderImpl.java:130)
11.03.2023 - 19:05:35 - 	at TAB.v3.2.4.jar//me.neznamy.tab.shared.placeholders.PlayerPlaceholderImpl.update(PlayerPlaceholderImpl.java:53)
11.03.2023 - 19:05:35 - 	at TAB.v3.2.4.jar//me.neznamy.tab.shared.features.PlaceholderManagerImpl.updatePlayerPlaceholder(PlaceholderManagerImpl.java:117)
11.03.2023 - 19:05:35 - 	at TAB.v3.2.4.jar//me.neznamy.tab.shared.features.PlaceholderManagerImpl.refresh(PlaceholderManagerImpl.java:68)
11.03.2023 - 19:05:35 - 	at TAB.v3.2.4.jar//me.neznamy.tab.shared.CpuManager.lambda$runMeasuredTask$8(CpuManager.java:354)
11.03.2023 - 19:05:35 - 	at TAB.v3.2.4.jar//me.neznamy.tab.shared.CpuManager.lambda$submit$1(CpuManager.java:111)
11.03.2023 - 19:05:35 - 	at java.base/java.util.concurrent.Executors$RunnableAdapter.call(Executors.java:539)
11.03.2023 - 19:05:35 - 	at java.base/java.util.concurrent.FutureTask.run(FutureTask.java:264)
11.03.2023 - 19:05:35 - 	at java.base/java.util.concurrent.ThreadPoolExecutor.runWorker(ThreadPoolExecutor.java:1136)
11.03.2023 - 19:05:35 - 	at java.base/java.util.concurrent.ThreadPoolExecutor$Worker.run(ThreadPoolExecutor.java:635)
11.03.2023 - 19:05:35 - 	at java.base/java.lang.Thread.run(Thread.java:833)
11.03.2023 - 19:05:35 - [TAB v3.2.4] Player placeholder %spbuild_getstagestring% generated an error when setting for player Dalynkaa
11.03.2023 - 19:05:35 - java.lang.IllegalStateException: zip file closed
11.03.2023 - 19:05:35 - 	at java.base/java.util.zip.ZipFile.ensureOpen(ZipFile.java:831)
11.03.2023 - 19:05:35 - 	at java.base/java.util.zip.ZipFile.getEntry(ZipFile.java:330)
11.03.2023 - 19:05:35 - 	at java.base/java.util.jar.JarFile.getEntry(JarFile.java:518)
11.03.2023 - 19:05:35 - 	at java.base/java.util.jar.JarFile.getJarEntry(JarFile.java:473)
11.03.2023 - 19:05:35 - 	at org.bukkit.plugin.java.PluginClassLoader.findClass(PluginClassLoader.java:189)
11.03.2023 - 19:05:35 - 	at java.base/java.lang.ClassLoader.loadClass(ClassLoader.java:587)
11.03.2023 - 19:05:35 - 	at org.bukkit.plugin.java.PluginClassLoader.loadClass0(PluginClassLoader.java:129)
11.03.2023 - 19:05:35 - 	at org.bukkit.plugin.java.PluginClassLoader.loadClass(PluginClassLoader.java:124)
11.03.2023 - 19:05:35 - 	at java.base/java.lang.ClassLoader.loadClass(ClassLoader.java:520)
11.03.2023 - 19:05:35 - 	at spworlds-1.0-SNAPSHOT.jar//com.spworlds.utils.PlaceholderApis.onRequest(PlaceholderApis.java:33)
11.03.2023 - 19:05:35 - 	at PlaceholderAPI-2.11.2.jar//me.clip.placeholderapi.replacer.CharsReplacer.apply(CharsReplacer.java:119)
11.03.2023 - 19:05:35 - 	at PlaceholderAPI-2.11.2.jar//me.clip.placeholderapi.PlaceholderAPI.setPlaceholders(PlaceholderAPI.java:71)
11.03.2023 - 19:05:35 - 	at PlaceholderAPI-2.11.2.jar//me.clip.placeholderapi.PlaceholderAPI.setPlaceholders(PlaceholderAPI.java:99)
11.03.2023 - 19:05:35 - 	at TAB.v3.2.4.jar//me.neznamy.tab.platforms.bukkit.BukkitPlatform.lambda$registerUnknownPlaceholder$2(BukkitPlatform.java:179)
11.03.2023 - 19:05:35 - 	at TAB.v3.2.4.jar//me.neznamy.tab.shared.placeholders.PlayerPlaceholderImpl.request(PlayerPlaceholderImpl.java:130)
11.03.2023 - 19:05:35 - 	at TAB.v3.2.4.jar//me.neznamy.tab.shared.placeholders.PlayerPlaceholderImpl.update(PlayerPlaceholderImpl.java:53)
11.03.2023 - 19:05:35 - 	at TAB.v3.2.4.jar//me.neznamy.tab.shared.features.PlaceholderManagerImpl.updatePlayerPlaceholder(PlaceholderManagerImpl.java:117)
11.03.2023 - 19:05:35 - 	at TAB.v3.2.4.jar//me.neznamy.tab.shared.features.PlaceholderManagerImpl.refresh(PlaceholderManagerImpl.java:68)
11.03.2023 - 19:05:35 - 	at TAB.v3.2.4.jar//me.neznamy.tab.shared.CpuManager.lambda$runMeasuredTask$8(CpuManager.java:354)
11.03.2023 - 19:05:35 - 	at TAB.v3.2.4.jar//me.neznamy.tab.shared.CpuManager.lambda$submit$1(CpuManager.java:111)
11.03.2023 - 19:05:35 - 	at java.base/java.util.concurrent.Executors$RunnableAdapter.call(Executors.java:539)
11.03.2023 - 19:05:35 - 	at java.base/java.util.concurrent.FutureTask.run(FutureTask.java:264)
11.03.2023 - 19:05:35 - 	at java.base/java.util.concurrent.ThreadPoolExecutor.runWorker(ThreadPoolExecutor.java:1136)
11.03.2023 - 19:05:35 - 	at java.base/java.util.concurrent.ThreadPoolExecutor$Worker.run(ThreadPoolExecutor.java:635)
11.03.2023 - 19:05:35 - 	at java.base/java.lang.Thread.run(Thread.java:833)
11.03.2023 - 19:05:36 - [TAB v3.2.4] Player placeholder %spbuild_getstagestring% generated an error when setting for player Dalynkaa
11.03.2023 - 19:05:36 - java.lang.IllegalStateException: zip file closed
11.03.2023 - 19:05:36 - 	at java.base/java.util.zip.ZipFile.ensureOpen(ZipFile.java:831)
11.03.2023 - 19:05:36 - 	at java.base/java.util.zip.ZipFile.getEntry(ZipFile.java:330)
11.03.2023 - 19:05:36 - 	at java.base/java.util.jar.JarFile.getEntry(JarFile.java:518)
11.03.2023 - 19:05:36 - 	at java.base/java.util.jar.JarFile.getJarEntry(JarFile.java:473)
11.03.2023 - 19:05:36 - 	at org.bukkit.plugin.java.PluginClassLoader.findClass(PluginClassLoader.java:189)
11.03.2023 - 19:05:36 - 	at java.base/java.lang.ClassLoader.loadClass(ClassLoader.java:587)
11.03.2023 - 19:05:36 - 	at org.bukkit.plugin.java.PluginClassLoader.loadClass0(PluginClassLoader.java:129)
11.03.2023 - 19:05:36 - 	at org.bukkit.plugin.java.PluginClassLoader.loadClass(PluginClassLoader.java:124)
11.03.2023 - 19:05:36 - 	at java.base/java.lang.ClassLoader.loadClass(ClassLoader.java:520)
11.03.2023 - 19:05:36 - 	at spworlds-1.0-SNAPSHOT.jar//com.spworlds.utils.PlaceholderApis.onRequest(PlaceholderApis.java:33)
11.03.2023 - 19:05:36 - 	at PlaceholderAPI-2.11.2.jar//me.clip.placeholderapi.replacer.CharsReplacer.apply(CharsReplacer.java:119)
11.03.2023 - 19:05:36 - 	at PlaceholderAPI-2.11.2.jar//me.clip.placeholderapi.PlaceholderAPI.setPlaceholders(PlaceholderAPI.java:71)
11.03.2023 - 19:05:36 - 	at PlaceholderAPI-2.11.2.jar//me.clip.placeholderapi.PlaceholderAPI.setPlaceholders(PlaceholderAPI.java:99)
11.03.2023 - 19:05:36 - 	at TAB.v3.2.4.jar//me.neznamy.tab.platforms.bukkit.BukkitPlatform.lambda$registerUnknownPlaceholder$2(BukkitPlatform.java:179)
11.03.2023 - 19:05:36 - 	at TAB.v3.2.4.jar//me.neznamy.tab.shared.placeholders.PlayerPlaceholderImpl.request(PlayerPlaceholderImpl.java:130)
11.03.2023 - 19:05:36 - 	at TAB.v3.2.4.jar//me.neznamy.tab.shared.placeholders.PlayerPlaceholderImpl.update(PlayerPlaceholderImpl.java:53)
11.03.2023 - 19:05:36 - 	at TAB.v3.2.4.jar//me.neznamy.tab.shared.features.PlaceholderManagerImpl.updatePlayerPlaceholder(PlaceholderManagerImpl.java:117)
11.03.2023 - 19:05:36 - 	at TAB.v3.2.4.jar//me.neznamy.tab.shared.features.PlaceholderManagerImpl.refresh(PlaceholderManagerImpl.java:68)
11.03.2023 - 19:05:36 - 	at TAB.v3.2.4.jar//me.neznamy.tab.shared.CpuManager.lambda$runMeasuredTask$8(CpuManager.java:354)
11.03.2023 - 19:05:36 - 	at TAB.v3.2.4.jar//me.neznamy.tab.shared.CpuManager.lambda$submit$1(CpuManager.java:111)
11.03.2023 - 19:05:36 - 	at java.base/java.util.concurrent.Executors$RunnableAdapter.call(Executors.java:539)
11.03.2023 - 19:05:36 - 	at java.base/java.util.concurrent.FutureTask.run(FutureTask.java:264)
11.03.2023 - 19:05:36 - 	at java.base/java.util.concurrent.ThreadPoolExecutor.runWorker(ThreadPoolExecutor.java:1136)
11.03.2023 - 19:05:36 - 	at java.base/java.util.concurrent.ThreadPoolExecutor$Worker.run(ThreadPoolExecutor.java:635)
11.03.2023 - 19:05:36 - 	at java.base/java.lang.Thread.run(Thread.java:833)
11.03.2023 - 19:05:36 - [TAB v3.2.4] Player placeholder %spbuild_getstagestring% generated an error when setting for player Dalynkaa
11.03.2023 - 19:05:36 - java.lang.IllegalStateException: zip file closed
11.03.2023 - 19:05:36 - 	at java.base/java.util.zip.ZipFile.ensureOpen(ZipFile.java:831)
11.03.2023 - 19:05:36 - 	at java.base/java.util.zip.ZipFile.getEntry(ZipFile.java:330)
11.03.2023 - 19:05:36 - 	at java.base/java.util.jar.JarFile.getEntry(JarFile.java:518)
11.03.2023 - 19:05:36 - 	at java.base/java.util.jar.JarFile.getJarEntry(JarFile.java:473)
11.03.2023 - 19:05:36 - 	at org.bukkit.plugin.java.PluginClassLoader.findClass(PluginClassLoader.java:189)
11.03.2023 - 19:05:36 - 	at java.base/java.lang.ClassLoader.loadClass(ClassLoader.java:587)
11.03.2023 - 19:05:36 - 	at org.bukkit.plugin.java.PluginClassLoader.loadClass0(PluginClassLoader.java:129)
11.03.2023 - 19:05:36 - 	at org.bukkit.plugin.java.PluginClassLoader.loadClass(PluginClassLoader.java:124)
11.03.2023 - 19:05:36 - 	at java.base/java.lang.ClassLoader.loadClass(ClassLoader.java:520)
11.03.2023 - 19:05:36 - 	at spworlds-1.0-SNAPSHOT.jar//com.spworlds.utils.PlaceholderApis.onRequest(PlaceholderApis.java:33)
11.03.2023 - 19:05:36 - 	at PlaceholderAPI-2.11.2.jar//me.clip.placeholderapi.replacer.CharsReplacer.apply(CharsReplacer.java:119)
11.03.2023 - 19:05:36 - 	at PlaceholderAPI-2.11.2.jar//me.clip.placeholderapi.PlaceholderAPI.setPlaceholders(PlaceholderAPI.java:71)
11.03.2023 - 19:05:36 - 	at PlaceholderAPI-2.11.2.jar//me.clip.placeholderapi.PlaceholderAPI.setPlaceholders(PlaceholderAPI.java:99)
11.03.2023 - 19:05:36 - 	at TAB.v3.2.4.jar//me.neznamy.tab.platforms.bukkit.BukkitPlatform.lambda$registerUnknownPlaceholder$2(BukkitPlatform.java:179)
11.03.2023 - 19:05:36 - 	at TAB.v3.2.4.jar//me.neznamy.tab.shared.placeholders.PlayerPlaceholderImpl.request(PlayerPlaceholderImpl.java:130)
11.03.2023 - 19:05:36 - 	at TAB.v3.2.4.jar//me.neznamy.tab.shared.placeholders.PlayerPlaceholderImpl.update(PlayerPlaceholderImpl.java:53)
11.03.2023 - 19:05:36 - 	at TAB.v3.2.4.jar//me.neznamy.tab.shared.features.PlaceholderManagerImpl.updatePlayerPlaceholder(PlaceholderManagerImpl.java:117)
11.03.2023 - 19:05:36 - 	at TAB.v3.2.4.jar//me.neznamy.tab.shared.features.PlaceholderManagerImpl.refresh(PlaceholderManagerImpl.java:68)
11.03.2023 - 19:05:36 - 	at TAB.v3.2.4.jar//me.neznamy.tab.shared.CpuManager.lambda$runMeasuredTask$8(CpuManager.java:354)
11.03.2023 - 19:05:36 - 	at TAB.v3.2.4.jar//me.neznamy.tab.shared.CpuManager.lambda$submit$1(CpuManager.java:111)
11.03.2023 - 19:05:36 - 	at java.base/java.util.concurrent.Executors$RunnableAdapter.call(Executors.java:539)
11.03.2023 - 19:05:36 - 	at java.base/java.util.concurrent.FutureTask.run(FutureTask.java:264)
11.03.2023 - 19:05:36 - 	at java.base/java.util.concurrent.ThreadPoolExecutor.runWorker(ThreadPoolExecutor.java:1136)
11.03.2023 - 19:05:36 - 	at java.base/java.util.concurrent.ThreadPoolExecutor$Worker.run(ThreadPoolExecutor.java:635)
11.03.2023 - 19:05:36 - 	at java.base/java.lang.Thread.run(Thread.java:833)
11.03.2023 - 19:05:37 - [TAB v3.2.4] Player placeholder %spbuild_getstagestring% generated an error when setting for player Dalynkaa
11.03.2023 - 19:05:37 - java.lang.IllegalStateException: zip file closed
11.03.2023 - 19:05:37 - 	at java.base/java.util.zip.ZipFile.ensureOpen(ZipFile.java:831)
11.03.2023 - 19:05:37 - 	at java.base/java.util.zip.ZipFile.getEntry(ZipFile.java:330)
11.03.2023 - 19:05:37 - 	at java.base/java.util.jar.JarFile.getEntry(JarFile.java:518)
11.03.2023 - 19:05:37 - 	at java.base/java.util.jar.JarFile.getJarEntry(JarFile.java:473)
11.03.2023 - 19:05:37 - 	at org.bukkit.plugin.java.PluginClassLoader.findClass(PluginClassLoader.java:189)
11.03.2023 - 19:05:37 - 	at java.base/java.lang.ClassLoader.loadClass(ClassLoader.java:587)
11.03.2023 - 19:05:37 - 	at org.bukkit.plugin.java.PluginClassLoader.loadClass0(PluginClassLoader.java:129)
11.03.2023 - 19:05:37 - 	at org.bukkit.plugin.java.PluginClassLoader.loadClass(PluginClassLoader.java:124)
11.03.2023 - 19:05:37 - 	at java.base/java.lang.ClassLoader.loadClass(ClassLoader.java:520)
11.03.2023 - 19:05:37 - 	at spworlds-1.0-SNAPSHOT.jar//com.spworlds.utils.PlaceholderApis.onRequest(PlaceholderApis.java:33)
11.03.2023 - 19:05:37 - 	at PlaceholderAPI-2.11.2.jar//me.clip.placeholderapi.replacer.CharsReplacer.apply(CharsReplacer.java:119)
11.03.2023 - 19:05:37 - 	at PlaceholderAPI-2.11.2.jar//me.clip.placeholderapi.PlaceholderAPI.setPlaceholders(PlaceholderAPI.java:71)
11.03.2023 - 19:05:37 - 	at PlaceholderAPI-2.11.2.jar//me.clip.placeholderapi.PlaceholderAPI.setPlaceholders(PlaceholderAPI.java:99)
11.03.2023 - 19:05:37 - 	at TAB.v3.2.4.jar//me.neznamy.tab.platforms.bukkit.BukkitPlatform.lambda$registerUnknownPlaceholder$2(BukkitPlatform.java:179)
11.03.2023 - 19:05:37 - 	at TAB.v3.2.4.jar//me.neznamy.tab.shared.placeholders.PlayerPlaceholderImpl.request(PlayerPlaceholderImpl.java:130)
11.03.2023 - 19:05:37 - 	at TAB.v3.2.4.jar//me.neznamy.tab.shared.placeholders.PlayerPlaceholderImpl.update(PlayerPlaceholderImpl.java:53)
11.03.2023 - 19:05:37 - 	at TAB.v3.2.4.jar//me.neznamy.tab.shared.features.PlaceholderManagerImpl.updatePlayerPlaceholder(PlaceholderManagerImpl.java:117)
11.03.2023 - 19:05:37 - 	at TAB.v3.2.4.jar//me.neznamy.tab.shared.features.PlaceholderManagerImpl.refresh(PlaceholderManagerImpl.java:68)
11.03.2023 - 19:05:37 - 	at TAB.v3.2.4.jar//me.neznamy.tab.shared.CpuManager.lambda$runMeasuredTask$8(CpuManager.java:354)
11.03.2023 - 19:05:37 - 	at TAB.v3.2.4.jar//me.neznamy.tab.shared.CpuManager.lambda$submit$1(CpuManager.java:111)
11.03.2023 - 19:05:37 - 	at java.base/java.util.concurrent.Executors$RunnableAdapter.call(Executors.java:539)
11.03.2023 - 19:05:37 - 	at java.base/java.util.concurrent.FutureTask.run(FutureTask.java:264)
11.03.2023 - 19:05:37 - 	at java.base/java.util.concurrent.ThreadPoolExecutor.runWorker(ThreadPoolExecutor.java:1136)
11.03.2023 - 19:05:37 - 	at java.base/java.util.concurrent.ThreadPoolExecutor$Worker.run(ThreadPoolExecutor.java:635)
11.03.2023 - 19:05:37 - 	at java.base/java.lang.Thread.run(Thread.java:833)
11.03.2023 - 19:05:37 - [TAB v3.2.4] Player placeholder %spbuild_getstagestring% generated an error when setting for player Dalynkaa
11.03.2023 - 19:05:37 - java.lang.IllegalStateException: zip file closed
11.03.2023 - 19:05:37 - 	at java.base/java.util.zip.ZipFile.ensureOpen(ZipFile.java:831)
11.03.2023 - 19:05:37 - 	at java.base/java.util.zip.ZipFile.getEntry(ZipFile.java:330)
11.03.2023 - 19:05:37 - 	at java.base/java.util.jar.JarFile.getEntry(JarFile.java:518)
11.03.2023 - 19:05:37 - 	at java.base/java.util.jar.JarFile.getJarEntry(JarFile.java:473)
11.03.2023 - 19:05:37 - 	at org.bukkit.plugin.java.PluginClassLoader.findClass(PluginClassLoader.java:189)
11.03.2023 - 19:05:37 - 	at java.base/java.lang.ClassLoader.loadClass(ClassLoader.java:587)
11.03.2023 - 19:05:37 - 	at org.bukkit.plugin.java.PluginClassLoader.loadClass0(PluginClassLoader.java:129)
11.03.2023 - 19:05:37 - 	at org.bukkit.plugin.java.PluginClassLoader.loadClass(PluginClassLoader.java:124)
11.03.2023 - 19:05:37 - 	at java.base/java.lang.ClassLoader.loadClass(ClassLoader.java:520)
11.03.2023 - 19:05:37 - 	at spworlds-1.0-SNAPSHOT.jar//com.spworlds.utils.PlaceholderApis.onRequest(PlaceholderApis.java:33)
11.03.2023 - 19:05:37 - 	at PlaceholderAPI-2.11.2.jar//me.clip.placeholderapi.replacer.CharsReplacer.apply(CharsReplacer.java:119)
11.03.2023 - 19:05:37 - 	at PlaceholderAPI-2.11.2.jar//me.clip.placeholderapi.PlaceholderAPI.setPlaceholders(PlaceholderAPI.java:71)
11.03.2023 - 19:05:37 - 	at PlaceholderAPI-2.11.2.jar//me.clip.placeholderapi.PlaceholderAPI.setPlaceholders(PlaceholderAPI.java:99)
11.03.2023 - 19:05:37 - 	at TAB.v3.2.4.jar//me.neznamy.tab.platforms.bukkit.BukkitPlatform.lambda$registerUnknownPlaceholder$2(BukkitPlatform.java:179)
11.03.2023 - 19:05:37 - 	at TAB.v3.2.4.jar//me.neznamy.tab.shared.placeholders.PlayerPlaceholderImpl.request(PlayerPlaceholderImpl.java:130)
11.03.2023 - 19:05:37 - 	at TAB.v3.2.4.jar//me.neznamy.tab.shared.placeholders.PlayerPlaceholderImpl.update(PlayerPlaceholderImpl.java:53)
11.03.2023 - 19:05:37 - 	at TAB.v3.2.4.jar//me.neznamy.tab.shared.features.PlaceholderManagerImpl.updatePlayerPlaceholder(PlaceholderManagerImpl.java:117)
11.03.2023 - 19:05:37 - 	at TAB.v3.2.4.jar//me.neznamy.tab.shared.features.PlaceholderManagerImpl.refresh(PlaceholderManagerImpl.java:68)
11.03.2023 - 19:05:37 - 	at TAB.v3.2.4.jar//me.neznamy.tab.shared.CpuManager.lambda$runMeasuredTask$8(CpuManager.java:354)
11.03.2023 - 19:05:37 - 	at TAB.v3.2.4.jar//me.neznamy.tab.shared.CpuManager.lambda$submit$1(CpuManager.java:111)
11.03.2023 - 19:05:37 - 	at java.base/java.util.concurrent.Executors$RunnableAdapter.call(Executors.java:539)
11.03.2023 - 19:05:37 - 	at java.base/java.util.concurrent.FutureTask.run(FutureTask.java:264)
11.03.2023 - 19:05:37 - 	at java.base/java.util.concurrent.ThreadPoolExecutor.runWorker(ThreadPoolExecutor.java:1136)
11.03.2023 - 19:05:37 - 	at java.base/java.util.concurrent.ThreadPoolExecutor$Worker.run(ThreadPoolExecutor.java:635)
11.03.2023 - 19:05:37 - 	at java.base/java.lang.Thread.run(Thread.java:833)
11.03.2023 - 19:05:38 - [TAB v3.2.4] Player placeholder %spbuild_getstagestring% generated an error when setting for player Dalynkaa
11.03.2023 - 19:05:38 - java.lang.IllegalStateException: zip file closed
11.03.2023 - 19:05:38 - 	at java.base/java.util.zip.ZipFile.ensureOpen(ZipFile.java:831)
11.03.2023 - 19:05:38 - 	at java.base/java.util.zip.ZipFile.getEntry(ZipFile.java:330)
11.03.2023 - 19:05:38 - 	at java.base/java.util.jar.JarFile.getEntry(JarFile.java:518)
11.03.2023 - 19:05:38 - 	at java.base/java.util.jar.JarFile.getJarEntry(JarFile.java:473)
11.03.2023 - 19:05:38 - 	at org.bukkit.plugin.java.PluginClassLoader.findClass(PluginClassLoader.java:189)
11.03.2023 - 19:05:38 - 	at java.base/java.lang.ClassLoader.loadClass(ClassLoader.java:587)
11.03.2023 - 19:05:38 - 	at org.bukkit.plugin.java.PluginClassLoader.loadClass0(PluginClassLoader.java:129)
11.03.2023 - 19:05:38 - 	at org.bukkit.plugin.java.PluginClassLoader.loadClass(PluginClassLoader.java:124)
11.03.2023 - 19:05:38 - 	at java.base/java.lang.ClassLoader.loadClass(ClassLoader.java:520)
11.03.2023 - 19:05:38 - 	at spworlds-1.0-SNAPSHOT.jar//com.spworlds.utils.PlaceholderApis.onRequest(PlaceholderApis.java:33)
11.03.2023 - 19:05:38 - 	at PlaceholderAPI-2.11.2.jar//me.clip.placeholderapi.replacer.CharsReplacer.apply(CharsReplacer.java:119)
11.03.2023 - 19:05:38 - 	at PlaceholderAPI-2.11.2.jar//me.clip.placeholderapi.PlaceholderAPI.setPlaceholders(PlaceholderAPI.java:71)
11.03.2023 - 19:05:38 - 	at PlaceholderAPI-2.11.2.jar//me.clip.placeholderapi.PlaceholderAPI.setPlaceholders(PlaceholderAPI.java:99)
11.03.2023 - 19:05:38 - 	at TAB.v3.2.4.jar//me.neznamy.tab.platforms.bukkit.BukkitPlatform.lambda$registerUnknownPlaceholder$2(BukkitPlatform.java:179)
11.03.2023 - 19:05:38 - 	at TAB.v3.2.4.jar//me.neznamy.tab.shared.placeholders.PlayerPlaceholderImpl.request(PlayerPlaceholderImpl.java:130)
11.03.2023 - 19:05:38 - 	at TAB.v3.2.4.jar//me.neznamy.tab.shared.placeholders.PlayerPlaceholderImpl.update(PlayerPlaceholderImpl.java:53)
11.03.2023 - 19:05:38 - 	at TAB.v3.2.4.jar//me.neznamy.tab.shared.features.PlaceholderManagerImpl.updatePlayerPlaceholder(PlaceholderManagerImpl.java:117)
11.03.2023 - 19:05:38 - 	at TAB.v3.2.4.jar//me.neznamy.tab.shared.features.PlaceholderManagerImpl.refresh(PlaceholderManagerImpl.java:68)
11.03.2023 - 19:05:38 - 	at TAB.v3.2.4.jar//me.neznamy.tab.shared.CpuManager.lambda$runMeasuredTask$8(CpuManager.java:354)
11.03.2023 - 19:05:38 - 	at TAB.v3.2.4.jar//me.neznamy.tab.shared.CpuManager.lambda$submit$1(CpuManager.java:111)
11.03.2023 - 19:05:38 - 	at java.base/java.util.concurrent.Executors$RunnableAdapter.call(Executors.java:539)
11.03.2023 - 19:05:38 - 	at java.base/java.util.concurrent.FutureTask.run(FutureTask.java:264)
11.03.2023 - 19:05:38 - 	at java.base/java.util.concurrent.ThreadPoolExecutor.runWorker(ThreadPoolExecutor.java:1136)
11.03.2023 - 19:05:38 - 	at java.base/java.util.concurrent.ThreadPoolExecutor$Worker.run(ThreadPoolExecutor.java:635)
11.03.2023 - 19:05:38 - 	at java.base/java.lang.Thread.run(Thread.java:833)
11.03.2023 - 19:05:38 - [TAB v3.2.4] Player placeholder %spbuild_getstagestring% generated an error when setting for player Dalynkaa
11.03.2023 - 19:05:38 - java.lang.IllegalStateException: zip file closed
11.03.2023 - 19:05:38 - 	at java.base/java.util.zip.ZipFile.ensureOpen(ZipFile.java:831)
11.03.2023 - 19:05:38 - 	at java.base/java.util.zip.ZipFile.getEntry(ZipFile.java:330)
11.03.2023 - 19:05:38 - 	at java.base/java.util.jar.JarFile.getEntry(JarFile.java:518)
11.03.2023 - 19:05:38 - 	at java.base/java.util.jar.JarFile.getJarEntry(JarFile.java:473)
11.03.2023 - 19:05:38 - 	at org.bukkit.plugin.java.PluginClassLoader.findClass(PluginClassLoader.java:189)
11.03.2023 - 19:05:38 - 	at java.base/java.lang.ClassLoader.loadClass(ClassLoader.java:587)
11.03.2023 - 19:05:38 - 	at org.bukkit.plugin.java.PluginClassLoader.loadClass0(PluginClassLoader.java:129)
11.03.2023 - 19:05:38 - 	at org.bukkit.plugin.java.PluginClassLoader.loadClass(PluginClassLoader.java:124)
11.03.2023 - 19:05:38 - 	at java.base/java.lang.ClassLoader.loadClass(ClassLoader.java:520)
11.03.2023 - 19:05:38 - 	at spworlds-1.0-SNAPSHOT.jar//com.spworlds.utils.PlaceholderApis.onRequest(PlaceholderApis.java:33)
11.03.2023 - 19:05:38 - 	at PlaceholderAPI-2.11.2.jar//me.clip.placeholderapi.replacer.CharsReplacer.apply(CharsReplacer.java:119)
11.03.2023 - 19:05:38 - 	at PlaceholderAPI-2.11.2.jar//me.clip.placeholderapi.PlaceholderAPI.setPlaceholders(PlaceholderAPI.java:71)
11.03.2023 - 19:05:38 - 	at PlaceholderAPI-2.11.2.jar//me.clip.placeholderapi.PlaceholderAPI.setPlaceholders(PlaceholderAPI.java:99)
11.03.2023 - 19:05:38 - 	at TAB.v3.2.4.jar//me.neznamy.tab.platforms.bukkit.BukkitPlatform.lambda$registerUnknownPlaceholder$2(BukkitPlatform.java:179)
11.03.2023 - 19:05:38 - 	at TAB.v3.2.4.jar//me.neznamy.tab.shared.placeholders.PlayerPlaceholderImpl.request(PlayerPlaceholderImpl.java:130)
11.03.2023 - 19:05:38 - 	at TAB.v3.2.4.jar//me.neznamy.tab.shared.placeholders.PlayerPlaceholderImpl.update(PlayerPlaceholderImpl.java:53)
11.03.2023 - 19:05:38 - 	at TAB.v3.2.4.jar//me.neznamy.tab.shared.features.PlaceholderManagerImpl.updatePlayerPlaceholder(PlaceholderManagerImpl.java:117)
11.03.2023 - 19:05:38 - 	at TAB.v3.2.4.jar//me.neznamy.tab.shared.features.PlaceholderManagerImpl.refresh(PlaceholderManagerImpl.java:68)
11.03.2023 - 19:05:38 - 	at TAB.v3.2.4.jar//me.neznamy.tab.shared.CpuManager.lambda$runMeasuredTask$8(CpuManager.java:354)
11.03.2023 - 19:05:38 - 	at TAB.v3.2.4.jar//me.neznamy.tab.shared.CpuManager.lambda$submit$1(CpuManager.java:111)
11.03.2023 - 19:05:38 - 	at java.base/java.util.concurrent.Executors$RunnableAdapter.call(Executors.java:539)
11.03.2023 - 19:05:38 - 	at java.base/java.util.concurrent.FutureTask.run(FutureTask.java:264)
11.03.2023 - 19:05:38 - 	at java.base/java.util.concurrent.ThreadPoolExecutor.runWorker(ThreadPoolExecutor.java:1136)
11.03.2023 - 19:05:38 - 	at java.base/java.util.concurrent.ThreadPoolExecutor$Worker.run(ThreadPoolExecutor.java:635)
11.03.2023 - 19:05:38 - 	at java.base/java.lang.Thread.run(Thread.java:833)
11.03.2023 - 19:05:39 - [TAB v3.2.4] Player placeholder %spbuild_getstagestring% generated an error when setting for player Dalynkaa
11.03.2023 - 19:05:39 - java.lang.IllegalStateException: zip file closed
11.03.2023 - 19:05:39 - 	at java.base/java.util.zip.ZipFile.ensureOpen(ZipFile.java:831)
11.03.2023 - 19:05:39 - 	at java.base/java.util.zip.ZipFile.getEntry(ZipFile.java:330)
11.03.2023 - 19:05:39 - 	at java.base/java.util.jar.JarFile.getEntry(JarFile.java:518)
11.03.2023 - 19:05:39 - 	at java.base/java.util.jar.JarFile.getJarEntry(JarFile.java:473)
11.03.2023 - 19:05:39 - 	at org.bukkit.plugin.java.PluginClassLoader.findClass(PluginClassLoader.java:189)
11.03.2023 - 19:05:39 - 	at java.base/java.lang.ClassLoader.loadClass(ClassLoader.java:587)
11.03.2023 - 19:05:39 - 	at org.bukkit.plugin.java.PluginClassLoader.loadClass0(PluginClassLoader.java:129)
11.03.2023 - 19:05:39 - 	at org.bukkit.plugin.java.PluginClassLoader.loadClass(PluginClassLoader.java:124)
11.03.2023 - 19:05:39 - 	at java.base/java.lang.ClassLoader.loadClass(ClassLoader.java:520)
11.03.2023 - 19:05:39 - 	at spworlds-1.0-SNAPSHOT.jar//com.spworlds.utils.PlaceholderApis.onRequest(PlaceholderApis.java:33)
11.03.2023 - 19:05:39 - 	at PlaceholderAPI-2.11.2.jar//me.clip.placeholderapi.replacer.CharsReplacer.apply(CharsReplacer.java:119)
11.03.2023 - 19:05:39 - 	at PlaceholderAPI-2.11.2.jar//me.clip.placeholderapi.PlaceholderAPI.setPlaceholders(PlaceholderAPI.java:71)
11.03.2023 - 19:05:39 - 	at PlaceholderAPI-2.11.2.jar//me.clip.placeholderapi.PlaceholderAPI.setPlaceholders(PlaceholderAPI.java:99)
11.03.2023 - 19:05:39 - 	at TAB.v3.2.4.jar//me.neznamy.tab.platforms.bukkit.BukkitPlatform.lambda$registerUnknownPlaceholder$2(BukkitPlatform.java:179)
11.03.2023 - 19:05:39 - 	at TAB.v3.2.4.jar//me.neznamy.tab.shared.placeholders.PlayerPlaceholderImpl.request(PlayerPlaceholderImpl.java:130)
11.03.2023 - 19:05:39 - 	at TAB.v3.2.4.jar//me.neznamy.tab.shared.placeholders.PlayerPlaceholderImpl.update(PlayerPlaceholderImpl.java:53)
11.03.2023 - 19:05:39 - 	at TAB.v3.2.4.jar//me.neznamy.tab.shared.features.PlaceholderManagerImpl.updatePlayerPlaceholder(PlaceholderManagerImpl.java:117)
11.03.2023 - 19:05:39 - 	at TAB.v3.2.4.jar//me.neznamy.tab.shared.features.PlaceholderManagerImpl.refresh(PlaceholderManagerImpl.java:68)
11.03.2023 - 19:05:39 - 	at TAB.v3.2.4.jar//me.neznamy.tab.shared.CpuManager.lambda$runMeasuredTask$8(CpuManager.java:354)
11.03.2023 - 19:05:39 - 	at TAB.v3.2.4.jar//me.neznamy.tab.shared.CpuManager.lambda$submit$1(CpuManager.java:111)
11.03.2023 - 19:05:39 - 	at java.base/java.util.concurrent.Executors$RunnableAdapter.call(Executors.java:539)
11.03.2023 - 19:05:39 - 	at java.base/java.util.concurrent.FutureTask.run(FutureTask.java:264)
11.03.2023 - 19:05:39 - 	at java.base/java.util.concurrent.ThreadPoolExecutor.runWorker(ThreadPoolExecutor.java:1136)
11.03.2023 - 19:05:39 - 	at java.base/java.util.concurrent.ThreadPoolExecutor$Worker.run(ThreadPoolExecutor.java:635)
11.03.2023 - 19:05:39 - 	at java.base/java.lang.Thread.run(Thread.java:833)
11.03.2023 - 19:05:39 - [TAB v3.2.4] Player placeholder %spbuild_getstagestring% generated an error when setting for player Dalynkaa
11.03.2023 - 19:05:39 - java.lang.IllegalStateException: zip file closed
11.03.2023 - 19:05:39 - 	at java.base/java.util.zip.ZipFile.ensureOpen(ZipFile.java:831)
11.03.2023 - 19:05:39 - 	at java.base/java.util.zip.ZipFile.getEntry(ZipFile.java:330)
11.03.2023 - 19:05:39 - 	at java.base/java.util.jar.JarFile.getEntry(JarFile.java:518)
11.03.2023 - 19:05:39 - 	at java.base/java.util.jar.JarFile.getJarEntry(JarFile.java:473)
11.03.2023 - 19:05:39 - 	at org.bukkit.plugin.java.PluginClassLoader.findClass(PluginClassLoader.java:189)
11.03.2023 - 19:05:39 - 	at java.base/java.lang.ClassLoader.loadClass(ClassLoader.java:587)
11.03.2023 - 19:05:39 - 	at org.bukkit.plugin.java.PluginClassLoader.loadClass0(PluginClassLoader.java:129)
11.03.2023 - 19:05:39 - 	at org.bukkit.plugin.java.PluginClassLoader.loadClass(PluginClassLoader.java:124)
11.03.2023 - 19:05:39 - 	at java.base/java.lang.ClassLoader.loadClass(ClassLoader.java:520)
11.03.2023 - 19:05:39 - 	at spworlds-1.0-SNAPSHOT.jar//com.spworlds.utils.PlaceholderApis.onRequest(PlaceholderApis.java:33)
11.03.2023 - 19:05:39 - 	at PlaceholderAPI-2.11.2.jar//me.clip.placeholderapi.replacer.CharsReplacer.apply(CharsReplacer.java:119)
11.03.2023 - 19:05:39 - 	at PlaceholderAPI-2.11.2.jar//me.clip.placeholderapi.PlaceholderAPI.setPlaceholders(PlaceholderAPI.java:71)
11.03.2023 - 19:05:39 - 	at PlaceholderAPI-2.11.2.jar//me.clip.placeholderapi.PlaceholderAPI.setPlaceholders(PlaceholderAPI.java:99)
11.03.2023 - 19:05:39 - 	at TAB.v3.2.4.jar//me.neznamy.tab.platforms.bukkit.BukkitPlatform.lambda$registerUnknownPlaceholder$2(BukkitPlatform.java:179)
11.03.2023 - 19:05:39 - 	at TAB.v3.2.4.jar//me.neznamy.tab.shared.placeholders.PlayerPlaceholderImpl.request(PlayerPlaceholderImpl.java:130)
11.03.2023 - 19:05:39 - 	at TAB.v3.2.4.jar//me.neznamy.tab.shared.placeholders.PlayerPlaceholderImpl.update(PlayerPlaceholderImpl.java:53)
11.03.2023 - 19:05:39 - 	at TAB.v3.2.4.jar//me.neznamy.tab.shared.features.PlaceholderManagerImpl.updatePlayerPlaceholder(PlaceholderManagerImpl.java:117)
11.03.2023 - 19:05:39 - 	at TAB.v3.2.4.jar//me.neznamy.tab.shared.features.PlaceholderManagerImpl.refresh(PlaceholderManagerImpl.java:68)
11.03.2023 - 19:05:39 - 	at TAB.v3.2.4.jar//me.neznamy.tab.shared.CpuManager.lambda$runMeasuredTask$8(CpuManager.java:354)
11.03.2023 - 19:05:39 - 	at TAB.v3.2.4.jar//me.neznamy.tab.shared.CpuManager.lambda$submit$1(CpuManager.java:111)
11.03.2023 - 19:05:39 - 	at java.base/java.util.concurrent.Executors$RunnableAdapter.call(Executors.java:539)
11.03.2023 - 19:05:39 - 	at java.base/java.util.concurrent.FutureTask.run(FutureTask.java:264)
11.03.2023 - 19:05:39 - 	at java.base/java.util.concurrent.ThreadPoolExecutor.runWorker(ThreadPoolExecutor.java:1136)
11.03.2023 - 19:05:39 - 	at java.base/java.util.concurrent.ThreadPoolExecutor$Worker.run(ThreadPoolExecutor.java:635)
11.03.2023 - 19:05:39 - 	at java.base/java.lang.Thread.run(Thread.java:833)
11.03.2023 - 19:05:40 - [TAB v3.2.4] Player placeholder %spbuild_getstagestring% generated an error when setting for player Dalynkaa
11.03.2023 - 19:05:40 - java.lang.IllegalStateException: zip file closed
11.03.2023 - 19:05:40 - 	at java.base/java.util.zip.ZipFile.ensureOpen(ZipFile.java:831)
11.03.2023 - 19:05:40 - 	at java.base/java.util.zip.ZipFile.getEntry(ZipFile.java:330)
11.03.2023 - 19:05:40 - 	at java.base/java.util.jar.JarFile.getEntry(JarFile.java:518)
11.03.2023 - 19:05:40 - 	at java.base/java.util.jar.JarFile.getJarEntry(JarFile.java:473)
11.03.2023 - 19:05:40 - 	at org.bukkit.plugin.java.PluginClassLoader.findClass(PluginClassLoader.java:189)
11.03.2023 - 19:05:40 - 	at java.base/java.lang.ClassLoader.loadClass(ClassLoader.java:587)
11.03.2023 - 19:05:40 - 	at org.bukkit.plugin.java.PluginClassLoader.loadClass0(PluginClassLoader.java:129)
11.03.2023 - 19:05:40 - 	at org.bukkit.plugin.java.PluginClassLoader.loadClass(PluginClassLoader.java:124)
11.03.2023 - 19:05:40 - 	at java.base/java.lang.ClassLoader.loadClass(ClassLoader.java:520)
11.03.2023 - 19:05:40 - 	at spworlds-1.0-SNAPSHOT.jar//com.spworlds.utils.PlaceholderApis.onRequest(PlaceholderApis.java:33)
11.03.2023 - 19:05:40 - 	at PlaceholderAPI-2.11.2.jar//me.clip.placeholderapi.replacer.CharsReplacer.apply(CharsReplacer.java:119)
11.03.2023 - 19:05:40 - 	at PlaceholderAPI-2.11.2.jar//me.clip.placeholderapi.PlaceholderAPI.setPlaceholders(PlaceholderAPI.java:71)
11.03.2023 - 19:05:40 - 	at PlaceholderAPI-2.11.2.jar//me.clip.placeholderapi.PlaceholderAPI.setPlaceholders(PlaceholderAPI.java:99)
11.03.2023 - 19:05:40 - 	at TAB.v3.2.4.jar//me.neznamy.tab.platforms.bukkit.BukkitPlatform.lambda$registerUnknownPlaceholder$2(BukkitPlatform.java:179)
11.03.2023 - 19:05:40 - 	at TAB.v3.2.4.jar//me.neznamy.tab.shared.placeholders.PlayerPlaceholderImpl.request(PlayerPlaceholderImpl.java:130)
11.03.2023 - 19:05:40 - 	at TAB.v3.2.4.jar//me.neznamy.tab.shared.placeholders.PlayerPlaceholderImpl.update(PlayerPlaceholderImpl.java:53)
11.03.2023 - 19:05:40 - 	at TAB.v3.2.4.jar//me.neznamy.tab.shared.features.PlaceholderManagerImpl.updatePlayerPlaceholder(PlaceholderManagerImpl.java:117)
11.03.2023 - 19:05:40 - 	at TAB.v3.2.4.jar//me.neznamy.tab.shared.features.PlaceholderManagerImpl.refresh(PlaceholderManagerImpl.java:68)
11.03.2023 - 19:05:40 - 	at TAB.v3.2.4.jar//me.neznamy.tab.shared.CpuManager.lambda$runMeasuredTask$8(CpuManager.java:354)
11.03.2023 - 19:05:40 - 	at TAB.v3.2.4.jar//me.neznamy.tab.shared.CpuManager.lambda$submit$1(CpuManager.java:111)
11.03.2023 - 19:05:40 - 	at java.base/java.util.concurrent.Executors$RunnableAdapter.call(Executors.java:539)
11.03.2023 - 19:05:40 - 	at java.base/java.util.concurrent.FutureTask.run(FutureTask.java:264)
11.03.2023 - 19:05:40 - 	at java.base/java.util.concurrent.ThreadPoolExecutor.runWorker(ThreadPoolExecutor.java:1136)
11.03.2023 - 19:05:40 - 	at java.base/java.util.concurrent.ThreadPoolExecutor$Worker.run(ThreadPoolExecutor.java:635)
11.03.2023 - 19:05:40 - 	at java.base/java.lang.Thread.run(Thread.java:833)
11.03.2023 - 19:05:40 - [TAB v3.2.4] Player placeholder %spbuild_getstagestring% generated an error when setting for player Dalynkaa
11.03.2023 - 19:05:40 - java.lang.IllegalStateException: zip file closed
11.03.2023 - 19:05:40 - 	at java.base/java.util.zip.ZipFile.ensureOpen(ZipFile.java:831)
11.03.2023 - 19:05:40 - 	at java.base/java.util.zip.ZipFile.getEntry(ZipFile.java:330)
11.03.2023 - 19:05:40 - 	at java.base/java.util.jar.JarFile.getEntry(JarFile.java:518)
11.03.2023 - 19:05:40 - 	at java.base/java.util.jar.JarFile.getJarEntry(JarFile.java:473)
11.03.2023 - 19:05:40 - 	at org.bukkit.plugin.java.PluginClassLoader.findClass(PluginClassLoader.java:189)
11.03.2023 - 19:05:40 - 	at java.base/java.lang.ClassLoader.loadClass(ClassLoader.java:587)
11.03.2023 - 19:05:40 - 	at org.bukkit.plugin.java.PluginClassLoader.loadClass0(PluginClassLoader.java:129)
11.03.2023 - 19:05:40 - 	at org.bukkit.plugin.java.PluginClassLoader.loadClass(PluginClassLoader.java:124)
11.03.2023 - 19:05:40 - 	at java.base/java.lang.ClassLoader.loadClass(ClassLoader.java:520)
11.03.2023 - 19:05:40 - 	at spworlds-1.0-SNAPSHOT.jar//com.spworlds.utils.PlaceholderApis.onRequest(PlaceholderApis.java:33)
11.03.2023 - 19:05:40 - 	at PlaceholderAPI-2.11.2.jar//me.clip.placeholderapi.replacer.CharsReplacer.apply(CharsReplacer.java:119)
11.03.2023 - 19:05:40 - 	at PlaceholderAPI-2.11.2.jar//me.clip.placeholderapi.PlaceholderAPI.setPlaceholders(PlaceholderAPI.java:71)
11.03.2023 - 19:05:40 - 	at PlaceholderAPI-2.11.2.jar//me.clip.placeholderapi.PlaceholderAPI.setPlaceholders(PlaceholderAPI.java:99)
11.03.2023 - 19:05:40 - 	at TAB.v3.2.4.jar//me.neznamy.tab.platforms.bukkit.BukkitPlatform.lambda$registerUnknownPlaceholder$2(BukkitPlatform.java:179)
11.03.2023 - 19:05:40 - 	at TAB.v3.2.4.jar//me.neznamy.tab.shared.placeholders.PlayerPlaceholderImpl.request(PlayerPlaceholderImpl.java:130)
11.03.2023 - 19:05:40 - 	at TAB.v3.2.4.jar//me.neznamy.tab.shared.placeholders.PlayerPlaceholderImpl.update(PlayerPlaceholderImpl.java:53)
11.03.2023 - 19:05:40 - 	at TAB.v3.2.4.jar//me.neznamy.tab.shared.features.PlaceholderManagerImpl.updatePlayerPlaceholder(PlaceholderManagerImpl.java:117)
11.03.2023 - 19:05:40 - 	at TAB.v3.2.4.jar//me.neznamy.tab.shared.features.PlaceholderManagerImpl.refresh(PlaceholderManagerImpl.java:68)
11.03.2023 - 19:05:40 - 	at TAB.v3.2.4.jar//me.neznamy.tab.shared.CpuManager.lambda$runMeasuredTask$8(CpuManager.java:354)
11.03.2023 - 19:05:40 - 	at TAB.v3.2.4.jar//me.neznamy.tab.shared.CpuManager.lambda$submit$1(CpuManager.java:111)
11.03.2023 - 19:05:40 - 	at java.base/java.util.concurrent.Executors$RunnableAdapter.call(Executors.java:539)
11.03.2023 - 19:05:40 - 	at java.base/java.util.concurrent.FutureTask.run(FutureTask.java:264)
11.03.2023 - 19:05:40 - 	at java.base/java.util.concurrent.ThreadPoolExecutor.runWorker(ThreadPoolExecutor.java:1136)
11.03.2023 - 19:05:40 - 	at java.base/java.util.concurrent.ThreadPoolExecutor$Worker.run(ThreadPoolExecutor.java:635)
11.03.2023 - 19:05:40 - 	at java.base/java.lang.Thread.run(Thread.java:833)
11.03.2023 - 19:05:41 - [TAB v3.2.4] Player placeholder %spbuild_getstagestring% generated an error when setting for player Dalynkaa
11.03.2023 - 19:05:41 - java.lang.IllegalStateException: zip file closed
11.03.2023 - 19:05:41 - 	at java.base/java.util.zip.ZipFile.ensureOpen(ZipFile.java:831)
11.03.2023 - 19:05:41 - 	at java.base/java.util.zip.ZipFile.getEntry(ZipFile.java:330)
11.03.2023 - 19:05:41 - 	at java.base/java.util.jar.JarFile.getEntry(JarFile.java:518)
11.03.2023 - 19:05:41 - 	at java.base/java.util.jar.JarFile.getJarEntry(JarFile.java:473)
11.03.2023 - 19:05:41 - 	at org.bukkit.plugin.java.PluginClassLoader.findClass(PluginClassLoader.java:189)
11.03.2023 - 19:05:41 - 	at java.base/java.lang.ClassLoader.loadClass(ClassLoader.java:587)
11.03.2023 - 19:05:41 - 	at org.bukkit.plugin.java.PluginClassLoader.loadClass0(PluginClassLoader.java:129)
11.03.2023 - 19:05:41 - 	at org.bukkit.plugin.java.PluginClassLoader.loadClass(PluginClassLoader.java:124)
11.03.2023 - 19:05:41 - 	at java.base/java.lang.ClassLoader.loadClass(ClassLoader.java:520)
11.03.2023 - 19:05:41 - 	at spworlds-1.0-SNAPSHOT.jar//com.spworlds.utils.PlaceholderApis.onRequest(PlaceholderApis.java:33)
11.03.2023 - 19:05:41 - 	at PlaceholderAPI-2.11.2.jar//me.clip.placeholderapi.replacer.CharsReplacer.apply(CharsReplacer.java:119)
11.03.2023 - 19:05:41 - 	at PlaceholderAPI-2.11.2.jar//me.clip.placeholderapi.PlaceholderAPI.setPlaceholders(PlaceholderAPI.java:71)
11.03.2023 - 19:05:41 - 	at PlaceholderAPI-2.11.2.jar//me.clip.placeholderapi.PlaceholderAPI.setPlaceholders(PlaceholderAPI.java:99)
11.03.2023 - 19:05:41 - 	at TAB.v3.2.4.jar//me.neznamy.tab.platforms.bukkit.BukkitPlatform.lambda$registerUnknownPlaceholder$2(BukkitPlatform.java:179)
11.03.2023 - 19:05:41 - 	at TAB.v3.2.4.jar//me.neznamy.tab.shared.placeholders.PlayerPlaceholderImpl.request(PlayerPlaceholderImpl.java:130)
11.03.2023 - 19:05:41 - 	at TAB.v3.2.4.jar//me.neznamy.tab.shared.placeholders.PlayerPlaceholderImpl.update(PlayerPlaceholderImpl.java:53)
11.03.2023 - 19:05:41 - 	at TAB.v3.2.4.jar//me.neznamy.tab.shared.features.PlaceholderManagerImpl.updatePlayerPlaceholder(PlaceholderManagerImpl.java:117)
11.03.2023 - 19:05:41 - 	at TAB.v3.2.4.jar//me.neznamy.tab.shared.features.PlaceholderManagerImpl.refresh(PlaceholderManagerImpl.java:68)
11.03.2023 - 19:05:41 - 	at TAB.v3.2.4.jar//me.neznamy.tab.shared.CpuManager.lambda$runMeasuredTask$8(CpuManager.java:354)
11.03.2023 - 19:05:41 - 	at TAB.v3.2.4.jar//me.neznamy.tab.shared.CpuManager.lambda$submit$1(CpuManager.java:111)
11.03.2023 - 19:05:41 - 	at java.base/java.util.concurrent.Executors$RunnableAdapter.call(Executors.java:539)
11.03.2023 - 19:05:41 - 	at java.base/java.util.concurrent.FutureTask.run(FutureTask.java:264)
11.03.2023 - 19:05:41 - 	at java.base/java.util.concurrent.ThreadPoolExecutor.runWorker(ThreadPoolExecutor.java:1136)
11.03.2023 - 19:05:41 - 	at java.base/java.util.concurrent.ThreadPoolExecutor$Worker.run(ThreadPoolExecutor.java:635)
11.03.2023 - 19:05:41 - 	at java.base/java.lang.Thread.run(Thread.java:833)
11.03.2023 - 19:05:41 - [TAB v3.2.4] Player placeholder %spbuild_getstagestring% generated an error when setting for player Dalynkaa
11.03.2023 - 19:05:41 - java.lang.IllegalStateException: zip file closed
11.03.2023 - 19:05:41 - 	at java.base/java.util.zip.ZipFile.ensureOpen(ZipFile.java:831)
11.03.2023 - 19:05:41 - 	at java.base/java.util.zip.ZipFile.getEntry(ZipFile.java:330)
11.03.2023 - 19:05:41 - 	at java.base/java.util.jar.JarFile.getEntry(JarFile.java:518)
11.03.2023 - 19:05:41 - 	at java.base/java.util.jar.JarFile.getJarEntry(JarFile.java:473)
11.03.2023 - 19:05:41 - 	at org.bukkit.plugin.java.PluginClassLoader.findClass(PluginClassLoader.java:189)
11.03.2023 - 19:05:41 - 	at java.base/java.lang.ClassLoader.loadClass(ClassLoader.java:587)
11.03.2023 - 19:05:41 - 	at org.bukkit.plugin.java.PluginClassLoader.loadClass0(PluginClassLoader.java:129)
11.03.2023 - 19:05:41 - 	at org.bukkit.plugin.java.PluginClassLoader.loadClass(PluginClassLoader.java:124)
11.03.2023 - 19:05:41 - 	at java.base/java.lang.ClassLoader.loadClass(ClassLoader.java:520)
11.03.2023 - 19:05:41 - 	at spworlds-1.0-SNAPSHOT.jar//com.spworlds.utils.PlaceholderApis.onRequest(PlaceholderApis.java:33)
11.03.2023 - 19:05:41 - 	at PlaceholderAPI-2.11.2.jar//me.clip.placeholderapi.replacer.CharsReplacer.apply(CharsReplacer.java:119)
11.03.2023 - 19:05:41 - 	at PlaceholderAPI-2.11.2.jar//me.clip.placeholderapi.PlaceholderAPI.setPlaceholders(PlaceholderAPI.java:71)
11.03.2023 - 19:05:41 - 	at PlaceholderAPI-2.11.2.jar//me.clip.placeholderapi.PlaceholderAPI.setPlaceholders(PlaceholderAPI.java:99)
11.03.2023 - 19:05:41 - 	at TAB.v3.2.4.jar//me.neznamy.tab.platforms.bukkit.BukkitPlatform.lambda$registerUnknownPlaceholder$2(BukkitPlatform.java:179)
11.03.2023 - 19:05:41 - 	at TAB.v3.2.4.jar//me.neznamy.tab.shared.placeholders.PlayerPlaceholderImpl.request(PlayerPlaceholderImpl.java:130)
11.03.2023 - 19:05:41 - 	at TAB.v3.2.4.jar//me.neznamy.tab.shared.placeholders.PlayerPlaceholderImpl.update(PlayerPlaceholderImpl.java:53)
11.03.2023 - 19:05:41 - 	at TAB.v3.2.4.jar//me.neznamy.tab.shared.features.PlaceholderManagerImpl.updatePlayerPlaceholder(PlaceholderManagerImpl.java:117)
11.03.2023 - 19:05:41 - 	at TAB.v3.2.4.jar//me.neznamy.tab.shared.features.PlaceholderManagerImpl.refresh(PlaceholderManagerImpl.java:68)
11.03.2023 - 19:05:41 - 	at TAB.v3.2.4.jar//me.neznamy.tab.shared.CpuManager.lambda$runMeasuredTask$8(CpuManager.java:354)
11.03.2023 - 19:05:41 - 	at TAB.v3.2.4.jar//me.neznamy.tab.shared.CpuManager.lambda$submit$1(CpuManager.java:111)
11.03.2023 - 19:05:41 - 	at java.base/java.util.concurrent.Executors$RunnableAdapter.call(Executors.java:539)
11.03.2023 - 19:05:41 - 	at java.base/java.util.concurrent.FutureTask.run(FutureTask.java:264)
11.03.2023 - 19:05:41 - 	at java.base/java.util.concurrent.ThreadPoolExecutor.runWorker(ThreadPoolExecutor.java:1136)
11.03.2023 - 19:05:41 - 	at java.base/java.util.concurrent.ThreadPoolExecutor$Worker.run(ThreadPoolExecutor.java:635)
11.03.2023 - 19:05:41 - 	at java.base/java.lang.Thread.run(Thread.java:833)
11.03.2023 - 19:05:42 - [TAB v3.2.4] Player placeholder %spbuild_getstagestring% generated an error when setting for player Dalynkaa
11.03.2023 - 19:05:42 - java.lang.IllegalStateException: zip file closed
11.03.2023 - 19:05:42 - 	at java.base/java.util.zip.ZipFile.ensureOpen(ZipFile.java:831)
11.03.2023 - 19:05:42 - 	at java.base/java.util.zip.ZipFile.getEntry(ZipFile.java:330)
11.03.2023 - 19:05:42 - 	at java.base/java.util.jar.JarFile.getEntry(JarFile.java:518)
11.03.2023 - 19:05:42 - 	at java.base/java.util.jar.JarFile.getJarEntry(JarFile.java:473)
11.03.2023 - 19:05:42 - 	at org.bukkit.plugin.java.PluginClassLoader.findClass(PluginClassLoader.java:189)
11.03.2023 - 19:05:42 - 	at java.base/java.lang.ClassLoader.loadClass(ClassLoader.java:587)
11.03.2023 - 19:05:42 - 	at org.bukkit.plugin.java.PluginClassLoader.loadClass0(PluginClassLoader.java:129)
11.03.2023 - 19:05:42 - 	at org.bukkit.plugin.java.PluginClassLoader.loadClass(PluginClassLoader.java:124)
11.03.2023 - 19:05:42 - 	at java.base/java.lang.ClassLoader.loadClass(ClassLoader.java:520)
11.03.2023 - 19:05:42 - 	at spworlds-1.0-SNAPSHOT.jar//com.spworlds.utils.PlaceholderApis.onRequest(PlaceholderApis.java:33)
11.03.2023 - 19:05:42 - 	at PlaceholderAPI-2.11.2.jar//me.clip.placeholderapi.replacer.CharsReplacer.apply(CharsReplacer.java:119)
11.03.2023 - 19:05:42 - 	at PlaceholderAPI-2.11.2.jar//me.clip.placeholderapi.PlaceholderAPI.setPlaceholders(PlaceholderAPI.java:71)
11.03.2023 - 19:05:42 - 	at PlaceholderAPI-2.11.2.jar//me.clip.placeholderapi.PlaceholderAPI.setPlaceholders(PlaceholderAPI.java:99)
11.03.2023 - 19:05:42 - 	at TAB.v3.2.4.jar//me.neznamy.tab.platforms.bukkit.BukkitPlatform.lambda$registerUnknownPlaceholder$2(BukkitPlatform.java:179)
11.03.2023 - 19:05:42 - 	at TAB.v3.2.4.jar//me.neznamy.tab.shared.placeholders.PlayerPlaceholderImpl.request(PlayerPlaceholderImpl.java:130)
11.03.2023 - 19:05:42 - 	at TAB.v3.2.4.jar//me.neznamy.tab.shared.placeholders.PlayerPlaceholderImpl.update(PlayerPlaceholderImpl.java:53)
11.03.2023 - 19:05:42 - 	at TAB.v3.2.4.jar//me.neznamy.tab.shared.features.PlaceholderManagerImpl.updatePlayerPlaceholder(PlaceholderManagerImpl.java:117)
11.03.2023 - 19:05:42 - 	at TAB.v3.2.4.jar//me.neznamy.tab.shared.features.PlaceholderManagerImpl.refresh(PlaceholderManagerImpl.java:68)
11.03.2023 - 19:05:42 - 	at TAB.v3.2.4.jar//me.neznamy.tab.shared.CpuManager.lambda$runMeasuredTask$8(CpuManager.java:354)
11.03.2023 - 19:05:42 - 	at TAB.v3.2.4.jar//me.neznamy.tab.shared.CpuManager.lambda$submit$1(CpuManager.java:111)
11.03.2023 - 19:05:42 - 	at java.base/java.util.concurrent.Executors$RunnableAdapter.call(Executors.java:539)
11.03.2023 - 19:05:42 - 	at java.base/java.util.concurrent.FutureTask.run(FutureTask.java:264)
11.03.2023 - 19:05:42 - 	at java.base/java.util.concurrent.ThreadPoolExecutor.runWorker(ThreadPoolExecutor.java:1136)
11.03.2023 - 19:05:42 - 	at java.base/java.util.concurrent.ThreadPoolExecutor$Worker.run(ThreadPoolExecutor.java:635)
11.03.2023 - 19:05:42 - 	at java.base/java.lang.Thread.run(Thread.java:833)
11.03.2023 - 19:05:42 - [TAB v3.2.4] Player placeholder %spbuild_getstagestring% generated an error when setting for player Dalynkaa
11.03.2023 - 19:05:42 - java.lang.IllegalStateException: zip file closed
11.03.2023 - 19:05:42 - 	at java.base/java.util.zip.ZipFile.ensureOpen(ZipFile.java:831)
11.03.2023 - 19:05:42 - 	at java.base/java.util.zip.ZipFile.getEntry(ZipFile.java:330)
11.03.2023 - 19:05:42 - 	at java.base/java.util.jar.JarFile.getEntry(JarFile.java:518)
11.03.2023 - 19:05:42 - 	at java.base/java.util.jar.JarFile.getJarEntry(JarFile.java:473)
11.03.2023 - 19:05:42 - 	at org.bukkit.plugin.java.PluginClassLoader.findClass(PluginClassLoader.java:189)
11.03.2023 - 19:05:42 - 	at java.base/java.lang.ClassLoader.loadClass(ClassLoader.java:587)
11.03.2023 - 19:05:42 - 	at org.bukkit.plugin.java.PluginClassLoader.loadClass0(PluginClassLoader.java:129)
11.03.2023 - 19:05:42 - 	at org.bukkit.plugin.java.PluginClassLoader.loadClass(PluginClassLoader.java:124)
11.03.2023 - 19:05:42 - 	at java.base/java.lang.ClassLoader.loadClass(ClassLoader.java:520)
11.03.2023 - 19:05:42 - 	at spworlds-1.0-SNAPSHOT.jar//com.spworlds.utils.PlaceholderApis.onRequest(PlaceholderApis.java:33)
11.03.2023 - 19:05:42 - 	at PlaceholderAPI-2.11.2.jar//me.clip.placeholderapi.replacer.CharsReplacer.apply(CharsReplacer.java:119)
11.03.2023 - 19:05:42 - 	at PlaceholderAPI-2.11.2.jar//me.clip.placeholderapi.PlaceholderAPI.setPlaceholders(PlaceholderAPI.java:71)
11.03.2023 - 19:05:42 - 	at PlaceholderAPI-2.11.2.jar//me.clip.placeholderapi.PlaceholderAPI.setPlaceholders(PlaceholderAPI.java:99)
11.03.2023 - 19:05:42 - 	at TAB.v3.2.4.jar//me.neznamy.tab.platforms.bukkit.BukkitPlatform.lambda$registerUnknownPlaceholder$2(BukkitPlatform.java:179)
11.03.2023 - 19:05:42 - 	at TAB.v3.2.4.jar//me.neznamy.tab.shared.placeholders.PlayerPlaceholderImpl.request(PlayerPlaceholderImpl.java:130)
11.03.2023 - 19:05:42 - 	at TAB.v3.2.4.jar//me.neznamy.tab.shared.placeholders.PlayerPlaceholderImpl.update(PlayerPlaceholderImpl.java:53)
11.03.2023 - 19:05:42 - 	at TAB.v3.2.4.jar//me.neznamy.tab.shared.features.PlaceholderManagerImpl.updatePlayerPlaceholder(PlaceholderManagerImpl.java:117)
11.03.2023 - 19:05:42 - 	at TAB.v3.2.4.jar//me.neznamy.tab.shared.features.PlaceholderManagerImpl.refresh(PlaceholderManagerImpl.java:68)
11.03.2023 - 19:05:42 - 	at TAB.v3.2.4.jar//me.neznamy.tab.shared.CpuManager.lambda$runMeasuredTask$8(CpuManager.java:354)
11.03.2023 - 19:05:42 - 	at TAB.v3.2.4.jar//me.neznamy.tab.shared.CpuManager.lambda$submit$1(CpuManager.java:111)
11.03.2023 - 19:05:42 - 	at java.base/java.util.concurrent.Executors$RunnableAdapter.call(Executors.java:539)
11.03.2023 - 19:05:42 - 	at java.base/java.util.concurrent.FutureTask.run(FutureTask.java:264)
11.03.2023 - 19:05:42 - 	at java.base/java.util.concurrent.ThreadPoolExecutor.runWorker(ThreadPoolExecutor.java:1136)
11.03.2023 - 19:05:42 - 	at java.base/java.util.concurrent.ThreadPoolExecutor$Worker.run(ThreadPoolExecutor.java:635)
11.03.2023 - 19:05:42 - 	at java.base/java.lang.Thread.run(Thread.java:833)
11.03.2023 - 19:05:43 - [TAB v3.2.4] Player placeholder %spbuild_getstagestring% generated an error when setting for player Dalynkaa
11.03.2023 - 19:05:43 - java.lang.IllegalStateException: zip file closed
11.03.2023 - 19:05:43 - 	at java.base/java.util.zip.ZipFile.ensureOpen(ZipFile.java:831)
11.03.2023 - 19:05:43 - 	at java.base/java.util.zip.ZipFile.getEntry(ZipFile.java:330)
11.03.2023 - 19:05:43 - 	at java.base/java.util.jar.JarFile.getEntry(JarFile.java:518)
11.03.2023 - 19:05:43 - 	at java.base/java.util.jar.JarFile.getJarEntry(JarFile.java:473)
11.03.2023 - 19:05:43 - 	at org.bukkit.plugin.java.PluginClassLoader.findClass(PluginClassLoader.java:189)
11.03.2023 - 19:05:43 - 	at java.base/java.lang.ClassLoader.loadClass(ClassLoader.java:587)
11.03.2023 - 19:05:43 - 	at org.bukkit.plugin.java.PluginClassLoader.loadClass0(PluginClassLoader.java:129)
11.03.2023 - 19:05:43 - 	at org.bukkit.plugin.java.PluginClassLoader.loadClass(PluginClassLoader.java:124)
11.03.2023 - 19:05:43 - 	at java.base/java.lang.ClassLoader.loadClass(ClassLoader.java:520)
11.03.2023 - 19:05:43 - 	at spworlds-1.0-SNAPSHOT.jar//com.spworlds.utils.PlaceholderApis.onRequest(PlaceholderApis.java:33)
11.03.2023 - 19:05:43 - 	at PlaceholderAPI-2.11.2.jar//me.clip.placeholderapi.replacer.CharsReplacer.apply(CharsReplacer.java:119)
11.03.2023 - 19:05:43 - 	at PlaceholderAPI-2.11.2.jar//me.clip.placeholderapi.PlaceholderAPI.setPlaceholders(PlaceholderAPI.java:71)
11.03.2023 - 19:05:43 - 	at PlaceholderAPI-2.11.2.jar//me.clip.placeholderapi.PlaceholderAPI.setPlaceholders(PlaceholderAPI.java:99)
11.03.2023 - 19:05:43 - 	at TAB.v3.2.4.jar//me.neznamy.tab.platforms.bukkit.BukkitPlatform.lambda$registerUnknownPlaceholder$2(BukkitPlatform.java:179)
11.03.2023 - 19:05:43 - 	at TAB.v3.2.4.jar//me.neznamy.tab.shared.placeholders.PlayerPlaceholderImpl.request(PlayerPlaceholderImpl.java:130)
11.03.2023 - 19:05:43 - 	at TAB.v3.2.4.jar//me.neznamy.tab.shared.placeholders.PlayerPlaceholderImpl.update(PlayerPlaceholderImpl.java:53)
11.03.2023 - 19:05:43 - 	at TAB.v3.2.4.jar//me.neznamy.tab.shared.features.PlaceholderManagerImpl.updatePlayerPlaceholder(PlaceholderManagerImpl.java:117)
11.03.2023 - 19:05:43 - 	at TAB.v3.2.4.jar//me.neznamy.tab.shared.features.PlaceholderManagerImpl.refresh(PlaceholderManagerImpl.java:68)
11.03.2023 - 19:05:43 - 	at TAB.v3.2.4.jar//me.neznamy.tab.shared.CpuManager.lambda$runMeasuredTask$8(CpuManager.java:354)
11.03.2023 - 19:05:43 - 	at TAB.v3.2.4.jar//me.neznamy.tab.shared.CpuManager.lambda$submit$1(CpuManager.java:111)
11.03.2023 - 19:05:43 - 	at java.base/java.util.concurrent.Executors$RunnableAdapter.call(Executors.java:539)
11.03.2023 - 19:05:43 - 	at java.base/java.util.concurrent.FutureTask.run(FutureTask.java:264)
11.03.2023 - 19:05:43 - 	at java.base/java.util.concurrent.ThreadPoolExecutor.runWorker(ThreadPoolExecutor.java:1136)
11.03.2023 - 19:05:43 - 	at java.base/java.util.concurrent.ThreadPoolExecutor$Worker.run(ThreadPoolExecutor.java:635)
11.03.2023 - 19:05:43 - 	at java.base/java.lang.Thread.run(Thread.java:833)
11.03.2023 - 19:05:43 - [TAB v3.2.4] Player placeholder %spbuild_getstagestring% generated an error when setting for player Dalynkaa
11.03.2023 - 19:05:43 - java.lang.IllegalStateException: zip file closed
11.03.2023 - 19:05:43 - 	at java.base/java.util.zip.ZipFile.ensureOpen(ZipFile.java:831)
11.03.2023 - 19:05:43 - 	at java.base/java.util.zip.ZipFile.getEntry(ZipFile.java:330)
11.03.2023 - 19:05:43 - 	at java.base/java.util.jar.JarFile.getEntry(JarFile.java:518)
11.03.2023 - 19:05:43 - 	at java.base/java.util.jar.JarFile.getJarEntry(JarFile.java:473)
11.03.2023 - 19:05:43 - 	at org.bukkit.plugin.java.PluginClassLoader.findClass(PluginClassLoader.java:189)
11.03.2023 - 19:05:43 - 	at java.base/java.lang.ClassLoader.loadClass(ClassLoader.java:587)
11.03.2023 - 19:05:43 - 	at org.bukkit.plugin.java.PluginClassLoader.loadClass0(PluginClassLoader.java:129)
11.03.2023 - 19:05:43 - 	at org.bukkit.plugin.java.PluginClassLoader.loadClass(PluginClassLoader.java:124)
11.03.2023 - 19:05:43 - 	at java.base/java.lang.ClassLoader.loadClass(ClassLoader.java:520)
11.03.2023 - 19:05:43 - 	at spworlds-1.0-SNAPSHOT.jar//com.spworlds.utils.PlaceholderApis.onRequest(PlaceholderApis.java:33)
11.03.2023 - 19:05:43 - 	at PlaceholderAPI-2.11.2.jar//me.clip.placeholderapi.replacer.CharsReplacer.apply(CharsReplacer.java:119)
11.03.2023 - 19:05:43 - 	at PlaceholderAPI-2.11.2.jar//me.clip.placeholderapi.PlaceholderAPI.setPlaceholders(PlaceholderAPI.java:71)
11.03.2023 - 19:05:43 - 	at PlaceholderAPI-2.11.2.jar//me.clip.placeholderapi.PlaceholderAPI.setPlaceholders(PlaceholderAPI.java:99)
11.03.2023 - 19:05:43 - 	at TAB.v3.2.4.jar//me.neznamy.tab.platforms.bukkit.BukkitPlatform.lambda$registerUnknownPlaceholder$2(BukkitPlatform.java:179)
11.03.2023 - 19:05:43 - 	at TAB.v3.2.4.jar//me.neznamy.tab.shared.placeholders.PlayerPlaceholderImpl.request(PlayerPlaceholderImpl.java:130)
11.03.2023 - 19:05:43 - 	at TAB.v3.2.4.jar//me.neznamy.tab.shared.placeholders.PlayerPlaceholderImpl.update(PlayerPlaceholderImpl.java:53)
11.03.2023 - 19:05:43 - 	at TAB.v3.2.4.jar//me.neznamy.tab.shared.features.PlaceholderManagerImpl.updatePlayerPlaceholder(PlaceholderManagerImpl.java:117)
11.03.2023 - 19:05:43 - 	at TAB.v3.2.4.jar//me.neznamy.tab.shared.features.PlaceholderManagerImpl.refresh(PlaceholderManagerImpl.java:68)
11.03.2023 - 19:05:43 - 	at TAB.v3.2.4.jar//me.neznamy.tab.shared.CpuManager.lambda$runMeasuredTask$8(CpuManager.java:354)
11.03.2023 - 19:05:43 - 	at TAB.v3.2.4.jar//me.neznamy.tab.shared.CpuManager.lambda$submit$1(CpuManager.java:111)
11.03.2023 - 19:05:43 - 	at java.base/java.util.concurrent.Executors$RunnableAdapter.call(Executors.java:539)
11.03.2023 - 19:05:43 - 	at java.base/java.util.concurrent.FutureTask.run(FutureTask.java:264)
11.03.2023 - 19:05:43 - 	at java.base/java.util.concurrent.ThreadPoolExecutor.runWorker(ThreadPoolExecutor.java:1136)
11.03.2023 - 19:05:43 - 	at java.base/java.util.concurrent.ThreadPoolExecutor$Worker.run(ThreadPoolExecutor.java:635)
11.03.2023 - 19:05:43 - 	at java.base/java.lang.Thread.run(Thread.java:833)
11.03.2023 - 19:05:44 - [TAB v3.2.4] Player placeholder %spbuild_getstagestring% generated an error when setting for player Dalynkaa
11.03.2023 - 19:05:44 - java.lang.IllegalStateException: zip file closed
11.03.2023 - 19:05:44 - 	at java.base/java.util.zip.ZipFile.ensureOpen(ZipFile.java:831)
11.03.2023 - 19:05:44 - 	at java.base/java.util.zip.ZipFile.getEntry(ZipFile.java:330)
11.03.2023 - 19:05:44 - 	at java.base/java.util.jar.JarFile.getEntry(JarFile.java:518)
11.03.2023 - 19:05:44 - 	at java.base/java.util.jar.JarFile.getJarEntry(JarFile.java:473)
11.03.2023 - 19:05:44 - 	at org.bukkit.plugin.java.PluginClassLoader.findClass(PluginClassLoader.java:189)
11.03.2023 - 19:05:44 - 	at java.base/java.lang.ClassLoader.loadClass(ClassLoader.java:587)
11.03.2023 - 19:05:44 - 	at org.bukkit.plugin.java.PluginClassLoader.loadClass0(PluginClassLoader.java:129)
11.03.2023 - 19:05:44 - 	at org.bukkit.plugin.java.PluginClassLoader.loadClass(PluginClassLoader.java:124)
11.03.2023 - 19:05:44 - 	at java.base/java.lang.ClassLoader.loadClass(ClassLoader.java:520)
11.03.2023 - 19:05:44 - 	at spworlds-1.0-SNAPSHOT.jar//com.spworlds.utils.PlaceholderApis.onRequest(PlaceholderApis.java:33)
11.03.2023 - 19:05:44 - 	at PlaceholderAPI-2.11.2.jar//me.clip.placeholderapi.replacer.CharsReplacer.apply(CharsReplacer.java:119)
11.03.2023 - 19:05:44 - 	at PlaceholderAPI-2.11.2.jar//me.clip.placeholderapi.PlaceholderAPI.setPlaceholders(PlaceholderAPI.java:71)
11.03.2023 - 19:05:44 - 	at PlaceholderAPI-2.11.2.jar//me.clip.placeholderapi.PlaceholderAPI.setPlaceholders(PlaceholderAPI.java:99)
11.03.2023 - 19:05:44 - 	at TAB.v3.2.4.jar//me.neznamy.tab.platforms.bukkit.BukkitPlatform.lambda$registerUnknownPlaceholder$2(BukkitPlatform.java:179)
11.03.2023 - 19:05:44 - 	at TAB.v3.2.4.jar//me.neznamy.tab.shared.placeholders.PlayerPlaceholderImpl.request(PlayerPlaceholderImpl.java:130)
11.03.2023 - 19:05:44 - 	at TAB.v3.2.4.jar//me.neznamy.tab.shared.placeholders.PlayerPlaceholderImpl.update(PlayerPlaceholderImpl.java:53)
11.03.2023 - 19:05:44 - 	at TAB.v3.2.4.jar//me.neznamy.tab.shared.features.PlaceholderManagerImpl.updatePlayerPlaceholder(PlaceholderManagerImpl.java:117)
11.03.2023 - 19:05:44 - 	at TAB.v3.2.4.jar//me.neznamy.tab.shared.features.PlaceholderManagerImpl.refresh(PlaceholderManagerImpl.java:68)
11.03.2023 - 19:05:44 - 	at TAB.v3.2.4.jar//me.neznamy.tab.shared.CpuManager.lambda$runMeasuredTask$8(CpuManager.java:354)
11.03.2023 - 19:05:44 - 	at TAB.v3.2.4.jar//me.neznamy.tab.shared.CpuManager.lambda$submit$1(CpuManager.java:111)
11.03.2023 - 19:05:44 - 	at java.base/java.util.concurrent.Executors$RunnableAdapter.call(Executors.java:539)
11.03.2023 - 19:05:44 - 	at java.base/java.util.concurrent.FutureTask.run(FutureTask.java:264)
11.03.2023 - 19:05:44 - 	at java.base/java.util.concurrent.ThreadPoolExecutor.runWorker(ThreadPoolExecutor.java:1136)
11.03.2023 - 19:05:44 - 	at java.base/java.util.concurrent.ThreadPoolExecutor$Worker.run(ThreadPoolExecutor.java:635)
11.03.2023 - 19:05:44 - 	at java.base/java.lang.Thread.run(Thread.java:833)
11.03.2023 - 19:05:44 - [TAB v3.2.4] Player placeholder %spbuild_getstagestring% generated an error when setting for player Dalynkaa
11.03.2023 - 19:05:44 - java.lang.IllegalStateException: zip file closed
11.03.2023 - 19:05:44 - 	at java.base/java.util.zip.ZipFile.ensureOpen(ZipFile.java:831)
11.03.2023 - 19:05:44 - 	at java.base/java.util.zip.ZipFile.getEntry(ZipFile.java:330)
11.03.2023 - 19:05:44 - 	at java.base/java.util.jar.JarFile.getEntry(JarFile.java:518)
11.03.2023 - 19:05:44 - 	at java.base/java.util.jar.JarFile.getJarEntry(JarFile.java:473)
11.03.2023 - 19:05:44 - 	at org.bukkit.plugin.java.PluginClassLoader.findClass(PluginClassLoader.java:189)
11.03.2023 - 19:05:44 - 	at java.base/java.lang.ClassLoader.loadClass(ClassLoader.java:587)
11.03.2023 - 19:05:44 - 	at org.bukkit.plugin.java.PluginClassLoader.loadClass0(PluginClassLoader.java:129)
11.03.2023 - 19:05:44 - 	at org.bukkit.plugin.java.PluginClassLoader.loadClass(PluginClassLoader.java:124)
11.03.2023 - 19:05:44 - 	at java.base/java.lang.ClassLoader.loadClass(ClassLoader.java:520)
11.03.2023 - 19:05:44 - 	at spworlds-1.0-SNAPSHOT.jar//com.spworlds.utils.PlaceholderApis.onRequest(PlaceholderApis.java:33)
11.03.2023 - 19:05:44 - 	at PlaceholderAPI-2.11.2.jar//me.clip.placeholderapi.replacer.CharsReplacer.apply(CharsReplacer.java:119)
11.03.2023 - 19:05:44 - 	at PlaceholderAPI-2.11.2.jar//me.clip.placeholderapi.PlaceholderAPI.setPlaceholders(PlaceholderAPI.java:71)
11.03.2023 - 19:05:44 - 	at PlaceholderAPI-2.11.2.jar//me.clip.placeholderapi.PlaceholderAPI.setPlaceholders(PlaceholderAPI.java:99)
11.03.2023 - 19:05:44 - 	at TAB.v3.2.4.jar//me.neznamy.tab.platforms.bukkit.BukkitPlatform.lambda$registerUnknownPlaceholder$2(BukkitPlatform.java:179)
11.03.2023 - 19:05:44 - 	at TAB.v3.2.4.jar//me.neznamy.tab.shared.placeholders.PlayerPlaceholderImpl.request(PlayerPlaceholderImpl.java:130)
11.03.2023 - 19:05:44 - 	at TAB.v3.2.4.jar//me.neznamy.tab.shared.placeholders.PlayerPlaceholderImpl.update(PlayerPlaceholderImpl.java:53)
11.03.2023 - 19:05:44 - 	at TAB.v3.2.4.jar//me.neznamy.tab.shared.features.PlaceholderManagerImpl.updatePlayerPlaceholder(PlaceholderManagerImpl.java:117)
11.03.2023 - 19:05:44 - 	at TAB.v3.2.4.jar//me.neznamy.tab.shared.features.PlaceholderManagerImpl.refresh(PlaceholderManagerImpl.java:68)
11.03.2023 - 19:05:44 - 	at TAB.v3.2.4.jar//me.neznamy.tab.shared.CpuManager.lambda$runMeasuredTask$8(CpuManager.java:354)
11.03.2023 - 19:05:44 - 	at TAB.v3.2.4.jar//me.neznamy.tab.shared.CpuManager.lambda$submit$1(CpuManager.java:111)
11.03.2023 - 19:05:44 - 	at java.base/java.util.concurrent.Executors$RunnableAdapter.call(Executors.java:539)
11.03.2023 - 19:05:44 - 	at java.base/java.util.concurrent.FutureTask.run(FutureTask.java:264)
11.03.2023 - 19:05:44 - 	at java.base/java.util.concurrent.ThreadPoolExecutor.runWorker(ThreadPoolExecutor.java:1136)
11.03.2023 - 19:05:44 - 	at java.base/java.util.concurrent.ThreadPoolExecutor$Worker.run(ThreadPoolExecutor.java:635)
11.03.2023 - 19:05:44 - 	at java.base/java.lang.Thread.run(Thread.java:833)
11.03.2023 - 19:05:45 - [TAB v3.2.4] Player placeholder %spbuild_getstagestring% generated an error when setting for player Dalynkaa
11.03.2023 - 19:05:45 - java.lang.IllegalStateException: zip file closed
11.03.2023 - 19:05:45 - 	at java.base/java.util.zip.ZipFile.ensureOpen(ZipFile.java:831)
11.03.2023 - 19:05:45 - 	at java.base/java.util.zip.ZipFile.getEntry(ZipFile.java:330)
11.03.2023 - 19:05:45 - 	at java.base/java.util.jar.JarFile.getEntry(JarFile.java:518)
11.03.2023 - 19:05:45 - 	at java.base/java.util.jar.JarFile.getJarEntry(JarFile.java:473)
11.03.2023 - 19:05:45 - 	at org.bukkit.plugin.java.PluginClassLoader.findClass(PluginClassLoader.java:189)
11.03.2023 - 19:05:45 - 	at java.base/java.lang.ClassLoader.loadClass(ClassLoader.java:587)
11.03.2023 - 19:05:45 - 	at org.bukkit.plugin.java.PluginClassLoader.loadClass0(PluginClassLoader.java:129)
11.03.2023 - 19:05:45 - 	at org.bukkit.plugin.java.PluginClassLoader.loadClass(PluginClassLoader.java:124)
11.03.2023 - 19:05:45 - 	at java.base/java.lang.ClassLoader.loadClass(ClassLoader.java:520)
11.03.2023 - 19:05:45 - 	at spworlds-1.0-SNAPSHOT.jar//com.spworlds.utils.PlaceholderApis.onRequest(PlaceholderApis.java:33)
11.03.2023 - 19:05:45 - 	at PlaceholderAPI-2.11.2.jar//me.clip.placeholderapi.replacer.CharsReplacer.apply(CharsReplacer.java:119)
11.03.2023 - 19:05:45 - 	at PlaceholderAPI-2.11.2.jar//me.clip.placeholderapi.PlaceholderAPI.setPlaceholders(PlaceholderAPI.java:71)
11.03.2023 - 19:05:45 - 	at PlaceholderAPI-2.11.2.jar//me.clip.placeholderapi.PlaceholderAPI.setPlaceholders(PlaceholderAPI.java:99)
11.03.2023 - 19:05:45 - 	at TAB.v3.2.4.jar//me.neznamy.tab.platforms.bukkit.BukkitPlatform.lambda$registerUnknownPlaceholder$2(BukkitPlatform.java:179)
11.03.2023 - 19:05:45 - 	at TAB.v3.2.4.jar//me.neznamy.tab.shared.placeholders.PlayerPlaceholderImpl.request(PlayerPlaceholderImpl.java:130)
11.03.2023 - 19:05:45 - 	at TAB.v3.2.4.jar//me.neznamy.tab.shared.placeholders.PlayerPlaceholderImpl.update(PlayerPlaceholderImpl.java:53)
11.03.2023 - 19:05:45 - 	at TAB.v3.2.4.jar//me.neznamy.tab.shared.features.PlaceholderManagerImpl.updatePlayerPlaceholder(PlaceholderManagerImpl.java:117)
11.03.2023 - 19:05:45 - 	at TAB.v3.2.4.jar//me.neznamy.tab.shared.features.PlaceholderManagerImpl.refresh(PlaceholderManagerImpl.java:68)
11.03.2023 - 19:05:45 - 	at TAB.v3.2.4.jar//me.neznamy.tab.shared.CpuManager.lambda$runMeasuredTask$8(CpuManager.java:354)
11.03.2023 - 19:05:45 - 	at TAB.v3.2.4.jar//me.neznamy.tab.shared.CpuManager.lambda$submit$1(CpuManager.java:111)
11.03.2023 - 19:05:45 - 	at java.base/java.util.concurrent.Executors$RunnableAdapter.call(Executors.java:539)
11.03.2023 - 19:05:45 - 	at java.base/java.util.concurrent.FutureTask.run(FutureTask.java:264)
11.03.2023 - 19:05:45 - 	at java.base/java.util.concurrent.ThreadPoolExecutor.runWorker(ThreadPoolExecutor.java:1136)
11.03.2023 - 19:05:45 - 	at java.base/java.util.concurrent.ThreadPoolExecutor$Worker.run(ThreadPoolExecutor.java:635)
11.03.2023 - 19:05:45 - 	at java.base/java.lang.Thread.run(Thread.java:833)
11.03.2023 - 19:05:45 - [TAB v3.2.4] Player placeholder %spbuild_getstagestring% generated an error when setting for player Dalynkaa
11.03.2023 - 19:05:45 - java.lang.IllegalStateException: zip file closed
11.03.2023 - 19:05:45 - 	at java.base/java.util.zip.ZipFile.ensureOpen(ZipFile.java:831)
11.03.2023 - 19:05:45 - 	at java.base/java.util.zip.ZipFile.getEntry(ZipFile.java:330)
11.03.2023 - 19:05:45 - 	at java.base/java.util.jar.JarFile.getEntry(JarFile.java:518)
11.03.2023 - 19:05:45 - 	at java.base/java.util.jar.JarFile.getJarEntry(JarFile.java:473)
11.03.2023 - 19:05:45 - 	at org.bukkit.plugin.java.PluginClassLoader.findClass(PluginClassLoader.java:189)
11.03.2023 - 19:05:45 - 	at java.base/java.lang.ClassLoader.loadClass(ClassLoader.java:587)
11.03.2023 - 19:05:45 - 	at org.bukkit.plugin.java.PluginClassLoader.loadClass0(PluginClassLoader.java:129)
11.03.2023 - 19:05:45 - 	at org.bukkit.plugin.java.PluginClassLoader.loadClass(PluginClassLoader.java:124)
11.03.2023 - 19:05:45 - 	at java.base/java.lang.ClassLoader.loadClass(ClassLoader.java:520)
11.03.2023 - 19:05:45 - 	at spworlds-1.0-SNAPSHOT.jar//com.spworlds.utils.PlaceholderApis.onRequest(PlaceholderApis.java:33)
11.03.2023 - 19:05:45 - 	at PlaceholderAPI-2.11.2.jar//me.clip.placeholderapi.replacer.CharsReplacer.apply(CharsReplacer.java:119)
11.03.2023 - 19:05:45 - 	at PlaceholderAPI-2.11.2.jar//me.clip.placeholderapi.PlaceholderAPI.setPlaceholders(PlaceholderAPI.java:71)
11.03.2023 - 19:05:45 - 	at PlaceholderAPI-2.11.2.jar//me.clip.placeholderapi.PlaceholderAPI.setPlaceholders(PlaceholderAPI.java:99)
11.03.2023 - 19:05:45 - 	at TAB.v3.2.4.jar//me.neznamy.tab.platforms.bukkit.BukkitPlatform.lambda$registerUnknownPlaceholder$2(BukkitPlatform.java:179)
11.03.2023 - 19:05:45 - 	at TAB.v3.2.4.jar//me.neznamy.tab.shared.placeholders.PlayerPlaceholderImpl.request(PlayerPlaceholderImpl.java:130)
11.03.2023 - 19:05:45 - 	at TAB.v3.2.4.jar//me.neznamy.tab.shared.placeholders.PlayerPlaceholderImpl.update(PlayerPlaceholderImpl.java:53)
11.03.2023 - 19:05:45 - 	at TAB.v3.2.4.jar//me.neznamy.tab.shared.features.PlaceholderManagerImpl.updatePlayerPlaceholder(PlaceholderManagerImpl.java:117)
11.03.2023 - 19:05:45 - 	at TAB.v3.2.4.jar//me.neznamy.tab.shared.features.PlaceholderManagerImpl.refresh(PlaceholderManagerImpl.java:68)
11.03.2023 - 19:05:45 - 	at TAB.v3.2.4.jar//me.neznamy.tab.shared.CpuManager.lambda$runMeasuredTask$8(CpuManager.java:354)
11.03.2023 - 19:05:45 - 	at TAB.v3.2.4.jar//me.neznamy.tab.shared.CpuManager.lambda$submit$1(CpuManager.java:111)
11.03.2023 - 19:05:45 - 	at java.base/java.util.concurrent.Executors$RunnableAdapter.call(Executors.java:539)
11.03.2023 - 19:05:45 - 	at java.base/java.util.concurrent.FutureTask.run(FutureTask.java:264)
11.03.2023 - 19:05:45 - 	at java.base/java.util.concurrent.ThreadPoolExecutor.runWorker(ThreadPoolExecutor.java:1136)
11.03.2023 - 19:05:45 - 	at java.base/java.util.concurrent.ThreadPoolExecutor$Worker.run(ThreadPoolExecutor.java:635)
11.03.2023 - 19:05:45 - 	at java.base/java.lang.Thread.run(Thread.java:833)
11.03.2023 - 19:05:46 - [TAB v3.2.4] Player placeholder %spbuild_getstagestring% generated an error when setting for player Dalynkaa
11.03.2023 - 19:05:46 - java.lang.IllegalStateException: zip file closed
11.03.2023 - 19:05:46 - 	at java.base/java.util.zip.ZipFile.ensureOpen(ZipFile.java:831)
11.03.2023 - 19:05:46 - 	at java.base/java.util.zip.ZipFile.getEntry(ZipFile.java:330)
11.03.2023 - 19:05:46 - 	at java.base/java.util.jar.JarFile.getEntry(JarFile.java:518)
11.03.2023 - 19:05:46 - 	at java.base/java.util.jar.JarFile.getJarEntry(JarFile.java:473)
11.03.2023 - 19:05:46 - 	at org.bukkit.plugin.java.PluginClassLoader.findClass(PluginClassLoader.java:189)
11.03.2023 - 19:05:46 - 	at java.base/java.lang.ClassLoader.loadClass(ClassLoader.java:587)
11.03.2023 - 19:05:46 - 	at org.bukkit.plugin.java.PluginClassLoader.loadClass0(PluginClassLoader.java:129)
11.03.2023 - 19:05:46 - 	at org.bukkit.plugin.java.PluginClassLoader.loadClass(PluginClassLoader.java:124)
11.03.2023 - 19:05:46 - 	at java.base/java.lang.ClassLoader.loadClass(ClassLoader.java:520)
11.03.2023 - 19:05:46 - 	at spworlds-1.0-SNAPSHOT.jar//com.spworlds.utils.PlaceholderApis.onRequest(PlaceholderApis.java:33)
11.03.2023 - 19:05:46 - 	at PlaceholderAPI-2.11.2.jar//me.clip.placeholderapi.replacer.CharsReplacer.apply(CharsReplacer.java:119)
11.03.2023 - 19:05:46 - 	at PlaceholderAPI-2.11.2.jar//me.clip.placeholderapi.PlaceholderAPI.setPlaceholders(PlaceholderAPI.java:71)
11.03.2023 - 19:05:46 - 	at PlaceholderAPI-2.11.2.jar//me.clip.placeholderapi.PlaceholderAPI.setPlaceholders(PlaceholderAPI.java:99)
11.03.2023 - 19:05:46 - 	at TAB.v3.2.4.jar//me.neznamy.tab.platforms.bukkit.BukkitPlatform.lambda$registerUnknownPlaceholder$2(BukkitPlatform.java:179)
11.03.2023 - 19:05:46 - 	at TAB.v3.2.4.jar//me.neznamy.tab.shared.placeholders.PlayerPlaceholderImpl.request(PlayerPlaceholderImpl.java:130)
11.03.2023 - 19:05:46 - 	at TAB.v3.2.4.jar//me.neznamy.tab.shared.placeholders.PlayerPlaceholderImpl.update(PlayerPlaceholderImpl.java:53)
11.03.2023 - 19:05:46 - 	at TAB.v3.2.4.jar//me.neznamy.tab.shared.features.PlaceholderManagerImpl.updatePlayerPlaceholder(PlaceholderManagerImpl.java:117)
11.03.2023 - 19:05:46 - 	at TAB.v3.2.4.jar//me.neznamy.tab.shared.features.PlaceholderManagerImpl.refresh(PlaceholderManagerImpl.java:68)
11.03.2023 - 19:05:46 - 	at TAB.v3.2.4.jar//me.neznamy.tab.shared.CpuManager.lambda$runMeasuredTask$8(CpuManager.java:354)
11.03.2023 - 19:05:46 - 	at TAB.v3.2.4.jar//me.neznamy.tab.shared.CpuManager.lambda$submit$1(CpuManager.java:111)
11.03.2023 - 19:05:46 - 	at java.base/java.util.concurrent.Executors$RunnableAdapter.call(Executors.java:539)
11.03.2023 - 19:05:46 - 	at java.base/java.util.concurrent.FutureTask.run(FutureTask.java:264)
11.03.2023 - 19:05:46 - 	at java.base/java.util.concurrent.ThreadPoolExecutor.runWorker(ThreadPoolExecutor.java:1136)
11.03.2023 - 19:05:46 - 	at java.base/java.util.concurrent.ThreadPoolExecutor$Worker.run(ThreadPoolExecutor.java:635)
11.03.2023 - 19:05:46 - 	at java.base/java.lang.Thread.run(Thread.java:833)
11.03.2023 - 19:05:46 - [TAB v3.2.4] Player placeholder %spbuild_getstagestring% generated an error when setting for player Dalynkaa
11.03.2023 - 19:05:46 - java.lang.IllegalStateException: zip file closed
11.03.2023 - 19:05:46 - 	at java.base/java.util.zip.ZipFile.ensureOpen(ZipFile.java:831)
11.03.2023 - 19:05:46 - 	at java.base/java.util.zip.ZipFile.getEntry(ZipFile.java:330)
11.03.2023 - 19:05:46 - 	at java.base/java.util.jar.JarFile.getEntry(JarFile.java:518)
11.03.2023 - 19:05:46 - 	at java.base/java.util.jar.JarFile.getJarEntry(JarFile.java:473)
11.03.2023 - 19:05:46 - 	at org.bukkit.plugin.java.PluginClassLoader.findClass(PluginClassLoader.java:189)
11.03.2023 - 19:05:46 - 	at java.base/java.lang.ClassLoader.loadClass(ClassLoader.java:587)
11.03.2023 - 19:05:46 - 	at org.bukkit.plugin.java.PluginClassLoader.loadClass0(PluginClassLoader.java:129)
11.03.2023 - 19:05:46 - 	at org.bukkit.plugin.java.PluginClassLoader.loadClass(PluginClassLoader.java:124)
11.03.2023 - 19:05:46 - 	at java.base/java.lang.ClassLoader.loadClass(ClassLoader.java:520)
11.03.2023 - 19:05:46 - 	at spworlds-1.0-SNAPSHOT.jar//com.spworlds.utils.PlaceholderApis.onRequest(PlaceholderApis.java:33)
11.03.2023 - 19:05:46 - 	at PlaceholderAPI-2.11.2.jar//me.clip.placeholderapi.replacer.CharsReplacer.apply(CharsReplacer.java:119)
11.03.2023 - 19:05:46 - 	at PlaceholderAPI-2.11.2.jar//me.clip.placeholderapi.PlaceholderAPI.setPlaceholders(PlaceholderAPI.java:71)
11.03.2023 - 19:05:46 - 	at PlaceholderAPI-2.11.2.jar//me.clip.placeholderapi.PlaceholderAPI.setPlaceholders(PlaceholderAPI.java:99)
11.03.2023 - 19:05:46 - 	at TAB.v3.2.4.jar//me.neznamy.tab.platforms.bukkit.BukkitPlatform.lambda$registerUnknownPlaceholder$2(BukkitPlatform.java:179)
11.03.2023 - 19:05:46 - 	at TAB.v3.2.4.jar//me.neznamy.tab.shared.placeholders.PlayerPlaceholderImpl.request(PlayerPlaceholderImpl.java:130)
11.03.2023 - 19:05:46 - 	at TAB.v3.2.4.jar//me.neznamy.tab.shared.placeholders.PlayerPlaceholderImpl.update(PlayerPlaceholderImpl.java:53)
11.03.2023 - 19:05:46 - 	at TAB.v3.2.4.jar//me.neznamy.tab.shared.features.PlaceholderManagerImpl.updatePlayerPlaceholder(PlaceholderManagerImpl.java:117)
11.03.2023 - 19:05:46 - 	at TAB.v3.2.4.jar//me.neznamy.tab.shared.features.PlaceholderManagerImpl.refresh(PlaceholderManagerImpl.java:68)
11.03.2023 - 19:05:46 - 	at TAB.v3.2.4.jar//me.neznamy.tab.shared.CpuManager.lambda$runMeasuredTask$8(CpuManager.java:354)
11.03.2023 - 19:05:46 - 	at TAB.v3.2.4.jar//me.neznamy.tab.shared.CpuManager.lambda$submit$1(CpuManager.java:111)
11.03.2023 - 19:05:46 - 	at java.base/java.util.concurrent.Executors$RunnableAdapter.call(Executors.java:539)
11.03.2023 - 19:05:46 - 	at java.base/java.util.concurrent.FutureTask.run(FutureTask.java:264)
11.03.2023 - 19:05:46 - 	at java.base/java.util.concurrent.ThreadPoolExecutor.runWorker(ThreadPoolExecutor.java:1136)
11.03.2023 - 19:05:46 - 	at java.base/java.util.concurrent.ThreadPoolExecutor$Worker.run(ThreadPoolExecutor.java:635)
11.03.2023 - 19:05:46 - 	at java.base/java.lang.Thread.run(Thread.java:833)
11.03.2023 - 19:05:47 - [TAB v3.2.4] Player placeholder %spbuild_getstagestring% generated an error when setting for player Dalynkaa
11.03.2023 - 19:05:47 - java.lang.IllegalStateException: zip file closed
11.03.2023 - 19:05:47 - 	at java.base/java.util.zip.ZipFile.ensureOpen(ZipFile.java:831)
11.03.2023 - 19:05:47 - 	at java.base/java.util.zip.ZipFile.getEntry(ZipFile.java:330)
11.03.2023 - 19:05:47 - 	at java.base/java.util.jar.JarFile.getEntry(JarFile.java:518)
11.03.2023 - 19:05:47 - 	at java.base/java.util.jar.JarFile.getJarEntry(JarFile.java:473)
11.03.2023 - 19:05:47 - 	at org.bukkit.plugin.java.PluginClassLoader.findClass(PluginClassLoader.java:189)
11.03.2023 - 19:05:47 - 	at java.base/java.lang.ClassLoader.loadClass(ClassLoader.java:587)
11.03.2023 - 19:05:47 - 	at org.bukkit.plugin.java.PluginClassLoader.loadClass0(PluginClassLoader.java:129)
11.03.2023 - 19:05:47 - 	at org.bukkit.plugin.java.PluginClassLoader.loadClass(PluginClassLoader.java:124)
11.03.2023 - 19:05:47 - 	at java.base/java.lang.ClassLoader.loadClass(ClassLoader.java:520)
11.03.2023 - 19:05:47 - 	at spworlds-1.0-SNAPSHOT.jar//com.spworlds.utils.PlaceholderApis.onRequest(PlaceholderApis.java:33)
11.03.2023 - 19:05:47 - 	at PlaceholderAPI-2.11.2.jar//me.clip.placeholderapi.replacer.CharsReplacer.apply(CharsReplacer.java:119)
11.03.2023 - 19:05:47 - 	at PlaceholderAPI-2.11.2.jar//me.clip.placeholderapi.PlaceholderAPI.setPlaceholders(PlaceholderAPI.java:71)
11.03.2023 - 19:05:47 - 	at PlaceholderAPI-2.11.2.jar//me.clip.placeholderapi.PlaceholderAPI.setPlaceholders(PlaceholderAPI.java:99)
11.03.2023 - 19:05:47 - 	at TAB.v3.2.4.jar//me.neznamy.tab.platforms.bukkit.BukkitPlatform.lambda$registerUnknownPlaceholder$2(BukkitPlatform.java:179)
11.03.2023 - 19:05:47 - 	at TAB.v3.2.4.jar//me.neznamy.tab.shared.placeholders.PlayerPlaceholderImpl.request(PlayerPlaceholderImpl.java:130)
11.03.2023 - 19:05:47 - 	at TAB.v3.2.4.jar//me.neznamy.tab.shared.placeholders.PlayerPlaceholderImpl.update(PlayerPlaceholderImpl.java:53)
11.03.2023 - 19:05:47 - 	at TAB.v3.2.4.jar//me.neznamy.tab.shared.features.PlaceholderManagerImpl.updatePlayerPlaceholder(PlaceholderManagerImpl.java:117)
11.03.2023 - 19:05:47 - 	at TAB.v3.2.4.jar//me.neznamy.tab.shared.features.PlaceholderManagerImpl.refresh(PlaceholderManagerImpl.java:68)
11.03.2023 - 19:05:47 - 	at TAB.v3.2.4.jar//me.neznamy.tab.shared.CpuManager.lambda$runMeasuredTask$8(CpuManager.java:354)
11.03.2023 - 19:05:47 - 	at TAB.v3.2.4.jar//me.neznamy.tab.shared.CpuManager.lambda$submit$1(CpuManager.java:111)
11.03.2023 - 19:05:47 - 	at java.base/java.util.concurrent.Executors$RunnableAdapter.call(Executors.java:539)
11.03.2023 - 19:05:47 - 	at java.base/java.util.concurrent.FutureTask.run(FutureTask.java:264)
11.03.2023 - 19:05:47 - 	at java.base/java.util.concurrent.ThreadPoolExecutor.runWorker(ThreadPoolExecutor.java:1136)
11.03.2023 - 19:05:47 - 	at java.base/java.util.concurrent.ThreadPoolExecutor$Worker.run(ThreadPoolExecutor.java:635)
11.03.2023 - 19:05:47 - 	at java.base/java.lang.Thread.run(Thread.java:833)
11.03.2023 - 19:05:47 - [TAB v3.2.4] Player placeholder %spbuild_getstagestring% generated an error when setting for player Dalynkaa
11.03.2023 - 19:05:47 - java.lang.IllegalStateException: zip file closed
11.03.2023 - 19:05:47 - 	at java.base/java.util.zip.ZipFile.ensureOpen(ZipFile.java:831)
11.03.2023 - 19:05:47 - 	at java.base/java.util.zip.ZipFile.getEntry(ZipFile.java:330)
11.03.2023 - 19:05:47 - 	at java.base/java.util.jar.JarFile.getEntry(JarFile.java:518)
11.03.2023 - 19:05:47 - 	at java.base/java.util.jar.JarFile.getJarEntry(JarFile.java:473)
11.03.2023 - 19:05:47 - 	at org.bukkit.plugin.java.PluginClassLoader.findClass(PluginClassLoader.java:189)
11.03.2023 - 19:05:47 - 	at java.base/java.lang.ClassLoader.loadClass(ClassLoader.java:587)
11.03.2023 - 19:05:47 - 	at org.bukkit.plugin.java.PluginClassLoader.loadClass0(PluginClassLoader.java:129)
11.03.2023 - 19:05:47 - 	at org.bukkit.plugin.java.PluginClassLoader.loadClass(PluginClassLoader.java:124)
11.03.2023 - 19:05:47 - 	at java.base/java.lang.ClassLoader.loadClass(ClassLoader.java:520)
11.03.2023 - 19:05:47 - 	at spworlds-1.0-SNAPSHOT.jar//com.spworlds.utils.PlaceholderApis.onRequest(PlaceholderApis.java:33)
11.03.2023 - 19:05:47 - 	at PlaceholderAPI-2.11.2.jar//me.clip.placeholderapi.replacer.CharsReplacer.apply(CharsReplacer.java:119)
11.03.2023 - 19:05:47 - 	at PlaceholderAPI-2.11.2.jar//me.clip.placeholderapi.PlaceholderAPI.setPlaceholders(PlaceholderAPI.java:71)
11.03.2023 - 19:05:47 - 	at PlaceholderAPI-2.11.2.jar//me.clip.placeholderapi.PlaceholderAPI.setPlaceholders(PlaceholderAPI.java:99)
11.03.2023 - 19:05:47 - 	at TAB.v3.2.4.jar//me.neznamy.tab.platforms.bukkit.BukkitPlatform.lambda$registerUnknownPlaceholder$2(BukkitPlatform.java:179)
11.03.2023 - 19:05:47 - 	at TAB.v3.2.4.jar//me.neznamy.tab.shared.placeholders.PlayerPlaceholderImpl.request(PlayerPlaceholderImpl.java:130)
11.03.2023 - 19:05:47 - 	at TAB.v3.2.4.jar//me.neznamy.tab.shared.placeholders.PlayerPlaceholderImpl.update(PlayerPlaceholderImpl.java:53)
11.03.2023 - 19:05:47 - 	at TAB.v3.2.4.jar//me.neznamy.tab.shared.features.PlaceholderManagerImpl.updatePlayerPlaceholder(PlaceholderManagerImpl.java:117)
11.03.2023 - 19:05:47 - 	at TAB.v3.2.4.jar//me.neznamy.tab.shared.features.PlaceholderManagerImpl.refresh(PlaceholderManagerImpl.java:68)
11.03.2023 - 19:05:47 - 	at TAB.v3.2.4.jar//me.neznamy.tab.shared.CpuManager.lambda$runMeasuredTask$8(CpuManager.java:354)
11.03.2023 - 19:05:47 - 	at TAB.v3.2.4.jar//me.neznamy.tab.shared.CpuManager.lambda$submit$1(CpuManager.java:111)
11.03.2023 - 19:05:47 - 	at java.base/java.util.concurrent.Executors$RunnableAdapter.call(Executors.java:539)
11.03.2023 - 19:05:47 - 	at java.base/java.util.concurrent.FutureTask.run(FutureTask.java:264)
11.03.2023 - 19:05:47 - 	at java.base/java.util.concurrent.ThreadPoolExecutor.runWorker(ThreadPoolExecutor.java:1136)
11.03.2023 - 19:05:47 - 	at java.base/java.util.concurrent.ThreadPoolExecutor$Worker.run(ThreadPoolExecutor.java:635)
11.03.2023 - 19:05:47 - 	at java.base/java.lang.Thread.run(Thread.java:833)
11.03.2023 - 19:05:48 - [TAB v3.2.4] Player placeholder %spbuild_getstagestring% generated an error when setting for player Dalynkaa
11.03.2023 - 19:05:48 - java.lang.IllegalStateException: zip file closed
11.03.2023 - 19:05:48 - 	at java.base/java.util.zip.ZipFile.ensureOpen(ZipFile.java:831)
11.03.2023 - 19:05:48 - 	at java.base/java.util.zip.ZipFile.getEntry(ZipFile.java:330)
11.03.2023 - 19:05:48 - 	at java.base/java.util.jar.JarFile.getEntry(JarFile.java:518)
11.03.2023 - 19:05:48 - 	at java.base/java.util.jar.JarFile.getJarEntry(JarFile.java:473)
11.03.2023 - 19:05:48 - 	at org.bukkit.plugin.java.PluginClassLoader.findClass(PluginClassLoader.java:189)
11.03.2023 - 19:05:48 - 	at java.base/java.lang.ClassLoader.loadClass(ClassLoader.java:587)
11.03.2023 - 19:05:48 - 	at org.bukkit.plugin.java.PluginClassLoader.loadClass0(PluginClassLoader.java:129)
11.03.2023 - 19:05:48 - 	at org.bukkit.plugin.java.PluginClassLoader.loadClass(PluginClassLoader.java:124)
11.03.2023 - 19:05:48 - 	at java.base/java.lang.ClassLoader.loadClass(ClassLoader.java:520)
11.03.2023 - 19:05:48 - 	at spworlds-1.0-SNAPSHOT.jar//com.spworlds.utils.PlaceholderApis.onRequest(PlaceholderApis.java:33)
11.03.2023 - 19:05:48 - 	at PlaceholderAPI-2.11.2.jar//me.clip.placeholderapi.replacer.CharsReplacer.apply(CharsReplacer.java:119)
11.03.2023 - 19:05:48 - 	at PlaceholderAPI-2.11.2.jar//me.clip.placeholderapi.PlaceholderAPI.setPlaceholders(PlaceholderAPI.java:71)
11.03.2023 - 19:05:48 - 	at PlaceholderAPI-2.11.2.jar//me.clip.placeholderapi.PlaceholderAPI.setPlaceholders(PlaceholderAPI.java:99)
11.03.2023 - 19:05:48 - 	at TAB.v3.2.4.jar//me.neznamy.tab.platforms.bukkit.BukkitPlatform.lambda$registerUnknownPlaceholder$2(BukkitPlatform.java:179)
11.03.2023 - 19:05:48 - 	at TAB.v3.2.4.jar//me.neznamy.tab.shared.placeholders.PlayerPlaceholderImpl.request(PlayerPlaceholderImpl.java:130)
11.03.2023 - 19:05:48 - 	at TAB.v3.2.4.jar//me.neznamy.tab.shared.placeholders.PlayerPlaceholderImpl.update(PlayerPlaceholderImpl.java:53)
11.03.2023 - 19:05:48 - 	at TAB.v3.2.4.jar//me.neznamy.tab.shared.features.PlaceholderManagerImpl.updatePlayerPlaceholder(PlaceholderManagerImpl.java:117)
11.03.2023 - 19:05:48 - 	at TAB.v3.2.4.jar//me.neznamy.tab.shared.features.PlaceholderManagerImpl.refresh(PlaceholderManagerImpl.java:68)
11.03.2023 - 19:05:48 - 	at TAB.v3.2.4.jar//me.neznamy.tab.shared.CpuManager.lambda$runMeasuredTask$8(CpuManager.java:354)
11.03.2023 - 19:05:48 - 	at TAB.v3.2.4.jar//me.neznamy.tab.shared.CpuManager.lambda$submit$1(CpuManager.java:111)
11.03.2023 - 19:05:48 - 	at java.base/java.util.concurrent.Executors$RunnableAdapter.call(Executors.java:539)
11.03.2023 - 19:05:48 - 	at java.base/java.util.concurrent.FutureTask.run(FutureTask.java:264)
11.03.2023 - 19:05:48 - 	at java.base/java.util.concurrent.ThreadPoolExecutor.runWorker(ThreadPoolExecutor.java:1136)
11.03.2023 - 19:05:48 - 	at java.base/java.util.concurrent.ThreadPoolExecutor$Worker.run(ThreadPoolExecutor.java:635)
11.03.2023 - 19:05:48 - 	at java.base/java.lang.Thread.run(Thread.java:833)
11.03.2023 - 19:05:48 - [TAB v3.2.4] Player placeholder %spbuild_getstagestring% generated an error when setting for player Dalynkaa
11.03.2023 - 19:05:48 - java.lang.IllegalStateException: zip file closed
11.03.2023 - 19:05:48 - 	at java.base/java.util.zip.ZipFile.ensureOpen(ZipFile.java:831)
11.03.2023 - 19:05:48 - 	at java.base/java.util.zip.ZipFile.getEntry(ZipFile.java:330)
11.03.2023 - 19:05:48 - 	at java.base/java.util.jar.JarFile.getEntry(JarFile.java:518)
11.03.2023 - 19:05:48 - 	at java.base/java.util.jar.JarFile.getJarEntry(JarFile.java:473)
11.03.2023 - 19:05:48 - 	at org.bukkit.plugin.java.PluginClassLoader.findClass(PluginClassLoader.java:189)
11.03.2023 - 19:05:48 - 	at java.base/java.lang.ClassLoader.loadClass(ClassLoader.java:587)
11.03.2023 - 19:05:48 - 	at org.bukkit.plugin.java.PluginClassLoader.loadClass0(PluginClassLoader.java:129)
11.03.2023 - 19:05:48 - 	at org.bukkit.plugin.java.PluginClassLoader.loadClass(PluginClassLoader.java:124)
11.03.2023 - 19:05:48 - 	at java.base/java.lang.ClassLoader.loadClass(ClassLoader.java:520)
11.03.2023 - 19:05:48 - 	at spworlds-1.0-SNAPSHOT.jar//com.spworlds.utils.PlaceholderApis.onRequest(PlaceholderApis.java:33)
11.03.2023 - 19:05:48 - 	at PlaceholderAPI-2.11.2.jar//me.clip.placeholderapi.replacer.CharsReplacer.apply(CharsReplacer.java:119)
11.03.2023 - 19:05:48 - 	at PlaceholderAPI-2.11.2.jar//me.clip.placeholderapi.PlaceholderAPI.setPlaceholders(PlaceholderAPI.java:71)
11.03.2023 - 19:05:48 - 	at PlaceholderAPI-2.11.2.jar//me.clip.placeholderapi.PlaceholderAPI.setPlaceholders(PlaceholderAPI.java:99)
11.03.2023 - 19:05:48 - 	at TAB.v3.2.4.jar//me.neznamy.tab.platforms.bukkit.BukkitPlatform.lambda$registerUnknownPlaceholder$2(BukkitPlatform.java:179)
11.03.2023 - 19:05:48 - 	at TAB.v3.2.4.jar//me.neznamy.tab.shared.placeholders.PlayerPlaceholderImpl.request(PlayerPlaceholderImpl.java:130)
11.03.2023 - 19:05:48 - 	at TAB.v3.2.4.jar//me.neznamy.tab.shared.placeholders.PlayerPlaceholderImpl.update(PlayerPlaceholderImpl.java:53)
11.03.2023 - 19:05:48 - 	at TAB.v3.2.4.jar//me.neznamy.tab.shared.features.PlaceholderManagerImpl.updatePlayerPlaceholder(PlaceholderManagerImpl.java:117)
11.03.2023 - 19:05:48 - 	at TAB.v3.2.4.jar//me.neznamy.tab.shared.features.PlaceholderManagerImpl.refresh(PlaceholderManagerImpl.java:68)
11.03.2023 - 19:05:48 - 	at TAB.v3.2.4.jar//me.neznamy.tab.shared.CpuManager.lambda$runMeasuredTask$8(CpuManager.java:354)
11.03.2023 - 19:05:48 - 	at TAB.v3.2.4.jar//me.neznamy.tab.shared.CpuManager.lambda$submit$1(CpuManager.java:111)
11.03.2023 - 19:05:48 - 	at java.base/java.util.concurrent.Executors$RunnableAdapter.call(Executors.java:539)
11.03.2023 - 19:05:48 - 	at java.base/java.util.concurrent.FutureTask.run(FutureTask.java:264)
11.03.2023 - 19:05:48 - 	at java.base/java.util.concurrent.ThreadPoolExecutor.runWorker(ThreadPoolExecutor.java:1136)
11.03.2023 - 19:05:48 - 	at java.base/java.util.concurrent.ThreadPoolExecutor$Worker.run(ThreadPoolExecutor.java:635)
11.03.2023 - 19:05:48 - 	at java.base/java.lang.Thread.run(Thread.java:833)
11.03.2023 - 19:05:49 - [TAB v3.2.4] Player placeholder %spbuild_getstagestring% generated an error when setting for player Dalynkaa
11.03.2023 - 19:05:49 - java.lang.IllegalStateException: zip file closed
11.03.2023 - 19:05:49 - 	at java.base/java.util.zip.ZipFile.ensureOpen(ZipFile.java:831)
11.03.2023 - 19:05:49 - 	at java.base/java.util.zip.ZipFile.getEntry(ZipFile.java:330)
11.03.2023 - 19:05:49 - 	at java.base/java.util.jar.JarFile.getEntry(JarFile.java:518)
11.03.2023 - 19:05:49 - 	at java.base/java.util.jar.JarFile.getJarEntry(JarFile.java:473)
11.03.2023 - 19:05:49 - 	at org.bukkit.plugin.java.PluginClassLoader.findClass(PluginClassLoader.java:189)
11.03.2023 - 19:05:49 - 	at java.base/java.lang.ClassLoader.loadClass(ClassLoader.java:587)
11.03.2023 - 19:05:49 - 	at org.bukkit.plugin.java.PluginClassLoader.loadClass0(PluginClassLoader.java:129)
11.03.2023 - 19:05:49 - 	at org.bukkit.plugin.java.PluginClassLoader.loadClass(PluginClassLoader.java:124)
11.03.2023 - 19:05:49 - 	at java.base/java.lang.ClassLoader.loadClass(ClassLoader.java:520)
11.03.2023 - 19:05:49 - 	at spworlds-1.0-SNAPSHOT.jar//com.spworlds.utils.PlaceholderApis.onRequest(PlaceholderApis.java:33)
11.03.2023 - 19:05:49 - 	at PlaceholderAPI-2.11.2.jar//me.clip.placeholderapi.replacer.CharsReplacer.apply(CharsReplacer.java:119)
11.03.2023 - 19:05:49 - 	at PlaceholderAPI-2.11.2.jar//me.clip.placeholderapi.PlaceholderAPI.setPlaceholders(PlaceholderAPI.java:71)
11.03.2023 - 19:05:49 - 	at PlaceholderAPI-2.11.2.jar//me.clip.placeholderapi.PlaceholderAPI.setPlaceholders(PlaceholderAPI.java:99)
11.03.2023 - 19:05:49 - 	at TAB.v3.2.4.jar//me.neznamy.tab.platforms.bukkit.BukkitPlatform.lambda$registerUnknownPlaceholder$2(BukkitPlatform.java:179)
11.03.2023 - 19:05:49 - 	at TAB.v3.2.4.jar//me.neznamy.tab.shared.placeholders.PlayerPlaceholderImpl.request(PlayerPlaceholderImpl.java:130)
11.03.2023 - 19:05:49 - 	at TAB.v3.2.4.jar//me.neznamy.tab.shared.placeholders.PlayerPlaceholderImpl.update(PlayerPlaceholderImpl.java:53)
11.03.2023 - 19:05:49 - 	at TAB.v3.2.4.jar//me.neznamy.tab.shared.features.PlaceholderManagerImpl.updatePlayerPlaceholder(PlaceholderManagerImpl.java:117)
11.03.2023 - 19:05:49 - 	at TAB.v3.2.4.jar//me.neznamy.tab.shared.features.PlaceholderManagerImpl.refresh(PlaceholderManagerImpl.java:68)
11.03.2023 - 19:05:49 - 	at TAB.v3.2.4.jar//me.neznamy.tab.shared.CpuManager.lambda$runMeasuredTask$8(CpuManager.java:354)
11.03.2023 - 19:05:49 - 	at TAB.v3.2.4.jar//me.neznamy.tab.shared.CpuManager.lambda$submit$1(CpuManager.java:111)
11.03.2023 - 19:05:49 - 	at java.base/java.util.concurrent.Executors$RunnableAdapter.call(Executors.java:539)
11.03.2023 - 19:05:49 - 	at java.base/java.util.concurrent.FutureTask.run(FutureTask.java:264)
11.03.2023 - 19:05:49 - 	at java.base/java.util.concurrent.ThreadPoolExecutor.runWorker(ThreadPoolExecutor.java:1136)
11.03.2023 - 19:05:49 - 	at java.base/java.util.concurrent.ThreadPoolExecutor$Worker.run(ThreadPoolExecutor.java:635)
11.03.2023 - 19:05:49 - 	at java.base/java.lang.Thread.run(Thread.java:833)
11.03.2023 - 19:05:49 - [TAB v3.2.4] Player placeholder %spbuild_getstagestring% generated an error when setting for player Dalynkaa
11.03.2023 - 19:05:49 - java.lang.IllegalStateException: zip file closed
11.03.2023 - 19:05:49 - 	at java.base/java.util.zip.ZipFile.ensureOpen(ZipFile.java:831)
11.03.2023 - 19:05:49 - 	at java.base/java.util.zip.ZipFile.getEntry(ZipFile.java:330)
11.03.2023 - 19:05:49 - 	at java.base/java.util.jar.JarFile.getEntry(JarFile.java:518)
11.03.2023 - 19:05:49 - 	at java.base/java.util.jar.JarFile.getJarEntry(JarFile.java:473)
11.03.2023 - 19:05:49 - 	at org.bukkit.plugin.java.PluginClassLoader.findClass(PluginClassLoader.java:189)
11.03.2023 - 19:05:49 - 	at java.base/java.lang.ClassLoader.loadClass(ClassLoader.java:587)
11.03.2023 - 19:05:49 - 	at org.bukkit.plugin.java.PluginClassLoader.loadClass0(PluginClassLoader.java:129)
11.03.2023 - 19:05:49 - 	at org.bukkit.plugin.java.PluginClassLoader.loadClass(PluginClassLoader.java:124)
11.03.2023 - 19:05:49 - 	at java.base/java.lang.ClassLoader.loadClass(ClassLoader.java:520)
11.03.2023 - 19:05:49 - 	at spworlds-1.0-SNAPSHOT.jar//com.spworlds.utils.PlaceholderApis.onRequest(PlaceholderApis.java:33)
11.03.2023 - 19:05:49 - 	at PlaceholderAPI-2.11.2.jar//me.clip.placeholderapi.replacer.CharsReplacer.apply(CharsReplacer.java:119)
11.03.2023 - 19:05:49 - 	at PlaceholderAPI-2.11.2.jar//me.clip.placeholderapi.PlaceholderAPI.setPlaceholders(PlaceholderAPI.java:71)
11.03.2023 - 19:05:49 - 	at PlaceholderAPI-2.11.2.jar//me.clip.placeholderapi.PlaceholderAPI.setPlaceholders(PlaceholderAPI.java:99)
11.03.2023 - 19:05:49 - 	at TAB.v3.2.4.jar//me.neznamy.tab.platforms.bukkit.BukkitPlatform.lambda$registerUnknownPlaceholder$2(BukkitPlatform.java:179)
11.03.2023 - 19:05:49 - 	at TAB.v3.2.4.jar//me.neznamy.tab.shared.placeholders.PlayerPlaceholderImpl.request(PlayerPlaceholderImpl.java:130)
11.03.2023 - 19:05:49 - 	at TAB.v3.2.4.jar//me.neznamy.tab.shared.placeholders.PlayerPlaceholderImpl.update(PlayerPlaceholderImpl.java:53)
11.03.2023 - 19:05:49 - 	at TAB.v3.2.4.jar//me.neznamy.tab.shared.features.PlaceholderManagerImpl.updatePlayerPlaceholder(PlaceholderManagerImpl.java:117)
11.03.2023 - 19:05:49 - 	at TAB.v3.2.4.jar//me.neznamy.tab.shared.features.PlaceholderManagerImpl.refresh(PlaceholderManagerImpl.java:68)
11.03.2023 - 19:05:49 - 	at TAB.v3.2.4.jar//me.neznamy.tab.shared.CpuManager.lambda$runMeasuredTask$8(CpuManager.java:354)
11.03.2023 - 19:05:49 - 	at TAB.v3.2.4.jar//me.neznamy.tab.shared.CpuManager.lambda$submit$1(CpuManager.java:111)
11.03.2023 - 19:05:49 - 	at java.base/java.util.concurrent.Executors$RunnableAdapter.call(Executors.java:539)
11.03.2023 - 19:05:49 - 	at java.base/java.util.concurrent.FutureTask.run(FutureTask.java:264)
11.03.2023 - 19:05:49 - 	at java.base/java.util.concurrent.ThreadPoolExecutor.runWorker(ThreadPoolExecutor.java:1136)
11.03.2023 - 19:05:49 - 	at java.base/java.util.concurrent.ThreadPoolExecutor$Worker.run(ThreadPoolExecutor.java:635)
11.03.2023 - 19:05:49 - 	at java.base/java.lang.Thread.run(Thread.java:833)
11.03.2023 - 19:05:50 - [TAB v3.2.4] Player placeholder %spbuild_getstagestring% generated an error when setting for player Dalynkaa
11.03.2023 - 19:05:50 - java.lang.IllegalStateException: zip file closed
11.03.2023 - 19:05:50 - 	at java.base/java.util.zip.ZipFile.ensureOpen(ZipFile.java:831)
11.03.2023 - 19:05:50 - 	at java.base/java.util.zip.ZipFile.getEntry(ZipFile.java:330)
11.03.2023 - 19:05:50 - 	at java.base/java.util.jar.JarFile.getEntry(JarFile.java:518)
11.03.2023 - 19:05:50 - 	at java.base/java.util.jar.JarFile.getJarEntry(JarFile.java:473)
11.03.2023 - 19:05:50 - 	at org.bukkit.plugin.java.PluginClassLoader.findClass(PluginClassLoader.java:189)
11.03.2023 - 19:05:50 - 	at java.base/java.lang.ClassLoader.loadClass(ClassLoader.java:587)
11.03.2023 - 19:05:50 - 	at org.bukkit.plugin.java.PluginClassLoader.loadClass0(PluginClassLoader.java:129)
11.03.2023 - 19:05:50 - 	at org.bukkit.plugin.java.PluginClassLoader.loadClass(PluginClassLoader.java:124)
11.03.2023 - 19:05:50 - 	at java.base/java.lang.ClassLoader.loadClass(ClassLoader.java:520)
11.03.2023 - 19:05:50 - 	at spworlds-1.0-SNAPSHOT.jar//com.spworlds.utils.PlaceholderApis.onRequest(PlaceholderApis.java:33)
11.03.2023 - 19:05:50 - 	at PlaceholderAPI-2.11.2.jar//me.clip.placeholderapi.replacer.CharsReplacer.apply(CharsReplacer.java:119)
11.03.2023 - 19:05:50 - 	at PlaceholderAPI-2.11.2.jar//me.clip.placeholderapi.PlaceholderAPI.setPlaceholders(PlaceholderAPI.java:71)
11.03.2023 - 19:05:50 - 	at PlaceholderAPI-2.11.2.jar//me.clip.placeholderapi.PlaceholderAPI.setPlaceholders(PlaceholderAPI.java:99)
11.03.2023 - 19:05:50 - 	at TAB.v3.2.4.jar//me.neznamy.tab.platforms.bukkit.BukkitPlatform.lambda$registerUnknownPlaceholder$2(BukkitPlatform.java:179)
11.03.2023 - 19:05:50 - 	at TAB.v3.2.4.jar//me.neznamy.tab.shared.placeholders.PlayerPlaceholderImpl.request(PlayerPlaceholderImpl.java:130)
11.03.2023 - 19:05:50 - 	at TAB.v3.2.4.jar//me.neznamy.tab.shared.placeholders.PlayerPlaceholderImpl.update(PlayerPlaceholderImpl.java:53)
11.03.2023 - 19:05:50 - 	at TAB.v3.2.4.jar//me.neznamy.tab.shared.features.PlaceholderManagerImpl.updatePlayerPlaceholder(PlaceholderManagerImpl.java:117)
11.03.2023 - 19:05:50 - 	at TAB.v3.2.4.jar//me.neznamy.tab.shared.features.PlaceholderManagerImpl.refresh(PlaceholderManagerImpl.java:68)
11.03.2023 - 19:05:50 - 	at TAB.v3.2.4.jar//me.neznamy.tab.shared.CpuManager.lambda$runMeasuredTask$8(CpuManager.java:354)
11.03.2023 - 19:05:50 - 	at TAB.v3.2.4.jar//me.neznamy.tab.shared.CpuManager.lambda$submit$1(CpuManager.java:111)
11.03.2023 - 19:05:50 - 	at java.base/java.util.concurrent.Executors$RunnableAdapter.call(Executors.java:539)
11.03.2023 - 19:05:50 - 	at java.base/java.util.concurrent.FutureTask.run(FutureTask.java:264)
11.03.2023 - 19:05:50 - 	at java.base/java.util.concurrent.ThreadPoolExecutor.runWorker(ThreadPoolExecutor.java:1136)
11.03.2023 - 19:05:50 - 	at java.base/java.util.concurrent.ThreadPoolExecutor$Worker.run(ThreadPoolExecutor.java:635)
11.03.2023 - 19:05:50 - 	at java.base/java.lang.Thread.run(Thread.java:833)
11.03.2023 - 19:05:50 - [TAB v3.2.4] Player placeholder %spbuild_getstagestring% generated an error when setting for player Dalynkaa
11.03.2023 - 19:05:50 - java.lang.IllegalStateException: zip file closed
11.03.2023 - 19:05:50 - 	at java.base/java.util.zip.ZipFile.ensureOpen(ZipFile.java:831)
11.03.2023 - 19:05:50 - 	at java.base/java.util.zip.ZipFile.getEntry(ZipFile.java:330)
11.03.2023 - 19:05:50 - 	at java.base/java.util.jar.JarFile.getEntry(JarFile.java:518)
11.03.2023 - 19:05:50 - 	at java.base/java.util.jar.JarFile.getJarEntry(JarFile.java:473)
11.03.2023 - 19:05:50 - 	at org.bukkit.plugin.java.PluginClassLoader.findClass(PluginClassLoader.java:189)
11.03.2023 - 19:05:50 - 	at java.base/java.lang.ClassLoader.loadClass(ClassLoader.java:587)
11.03.2023 - 19:05:50 - 	at org.bukkit.plugin.java.PluginClassLoader.loadClass0(PluginClassLoader.java:129)
11.03.2023 - 19:05:50 - 	at org.bukkit.plugin.java.PluginClassLoader.loadClass(PluginClassLoader.java:124)
11.03.2023 - 19:05:50 - 	at java.base/java.lang.ClassLoader.loadClass(ClassLoader.java:520)
11.03.2023 - 19:05:50 - 	at spworlds-1.0-SNAPSHOT.jar//com.spworlds.utils.PlaceholderApis.onRequest(PlaceholderApis.java:33)
11.03.2023 - 19:05:50 - 	at PlaceholderAPI-2.11.2.jar//me.clip.placeholderapi.replacer.CharsReplacer.apply(CharsReplacer.java:119)
11.03.2023 - 19:05:50 - 	at PlaceholderAPI-2.11.2.jar//me.clip.placeholderapi.PlaceholderAPI.setPlaceholders(PlaceholderAPI.java:71)
11.03.2023 - 19:05:50 - 	at PlaceholderAPI-2.11.2.jar//me.clip.placeholderapi.PlaceholderAPI.setPlaceholders(PlaceholderAPI.java:99)
11.03.2023 - 19:05:50 - 	at TAB.v3.2.4.jar//me.neznamy.tab.platforms.bukkit.BukkitPlatform.lambda$registerUnknownPlaceholder$2(BukkitPlatform.java:179)
11.03.2023 - 19:05:50 - 	at TAB.v3.2.4.jar//me.neznamy.tab.shared.placeholders.PlayerPlaceholderImpl.request(PlayerPlaceholderImpl.java:130)
11.03.2023 - 19:05:50 - 	at TAB.v3.2.4.jar//me.neznamy.tab.shared.placeholders.PlayerPlaceholderImpl.update(PlayerPlaceholderImpl.java:53)
11.03.2023 - 19:05:50 - 	at TAB.v3.2.4.jar//me.neznamy.tab.shared.features.PlaceholderManagerImpl.updatePlayerPlaceholder(PlaceholderManagerImpl.java:117)
11.03.2023 - 19:05:50 - 	at TAB.v3.2.4.jar//me.neznamy.tab.shared.features.PlaceholderManagerImpl.refresh(PlaceholderManagerImpl.java:68)
11.03.2023 - 19:05:50 - 	at TAB.v3.2.4.jar//me.neznamy.tab.shared.CpuManager.lambda$runMeasuredTask$8(CpuManager.java:354)
11.03.2023 - 19:05:50 - 	at TAB.v3.2.4.jar//me.neznamy.tab.shared.CpuManager.lambda$submit$1(CpuManager.java:111)
11.03.2023 - 19:05:50 - 	at java.base/java.util.concurrent.Executors$RunnableAdapter.call(Executors.java:539)
11.03.2023 - 19:05:50 - 	at java.base/java.util.concurrent.FutureTask.run(FutureTask.java:264)
11.03.2023 - 19:05:50 - 	at java.base/java.util.concurrent.ThreadPoolExecutor.runWorker(ThreadPoolExecutor.java:1136)
11.03.2023 - 19:05:50 - 	at java.base/java.util.concurrent.ThreadPoolExecutor$Worker.run(ThreadPoolExecutor.java:635)
11.03.2023 - 19:05:50 - 	at java.base/java.lang.Thread.run(Thread.java:833)
11.03.2023 - 19:05:51 - [TAB v3.2.4] Player placeholder %spbuild_getstagestring% generated an error when setting for player Dalynkaa
11.03.2023 - 19:05:51 - java.lang.IllegalStateException: zip file closed
11.03.2023 - 19:05:51 - 	at java.base/java.util.zip.ZipFile.ensureOpen(ZipFile.java:831)
11.03.2023 - 19:05:51 - 	at java.base/java.util.zip.ZipFile.getEntry(ZipFile.java:330)
11.03.2023 - 19:05:51 - 	at java.base/java.util.jar.JarFile.getEntry(JarFile.java:518)
11.03.2023 - 19:05:51 - 	at java.base/java.util.jar.JarFile.getJarEntry(JarFile.java:473)
11.03.2023 - 19:05:51 - 	at org.bukkit.plugin.java.PluginClassLoader.findClass(PluginClassLoader.java:189)
11.03.2023 - 19:05:51 - 	at java.base/java.lang.ClassLoader.loadClass(ClassLoader.java:587)
11.03.2023 - 19:05:51 - 	at org.bukkit.plugin.java.PluginClassLoader.loadClass0(PluginClassLoader.java:129)
11.03.2023 - 19:05:51 - 	at org.bukkit.plugin.java.PluginClassLoader.loadClass(PluginClassLoader.java:124)
11.03.2023 - 19:05:51 - 	at java.base/java.lang.ClassLoader.loadClass(ClassLoader.java:520)
11.03.2023 - 19:05:51 - 	at spworlds-1.0-SNAPSHOT.jar//com.spworlds.utils.PlaceholderApis.onRequest(PlaceholderApis.java:33)
11.03.2023 - 19:05:51 - 	at PlaceholderAPI-2.11.2.jar//me.clip.placeholderapi.replacer.CharsReplacer.apply(CharsReplacer.java:119)
11.03.2023 - 19:05:51 - 	at PlaceholderAPI-2.11.2.jar//me.clip.placeholderapi.PlaceholderAPI.setPlaceholders(PlaceholderAPI.java:71)
11.03.2023 - 19:05:51 - 	at PlaceholderAPI-2.11.2.jar//me.clip.placeholderapi.PlaceholderAPI.setPlaceholders(PlaceholderAPI.java:99)
11.03.2023 - 19:05:51 - 	at TAB.v3.2.4.jar//me.neznamy.tab.platforms.bukkit.BukkitPlatform.lambda$registerUnknownPlaceholder$2(BukkitPlatform.java:179)
11.03.2023 - 19:05:51 - 	at TAB.v3.2.4.jar//me.neznamy.tab.shared.placeholders.PlayerPlaceholderImpl.request(PlayerPlaceholderImpl.java:130)
11.03.2023 - 19:05:51 - 	at TAB.v3.2.4.jar//me.neznamy.tab.shared.placeholders.PlayerPlaceholderImpl.update(PlayerPlaceholderImpl.java:53)
11.03.2023 - 19:05:51 - 	at TAB.v3.2.4.jar//me.neznamy.tab.shared.features.PlaceholderManagerImpl.updatePlayerPlaceholder(PlaceholderManagerImpl.java:117)
11.03.2023 - 19:05:51 - 	at TAB.v3.2.4.jar//me.neznamy.tab.shared.features.PlaceholderManagerImpl.refresh(PlaceholderManagerImpl.java:68)
11.03.2023 - 19:05:51 - 	at TAB.v3.2.4.jar//me.neznamy.tab.shared.CpuManager.lambda$runMeasuredTask$8(CpuManager.java:354)
11.03.2023 - 19:05:51 - 	at TAB.v3.2.4.jar//me.neznamy.tab.shared.CpuManager.lambda$submit$1(CpuManager.java:111)
11.03.2023 - 19:05:51 - 	at java.base/java.util.concurrent.Executors$RunnableAdapter.call(Executors.java:539)
11.03.2023 - 19:05:51 - 	at java.base/java.util.concurrent.FutureTask.run(FutureTask.java:264)
11.03.2023 - 19:05:51 - 	at java.base/java.util.concurrent.ThreadPoolExecutor.runWorker(ThreadPoolExecutor.java:1136)
11.03.2023 - 19:05:51 - 	at java.base/java.util.concurrent.ThreadPoolExecutor$Worker.run(ThreadPoolExecutor.java:635)
11.03.2023 - 19:05:51 - 	at java.base/java.lang.Thread.run(Thread.java:833)
11.03.2023 - 19:05:51 - [TAB v3.2.4] Player placeholder %spbuild_getstagestring% generated an error when setting for player Dalynkaa
11.03.2023 - 19:05:51 - java.lang.IllegalStateException: zip file closed
11.03.2023 - 19:05:51 - 	at java.base/java.util.zip.ZipFile.ensureOpen(ZipFile.java:831)
11.03.2023 - 19:05:51 - 	at java.base/java.util.zip.ZipFile.getEntry(ZipFile.java:330)
11.03.2023 - 19:05:51 - 	at java.base/java.util.jar.JarFile.getEntry(JarFile.java:518)
11.03.2023 - 19:05:51 - 	at java.base/java.util.jar.JarFile.getJarEntry(JarFile.java:473)
11.03.2023 - 19:05:51 - 	at org.bukkit.plugin.java.PluginClassLoader.findClass(PluginClassLoader.java:189)
11.03.2023 - 19:05:51 - 	at java.base/java.lang.ClassLoader.loadClass(ClassLoader.java:587)
11.03.2023 - 19:05:51 - 	at org.bukkit.plugin.java.PluginClassLoader.loadClass0(PluginClassLoader.java:129)
11.03.2023 - 19:05:51 - 	at org.bukkit.plugin.java.PluginClassLoader.loadClass(PluginClassLoader.java:124)
11.03.2023 - 19:05:51 - 	at java.base/java.lang.ClassLoader.loadClass(ClassLoader.java:520)
11.03.2023 - 19:05:51 - 	at spworlds-1.0-SNAPSHOT.jar//com.spworlds.utils.PlaceholderApis.onRequest(PlaceholderApis.java:33)
11.03.2023 - 19:05:51 - 	at PlaceholderAPI-2.11.2.jar//me.clip.placeholderapi.replacer.CharsReplacer.apply(CharsReplacer.java:119)
11.03.2023 - 19:05:51 - 	at PlaceholderAPI-2.11.2.jar//me.clip.placeholderapi.PlaceholderAPI.setPlaceholders(PlaceholderAPI.java:71)
11.03.2023 - 19:05:51 - 	at PlaceholderAPI-2.11.2.jar//me.clip.placeholderapi.PlaceholderAPI.setPlaceholders(PlaceholderAPI.java:99)
11.03.2023 - 19:05:51 - 	at TAB.v3.2.4.jar//me.neznamy.tab.platforms.bukkit.BukkitPlatform.lambda$registerUnknownPlaceholder$2(BukkitPlatform.java:179)
11.03.2023 - 19:05:51 - 	at TAB.v3.2.4.jar//me.neznamy.tab.shared.placeholders.PlayerPlaceholderImpl.request(PlayerPlaceholderImpl.java:130)
11.03.2023 - 19:05:51 - 	at TAB.v3.2.4.jar//me.neznamy.tab.shared.placeholders.PlayerPlaceholderImpl.update(PlayerPlaceholderImpl.java:53)
11.03.2023 - 19:05:51 - 	at TAB.v3.2.4.jar//me.neznamy.tab.shared.features.PlaceholderManagerImpl.updatePlayerPlaceholder(PlaceholderManagerImpl.java:117)
11.03.2023 - 19:05:51 - 	at TAB.v3.2.4.jar//me.neznamy.tab.shared.features.PlaceholderManagerImpl.refresh(PlaceholderManagerImpl.java:68)
11.03.2023 - 19:05:51 - 	at TAB.v3.2.4.jar//me.neznamy.tab.shared.CpuManager.lambda$runMeasuredTask$8(CpuManager.java:354)
11.03.2023 - 19:05:51 - 	at TAB.v3.2.4.jar//me.neznamy.tab.shared.CpuManager.lambda$submit$1(CpuManager.java:111)
11.03.2023 - 19:05:51 - 	at java.base/java.util.concurrent.Executors$RunnableAdapter.call(Executors.java:539)
11.03.2023 - 19:05:51 - 	at java.base/java.util.concurrent.FutureTask.run(FutureTask.java:264)
11.03.2023 - 19:05:51 - 	at java.base/java.util.concurrent.ThreadPoolExecutor.runWorker(ThreadPoolExecutor.java:1136)
11.03.2023 - 19:05:51 - 	at java.base/java.util.concurrent.ThreadPoolExecutor$Worker.run(ThreadPoolExecutor.java:635)
11.03.2023 - 19:05:51 - 	at java.base/java.lang.Thread.run(Thread.java:833)
11.03.2023 - 19:05:52 - [TAB v3.2.4] Player placeholder %spbuild_getstagestring% generated an error when setting for player Dalynkaa
11.03.2023 - 19:05:52 - java.lang.IllegalStateException: zip file closed
11.03.2023 - 19:05:52 - 	at java.base/java.util.zip.ZipFile.ensureOpen(ZipFile.java:831)
11.03.2023 - 19:05:52 - 	at java.base/java.util.zip.ZipFile.getEntry(ZipFile.java:330)
11.03.2023 - 19:05:52 - 	at java.base/java.util.jar.JarFile.getEntry(JarFile.java:518)
11.03.2023 - 19:05:52 - 	at java.base/java.util.jar.JarFile.getJarEntry(JarFile.java:473)
11.03.2023 - 19:05:52 - 	at org.bukkit.plugin.java.PluginClassLoader.findClass(PluginClassLoader.java:189)
11.03.2023 - 19:05:52 - 	at java.base/java.lang.ClassLoader.loadClass(ClassLoader.java:587)
11.03.2023 - 19:05:52 - 	at org.bukkit.plugin.java.PluginClassLoader.loadClass0(PluginClassLoader.java:129)
11.03.2023 - 19:05:52 - 	at org.bukkit.plugin.java.PluginClassLoader.loadClass(PluginClassLoader.java:124)
11.03.2023 - 19:05:52 - 	at java.base/java.lang.ClassLoader.loadClass(ClassLoader.java:520)
11.03.2023 - 19:05:52 - 	at spworlds-1.0-SNAPSHOT.jar//com.spworlds.utils.PlaceholderApis.onRequest(PlaceholderApis.java:33)
11.03.2023 - 19:05:52 - 	at PlaceholderAPI-2.11.2.jar//me.clip.placeholderapi.replacer.CharsReplacer.apply(CharsReplacer.java:119)
11.03.2023 - 19:05:52 - 	at PlaceholderAPI-2.11.2.jar//me.clip.placeholderapi.PlaceholderAPI.setPlaceholders(PlaceholderAPI.java:71)
11.03.2023 - 19:05:52 - 	at PlaceholderAPI-2.11.2.jar//me.clip.placeholderapi.PlaceholderAPI.setPlaceholders(PlaceholderAPI.java:99)
11.03.2023 - 19:05:52 - 	at TAB.v3.2.4.jar//me.neznamy.tab.platforms.bukkit.BukkitPlatform.lambda$registerUnknownPlaceholder$2(BukkitPlatform.java:179)
11.03.2023 - 19:05:52 - 	at TAB.v3.2.4.jar//me.neznamy.tab.shared.placeholders.PlayerPlaceholderImpl.request(PlayerPlaceholderImpl.java:130)
11.03.2023 - 19:05:52 - 	at TAB.v3.2.4.jar//me.neznamy.tab.shared.placeholders.PlayerPlaceholderImpl.update(PlayerPlaceholderImpl.java:53)
11.03.2023 - 19:05:52 - 	at TAB.v3.2.4.jar//me.neznamy.tab.shared.features.PlaceholderManagerImpl.updatePlayerPlaceholder(PlaceholderManagerImpl.java:117)
11.03.2023 - 19:05:52 - 	at TAB.v3.2.4.jar//me.neznamy.tab.shared.features.PlaceholderManagerImpl.refresh(PlaceholderManagerImpl.java:68)
11.03.2023 - 19:05:52 - 	at TAB.v3.2.4.jar//me.neznamy.tab.shared.CpuManager.lambda$runMeasuredTask$8(CpuManager.java:354)
11.03.2023 - 19:05:52 - 	at TAB.v3.2.4.jar//me.neznamy.tab.shared.CpuManager.lambda$submit$1(CpuManager.java:111)
11.03.2023 - 19:05:52 - 	at java.base/java.util.concurrent.Executors$RunnableAdapter.call(Executors.java:539)
11.03.2023 - 19:05:52 - 	at java.base/java.util.concurrent.FutureTask.run(FutureTask.java:264)
11.03.2023 - 19:05:52 - 	at java.base/java.util.concurrent.ThreadPoolExecutor.runWorker(ThreadPoolExecutor.java:1136)
11.03.2023 - 19:05:52 - 	at java.base/java.util.concurrent.ThreadPoolExecutor$Worker.run(ThreadPoolExecutor.java:635)
11.03.2023 - 19:05:52 - 	at java.base/java.lang.Thread.run(Thread.java:833)
11.03.2023 - 19:05:52 - [TAB v3.2.4] Player placeholder %spbuild_getstagestring% generated an error when setting for player Dalynkaa
11.03.2023 - 19:05:52 - java.lang.IllegalStateException: zip file closed
11.03.2023 - 19:05:52 - 	at java.base/java.util.zip.ZipFile.ensureOpen(ZipFile.java:831)
11.03.2023 - 19:05:52 - 	at java.base/java.util.zip.ZipFile.getEntry(ZipFile.java:330)
11.03.2023 - 19:05:52 - 	at java.base/java.util.jar.JarFile.getEntry(JarFile.java:518)
11.03.2023 - 19:05:52 - 	at java.base/java.util.jar.JarFile.getJarEntry(JarFile.java:473)
11.03.2023 - 19:05:52 - 	at org.bukkit.plugin.java.PluginClassLoader.findClass(PluginClassLoader.java:189)
11.03.2023 - 19:05:52 - 	at java.base/java.lang.ClassLoader.loadClass(ClassLoader.java:587)
11.03.2023 - 19:05:52 - 	at org.bukkit.plugin.java.PluginClassLoader.loadClass0(PluginClassLoader.java:129)
11.03.2023 - 19:05:52 - 	at org.bukkit.plugin.java.PluginClassLoader.loadClass(PluginClassLoader.java:124)
11.03.2023 - 19:05:52 - 	at java.base/java.lang.ClassLoader.loadClass(ClassLoader.java:520)
11.03.2023 - 19:05:52 - 	at spworlds-1.0-SNAPSHOT.jar//com.spworlds.utils.PlaceholderApis.onRequest(PlaceholderApis.java:33)
11.03.2023 - 19:05:52 - 	at PlaceholderAPI-2.11.2.jar//me.clip.placeholderapi.replacer.CharsReplacer.apply(CharsReplacer.java:119)
11.03.2023 - 19:05:52 - 	at PlaceholderAPI-2.11.2.jar//me.clip.placeholderapi.PlaceholderAPI.setPlaceholders(PlaceholderAPI.java:71)
11.03.2023 - 19:05:52 - 	at PlaceholderAPI-2.11.2.jar//me.clip.placeholderapi.PlaceholderAPI.setPlaceholders(PlaceholderAPI.java:99)
11.03.2023 - 19:05:52 - 	at TAB.v3.2.4.jar//me.neznamy.tab.platforms.bukkit.BukkitPlatform.lambda$registerUnknownPlaceholder$2(BukkitPlatform.java:179)
11.03.2023 - 19:05:52 - 	at TAB.v3.2.4.jar//me.neznamy.tab.shared.placeholders.PlayerPlaceholderImpl.request(PlayerPlaceholderImpl.java:130)
11.03.2023 - 19:05:52 - 	at TAB.v3.2.4.jar//me.neznamy.tab.shared.placeholders.PlayerPlaceholderImpl.update(PlayerPlaceholderImpl.java:53)
11.03.2023 - 19:05:52 - 	at TAB.v3.2.4.jar//me.neznamy.tab.shared.features.PlaceholderManagerImpl.updatePlayerPlaceholder(PlaceholderManagerImpl.java:117)
11.03.2023 - 19:05:52 - 	at TAB.v3.2.4.jar//me.neznamy.tab.shared.features.PlaceholderManagerImpl.refresh(PlaceholderManagerImpl.java:68)
11.03.2023 - 19:05:52 - 	at TAB.v3.2.4.jar//me.neznamy.tab.shared.CpuManager.lambda$runMeasuredTask$8(CpuManager.java:354)
11.03.2023 - 19:05:52 - 	at TAB.v3.2.4.jar//me.neznamy.tab.shared.CpuManager.lambda$submit$1(CpuManager.java:111)
11.03.2023 - 19:05:52 - 	at java.base/java.util.concurrent.Executors$RunnableAdapter.call(Executors.java:539)
11.03.2023 - 19:05:52 - 	at java.base/java.util.concurrent.FutureTask.run(FutureTask.java:264)
11.03.2023 - 19:05:52 - 	at java.base/java.util.concurrent.ThreadPoolExecutor.runWorker(ThreadPoolExecutor.java:1136)
11.03.2023 - 19:05:52 - 	at java.base/java.util.concurrent.ThreadPoolExecutor$Worker.run(ThreadPoolExecutor.java:635)
11.03.2023 - 19:05:52 - 	at java.base/java.lang.Thread.run(Thread.java:833)
11.03.2023 - 19:05:53 - [TAB v3.2.4] Player placeholder %spbuild_getstagestring% generated an error when setting for player Dalynkaa
11.03.2023 - 19:05:53 - java.lang.IllegalStateException: zip file closed
11.03.2023 - 19:05:53 - 	at java.base/java.util.zip.ZipFile.ensureOpen(ZipFile.java:831)
11.03.2023 - 19:05:53 - 	at java.base/java.util.zip.ZipFile.getEntry(ZipFile.java:330)
11.03.2023 - 19:05:53 - 	at java.base/java.util.jar.JarFile.getEntry(JarFile.java:518)
11.03.2023 - 19:05:53 - 	at java.base/java.util.jar.JarFile.getJarEntry(JarFile.java:473)
11.03.2023 - 19:05:53 - 	at org.bukkit.plugin.java.PluginClassLoader.findClass(PluginClassLoader.java:189)
11.03.2023 - 19:05:53 - 	at java.base/java.lang.ClassLoader.loadClass(ClassLoader.java:587)
11.03.2023 - 19:05:53 - 	at org.bukkit.plugin.java.PluginClassLoader.loadClass0(PluginClassLoader.java:129)
11.03.2023 - 19:05:53 - 	at org.bukkit.plugin.java.PluginClassLoader.loadClass(PluginClassLoader.java:124)
11.03.2023 - 19:05:53 - 	at java.base/java.lang.ClassLoader.loadClass(ClassLoader.java:520)
11.03.2023 - 19:05:53 - 	at spworlds-1.0-SNAPSHOT.jar//com.spworlds.utils.PlaceholderApis.onRequest(PlaceholderApis.java:33)
11.03.2023 - 19:05:53 - 	at PlaceholderAPI-2.11.2.jar//me.clip.placeholderapi.replacer.CharsReplacer.apply(CharsReplacer.java:119)
11.03.2023 - 19:05:53 - 	at PlaceholderAPI-2.11.2.jar//me.clip.placeholderapi.PlaceholderAPI.setPlaceholders(PlaceholderAPI.java:71)
11.03.2023 - 19:05:53 - 	at PlaceholderAPI-2.11.2.jar//me.clip.placeholderapi.PlaceholderAPI.setPlaceholders(PlaceholderAPI.java:99)
11.03.2023 - 19:05:53 - 	at TAB.v3.2.4.jar//me.neznamy.tab.platforms.bukkit.BukkitPlatform.lambda$registerUnknownPlaceholder$2(BukkitPlatform.java:179)
11.03.2023 - 19:05:53 - 	at TAB.v3.2.4.jar//me.neznamy.tab.shared.placeholders.PlayerPlaceholderImpl.request(PlayerPlaceholderImpl.java:130)
11.03.2023 - 19:05:53 - 	at TAB.v3.2.4.jar//me.neznamy.tab.shared.placeholders.PlayerPlaceholderImpl.update(PlayerPlaceholderImpl.java:53)
11.03.2023 - 19:05:53 - 	at TAB.v3.2.4.jar//me.neznamy.tab.shared.features.PlaceholderManagerImpl.updatePlayerPlaceholder(PlaceholderManagerImpl.java:117)
11.03.2023 - 19:05:53 - 	at TAB.v3.2.4.jar//me.neznamy.tab.shared.features.PlaceholderManagerImpl.refresh(PlaceholderManagerImpl.java:68)
11.03.2023 - 19:05:53 - 	at TAB.v3.2.4.jar//me.neznamy.tab.shared.CpuManager.lambda$runMeasuredTask$8(CpuManager.java:354)
11.03.2023 - 19:05:53 - 	at TAB.v3.2.4.jar//me.neznamy.tab.shared.CpuManager.lambda$submit$1(CpuManager.java:111)
11.03.2023 - 19:05:53 - 	at java.base/java.util.concurrent.Executors$RunnableAdapter.call(Executors.java:539)
11.03.2023 - 19:05:53 - 	at java.base/java.util.concurrent.FutureTask.run(FutureTask.java:264)
11.03.2023 - 19:05:53 - 	at java.base/java.util.concurrent.ThreadPoolExecutor.runWorker(ThreadPoolExecutor.java:1136)
11.03.2023 - 19:05:53 - 	at java.base/java.util.concurrent.ThreadPoolExecutor$Worker.run(ThreadPoolExecutor.java:635)
11.03.2023 - 19:05:53 - 	at java.base/java.lang.Thread.run(Thread.java:833)
11.03.2023 - 19:05:53 - [TAB v3.2.4] Player placeholder %spbuild_getstagestring% generated an error when setting for player Dalynkaa
11.03.2023 - 19:05:53 - java.lang.IllegalStateException: zip file closed
11.03.2023 - 19:05:53 - 	at java.base/java.util.zip.ZipFile.ensureOpen(ZipFile.java:831)
11.03.2023 - 19:05:53 - 	at java.base/java.util.zip.ZipFile.getEntry(ZipFile.java:330)
11.03.2023 - 19:05:53 - 	at java.base/java.util.jar.JarFile.getEntry(JarFile.java:518)
11.03.2023 - 19:05:53 - 	at java.base/java.util.jar.JarFile.getJarEntry(JarFile.java:473)
11.03.2023 - 19:05:53 - 	at org.bukkit.plugin.java.PluginClassLoader.findClass(PluginClassLoader.java:189)
11.03.2023 - 19:05:53 - 	at java.base/java.lang.ClassLoader.loadClass(ClassLoader.java:587)
11.03.2023 - 19:05:53 - 	at org.bukkit.plugin.java.PluginClassLoader.loadClass0(PluginClassLoader.java:129)
11.03.2023 - 19:05:53 - 	at org.bukkit.plugin.java.PluginClassLoader.loadClass(PluginClassLoader.java:124)
11.03.2023 - 19:05:53 - 	at java.base/java.lang.ClassLoader.loadClass(ClassLoader.java:520)
11.03.2023 - 19:05:53 - 	at spworlds-1.0-SNAPSHOT.jar//com.spworlds.utils.PlaceholderApis.onRequest(PlaceholderApis.java:33)
11.03.2023 - 19:05:53 - 	at PlaceholderAPI-2.11.2.jar//me.clip.placeholderapi.replacer.CharsReplacer.apply(CharsReplacer.java:119)
11.03.2023 - 19:05:53 - 	at PlaceholderAPI-2.11.2.jar//me.clip.placeholderapi.PlaceholderAPI.setPlaceholders(PlaceholderAPI.java:71)
11.03.2023 - 19:05:53 - 	at PlaceholderAPI-2.11.2.jar//me.clip.placeholderapi.PlaceholderAPI.setPlaceholders(PlaceholderAPI.java:99)
11.03.2023 - 19:05:53 - 	at TAB.v3.2.4.jar//me.neznamy.tab.platforms.bukkit.BukkitPlatform.lambda$registerUnknownPlaceholder$2(BukkitPlatform.java:179)
11.03.2023 - 19:05:53 - 	at TAB.v3.2.4.jar//me.neznamy.tab.shared.placeholders.PlayerPlaceholderImpl.request(PlayerPlaceholderImpl.java:130)
11.03.2023 - 19:05:53 - 	at TAB.v3.2.4.jar//me.neznamy.tab.shared.placeholders.PlayerPlaceholderImpl.update(PlayerPlaceholderImpl.java:53)
11.03.2023 - 19:05:53 - 	at TAB.v3.2.4.jar//me.neznamy.tab.shared.features.PlaceholderManagerImpl.updatePlayerPlaceholder(PlaceholderManagerImpl.java:117)
11.03.2023 - 19:05:53 - 	at TAB.v3.2.4.jar//me.neznamy.tab.shared.features.PlaceholderManagerImpl.refresh(PlaceholderManagerImpl.java:68)
11.03.2023 - 19:05:53 - 	at TAB.v3.2.4.jar//me.neznamy.tab.shared.CpuManager.lambda$runMeasuredTask$8(CpuManager.java:354)
11.03.2023 - 19:05:53 - 	at TAB.v3.2.4.jar//me.neznamy.tab.shared.CpuManager.lambda$submit$1(CpuManager.java:111)
11.03.2023 - 19:05:53 - 	at java.base/java.util.concurrent.Executors$RunnableAdapter.call(Executors.java:539)
11.03.2023 - 19:05:53 - 	at java.base/java.util.concurrent.FutureTask.run(FutureTask.java:264)
11.03.2023 - 19:05:53 - 	at java.base/java.util.concurrent.ThreadPoolExecutor.runWorker(ThreadPoolExecutor.java:1136)
11.03.2023 - 19:05:53 - 	at java.base/java.util.concurrent.ThreadPoolExecutor$Worker.run(ThreadPoolExecutor.java:635)
11.03.2023 - 19:05:53 - 	at java.base/java.lang.Thread.run(Thread.java:833)
11.03.2023 - 19:05:54 - [TAB v3.2.4] Player placeholder %spbuild_getstagestring% generated an error when setting for player Dalynkaa
11.03.2023 - 19:05:54 - java.lang.IllegalStateException: zip file closed
11.03.2023 - 19:05:54 - 	at java.base/java.util.zip.ZipFile.ensureOpen(ZipFile.java:831)
11.03.2023 - 19:05:54 - 	at java.base/java.util.zip.ZipFile.getEntry(ZipFile.java:330)
11.03.2023 - 19:05:54 - 	at java.base/java.util.jar.JarFile.getEntry(JarFile.java:518)
11.03.2023 - 19:05:54 - 	at java.base/java.util.jar.JarFile.getJarEntry(JarFile.java:473)
11.03.2023 - 19:05:54 - 	at org.bukkit.plugin.java.PluginClassLoader.findClass(PluginClassLoader.java:189)
11.03.2023 - 19:05:54 - 	at java.base/java.lang.ClassLoader.loadClass(ClassLoader.java:587)
11.03.2023 - 19:05:54 - 	at org.bukkit.plugin.java.PluginClassLoader.loadClass0(PluginClassLoader.java:129)
11.03.2023 - 19:05:54 - 	at org.bukkit.plugin.java.PluginClassLoader.loadClass(PluginClassLoader.java:124)
11.03.2023 - 19:05:54 - 	at java.base/java.lang.ClassLoader.loadClass(ClassLoader.java:520)
11.03.2023 - 19:05:54 - 	at spworlds-1.0-SNAPSHOT.jar//com.spworlds.utils.PlaceholderApis.onRequest(PlaceholderApis.java:33)
11.03.2023 - 19:05:54 - 	at PlaceholderAPI-2.11.2.jar//me.clip.placeholderapi.replacer.CharsReplacer.apply(CharsReplacer.java:119)
11.03.2023 - 19:05:54 - 	at PlaceholderAPI-2.11.2.jar//me.clip.placeholderapi.PlaceholderAPI.setPlaceholders(PlaceholderAPI.java:71)
11.03.2023 - 19:05:54 - 	at PlaceholderAPI-2.11.2.jar//me.clip.placeholderapi.PlaceholderAPI.setPlaceholders(PlaceholderAPI.java:99)
11.03.2023 - 19:05:54 - 	at TAB.v3.2.4.jar//me.neznamy.tab.platforms.bukkit.BukkitPlatform.lambda$registerUnknownPlaceholder$2(BukkitPlatform.java:179)
11.03.2023 - 19:05:54 - 	at TAB.v3.2.4.jar//me.neznamy.tab.shared.placeholders.PlayerPlaceholderImpl.request(PlayerPlaceholderImpl.java:130)
11.03.2023 - 19:05:54 - 	at TAB.v3.2.4.jar//me.neznamy.tab.shared.placeholders.PlayerPlaceholderImpl.update(PlayerPlaceholderImpl.java:53)
11.03.2023 - 19:05:54 - 	at TAB.v3.2.4.jar//me.neznamy.tab.shared.features.PlaceholderManagerImpl.updatePlayerPlaceholder(PlaceholderManagerImpl.java:117)
11.03.2023 - 19:05:54 - 	at TAB.v3.2.4.jar//me.neznamy.tab.shared.features.PlaceholderManagerImpl.refresh(PlaceholderManagerImpl.java:68)
11.03.2023 - 19:05:54 - 	at TAB.v3.2.4.jar//me.neznamy.tab.shared.CpuManager.lambda$runMeasuredTask$8(CpuManager.java:354)
11.03.2023 - 19:05:54 - 	at TAB.v3.2.4.jar//me.neznamy.tab.shared.CpuManager.lambda$submit$1(CpuManager.java:111)
11.03.2023 - 19:05:54 - 	at java.base/java.util.concurrent.Executors$RunnableAdapter.call(Executors.java:539)
11.03.2023 - 19:05:54 - 	at java.base/java.util.concurrent.FutureTask.run(FutureTask.java:264)
11.03.2023 - 19:05:54 - 	at java.base/java.util.concurrent.ThreadPoolExecutor.runWorker(ThreadPoolExecutor.java:1136)
11.03.2023 - 19:05:54 - 	at java.base/java.util.concurrent.ThreadPoolExecutor$Worker.run(ThreadPoolExecutor.java:635)
11.03.2023 - 19:05:54 - 	at java.base/java.lang.Thread.run(Thread.java:833)
11.03.2023 - 19:05:54 - [TAB v3.2.4] Player placeholder %spbuild_getstagestring% generated an error when setting for player Dalynkaa
11.03.2023 - 19:05:54 - java.lang.IllegalStateException: zip file closed
11.03.2023 - 19:05:54 - 	at java.base/java.util.zip.ZipFile.ensureOpen(ZipFile.java:831)
11.03.2023 - 19:05:54 - 	at java.base/java.util.zip.ZipFile.getEntry(ZipFile.java:330)
11.03.2023 - 19:05:54 - 	at java.base/java.util.jar.JarFile.getEntry(JarFile.java:518)
11.03.2023 - 19:05:54 - 	at java.base/java.util.jar.JarFile.getJarEntry(JarFile.java:473)
11.03.2023 - 19:05:54 - 	at org.bukkit.plugin.java.PluginClassLoader.findClass(PluginClassLoader.java:189)
11.03.2023 - 19:05:54 - 	at java.base/java.lang.ClassLoader.loadClass(ClassLoader.java:587)
11.03.2023 - 19:05:54 - 	at org.bukkit.plugin.java.PluginClassLoader.loadClass0(PluginClassLoader.java:129)
11.03.2023 - 19:05:54 - 	at org.bukkit.plugin.java.PluginClassLoader.loadClass(PluginClassLoader.java:124)
11.03.2023 - 19:05:54 - 	at java.base/java.lang.ClassLoader.loadClass(ClassLoader.java:520)
11.03.2023 - 19:05:54 - 	at spworlds-1.0-SNAPSHOT.jar//com.spworlds.utils.PlaceholderApis.onRequest(PlaceholderApis.java:33)
11.03.2023 - 19:05:54 - 	at PlaceholderAPI-2.11.2.jar//me.clip.placeholderapi.replacer.CharsReplacer.apply(CharsReplacer.java:119)
11.03.2023 - 19:05:54 - 	at PlaceholderAPI-2.11.2.jar//me.clip.placeholderapi.PlaceholderAPI.setPlaceholders(PlaceholderAPI.java:71)
11.03.2023 - 19:05:54 - 	at PlaceholderAPI-2.11.2.jar//me.clip.placeholderapi.PlaceholderAPI.setPlaceholders(PlaceholderAPI.java:99)
11.03.2023 - 19:05:54 - 	at TAB.v3.2.4.jar//me.neznamy.tab.platforms.bukkit.BukkitPlatform.lambda$registerUnknownPlaceholder$2(BukkitPlatform.java:179)
11.03.2023 - 19:05:54 - 	at TAB.v3.2.4.jar//me.neznamy.tab.shared.placeholders.PlayerPlaceholderImpl.request(PlayerPlaceholderImpl.java:130)
11.03.2023 - 19:05:54 - 	at TAB.v3.2.4.jar//me.neznamy.tab.shared.placeholders.PlayerPlaceholderImpl.update(PlayerPlaceholderImpl.java:53)
11.03.2023 - 19:05:54 - 	at TAB.v3.2.4.jar//me.neznamy.tab.shared.features.PlaceholderManagerImpl.updatePlayerPlaceholder(PlaceholderManagerImpl.java:117)
11.03.2023 - 19:05:54 - 	at TAB.v3.2.4.jar//me.neznamy.tab.shared.features.PlaceholderManagerImpl.refresh(PlaceholderManagerImpl.java:68)
11.03.2023 - 19:05:54 - 	at TAB.v3.2.4.jar//me.neznamy.tab.shared.CpuManager.lambda$runMeasuredTask$8(CpuManager.java:354)
11.03.2023 - 19:05:54 - 	at TAB.v3.2.4.jar//me.neznamy.tab.shared.CpuManager.lambda$submit$1(CpuManager.java:111)
11.03.2023 - 19:05:54 - 	at java.base/java.util.concurrent.Executors$RunnableAdapter.call(Executors.java:539)
11.03.2023 - 19:05:54 - 	at java.base/java.util.concurrent.FutureTask.run(FutureTask.java:264)
11.03.2023 - 19:05:54 - 	at java.base/java.util.concurrent.ThreadPoolExecutor.runWorker(ThreadPoolExecutor.java:1136)
11.03.2023 - 19:05:54 - 	at java.base/java.util.concurrent.ThreadPoolExecutor$Worker.run(ThreadPoolExecutor.java:635)
11.03.2023 - 19:05:54 - 	at java.base/java.lang.Thread.run(Thread.java:833)
11.03.2023 - 19:05:55 - [TAB v3.2.4] Player placeholder %spbuild_getstagestring% generated an error when setting for player Dalynkaa
11.03.2023 - 19:05:55 - java.lang.IllegalStateException: zip file closed
11.03.2023 - 19:05:55 - 	at java.base/java.util.zip.ZipFile.ensureOpen(ZipFile.java:831)
11.03.2023 - 19:05:55 - 	at java.base/java.util.zip.ZipFile.getEntry(ZipFile.java:330)
11.03.2023 - 19:05:55 - 	at java.base/java.util.jar.JarFile.getEntry(JarFile.java:518)
11.03.2023 - 19:05:55 - 	at java.base/java.util.jar.JarFile.getJarEntry(JarFile.java:473)
11.03.2023 - 19:05:55 - 	at org.bukkit.plugin.java.PluginClassLoader.findClass(PluginClassLoader.java:189)
11.03.2023 - 19:05:55 - 	at java.base/java.lang.ClassLoader.loadClass(ClassLoader.java:587)
11.03.2023 - 19:05:55 - 	at org.bukkit.plugin.java.PluginClassLoader.loadClass0(PluginClassLoader.java:129)
11.03.2023 - 19:05:55 - 	at org.bukkit.plugin.java.PluginClassLoader.loadClass(PluginClassLoader.java:124)
11.03.2023 - 19:05:55 - 	at java.base/java.lang.ClassLoader.loadClass(ClassLoader.java:520)
11.03.2023 - 19:05:55 - 	at spworlds-1.0-SNAPSHOT.jar//com.spworlds.utils.PlaceholderApis.onRequest(PlaceholderApis.java:33)
11.03.2023 - 19:05:55 - 	at PlaceholderAPI-2.11.2.jar//me.clip.placeholderapi.replacer.CharsReplacer.apply(CharsReplacer.java:119)
11.03.2023 - 19:05:55 - 	at PlaceholderAPI-2.11.2.jar//me.clip.placeholderapi.PlaceholderAPI.setPlaceholders(PlaceholderAPI.java:71)
11.03.2023 - 19:05:55 - 	at PlaceholderAPI-2.11.2.jar//me.clip.placeholderapi.PlaceholderAPI.setPlaceholders(PlaceholderAPI.java:99)
11.03.2023 - 19:05:55 - 	at TAB.v3.2.4.jar//me.neznamy.tab.platforms.bukkit.BukkitPlatform.lambda$registerUnknownPlaceholder$2(BukkitPlatform.java:179)
11.03.2023 - 19:05:55 - 	at TAB.v3.2.4.jar//me.neznamy.tab.shared.placeholders.PlayerPlaceholderImpl.request(PlayerPlaceholderImpl.java:130)
11.03.2023 - 19:05:55 - 	at TAB.v3.2.4.jar//me.neznamy.tab.shared.placeholders.PlayerPlaceholderImpl.update(PlayerPlaceholderImpl.java:53)
11.03.2023 - 19:05:55 - 	at TAB.v3.2.4.jar//me.neznamy.tab.shared.features.PlaceholderManagerImpl.updatePlayerPlaceholder(PlaceholderManagerImpl.java:117)
11.03.2023 - 19:05:55 - 	at TAB.v3.2.4.jar//me.neznamy.tab.shared.features.PlaceholderManagerImpl.refresh(PlaceholderManagerImpl.java:68)
11.03.2023 - 19:05:55 - 	at TAB.v3.2.4.jar//me.neznamy.tab.shared.CpuManager.lambda$runMeasuredTask$8(CpuManager.java:354)
11.03.2023 - 19:05:55 - 	at TAB.v3.2.4.jar//me.neznamy.tab.shared.CpuManager.lambda$submit$1(CpuManager.java:111)
11.03.2023 - 19:05:55 - 	at java.base/java.util.concurrent.Executors$RunnableAdapter.call(Executors.java:539)
11.03.2023 - 19:05:55 - 	at java.base/java.util.concurrent.FutureTask.run(FutureTask.java:264)
11.03.2023 - 19:05:55 - 	at java.base/java.util.concurrent.ThreadPoolExecutor.runWorker(ThreadPoolExecutor.java:1136)
11.03.2023 - 19:05:55 - 	at java.base/java.util.concurrent.ThreadPoolExecutor$Worker.run(ThreadPoolExecutor.java:635)
11.03.2023 - 19:05:55 - 	at java.base/java.lang.Thread.run(Thread.java:833)
11.03.2023 - 19:05:55 - [TAB v3.2.4] Player placeholder %spbuild_getstagestring% generated an error when setting for player Dalynkaa
11.03.2023 - 19:05:55 - java.lang.IllegalStateException: zip file closed
11.03.2023 - 19:05:55 - 	at java.base/java.util.zip.ZipFile.ensureOpen(ZipFile.java:831)
11.03.2023 - 19:05:55 - 	at java.base/java.util.zip.ZipFile.getEntry(ZipFile.java:330)
11.03.2023 - 19:05:55 - 	at java.base/java.util.jar.JarFile.getEntry(JarFile.java:518)
11.03.2023 - 19:05:55 - 	at java.base/java.util.jar.JarFile.getJarEntry(JarFile.java:473)
11.03.2023 - 19:05:55 - 	at org.bukkit.plugin.java.PluginClassLoader.findClass(PluginClassLoader.java:189)
11.03.2023 - 19:05:55 - 	at java.base/java.lang.ClassLoader.loadClass(ClassLoader.java:587)
11.03.2023 - 19:05:55 - 	at org.bukkit.plugin.java.PluginClassLoader.loadClass0(PluginClassLoader.java:129)
11.03.2023 - 19:05:55 - 	at org.bukkit.plugin.java.PluginClassLoader.loadClass(PluginClassLoader.java:124)
11.03.2023 - 19:05:55 - 	at java.base/java.lang.ClassLoader.loadClass(ClassLoader.java:520)
11.03.2023 - 19:05:55 - 	at spworlds-1.0-SNAPSHOT.jar//com.spworlds.utils.PlaceholderApis.onRequest(PlaceholderApis.java:33)
11.03.2023 - 19:05:55 - 	at PlaceholderAPI-2.11.2.jar//me.clip.placeholderapi.replacer.CharsReplacer.apply(CharsReplacer.java:119)
11.03.2023 - 19:05:55 - 	at PlaceholderAPI-2.11.2.jar//me.clip.placeholderapi.PlaceholderAPI.setPlaceholders(PlaceholderAPI.java:71)
11.03.2023 - 19:05:55 - 	at PlaceholderAPI-2.11.2.jar//me.clip.placeholderapi.PlaceholderAPI.setPlaceholders(PlaceholderAPI.java:99)
11.03.2023 - 19:05:55 - 	at TAB.v3.2.4.jar//me.neznamy.tab.platforms.bukkit.BukkitPlatform.lambda$registerUnknownPlaceholder$2(BukkitPlatform.java:179)
11.03.2023 - 19:05:55 - 	at TAB.v3.2.4.jar//me.neznamy.tab.shared.placeholders.PlayerPlaceholderImpl.request(PlayerPlaceholderImpl.java:130)
11.03.2023 - 19:05:55 - 	at TAB.v3.2.4.jar//me.neznamy.tab.shared.placeholders.PlayerPlaceholderImpl.update(PlayerPlaceholderImpl.java:53)
11.03.2023 - 19:05:55 - 	at TAB.v3.2.4.jar//me.neznamy.tab.shared.features.PlaceholderManagerImpl.updatePlayerPlaceholder(PlaceholderManagerImpl.java:117)
11.03.2023 - 19:05:55 - 	at TAB.v3.2.4.jar//me.neznamy.tab.shared.features.PlaceholderManagerImpl.refresh(PlaceholderManagerImpl.java:68)
11.03.2023 - 19:05:55 - 	at TAB.v3.2.4.jar//me.neznamy.tab.shared.CpuManager.lambda$runMeasuredTask$8(CpuManager.java:354)
11.03.2023 - 19:05:55 - 	at TAB.v3.2.4.jar//me.neznamy.tab.shared.CpuManager.lambda$submit$1(CpuManager.java:111)
11.03.2023 - 19:05:55 - 	at java.base/java.util.concurrent.Executors$RunnableAdapter.call(Executors.java:539)
11.03.2023 - 19:05:55 - 	at java.base/java.util.concurrent.FutureTask.run(FutureTask.java:264)
11.03.2023 - 19:05:55 - 	at java.base/java.util.concurrent.ThreadPoolExecutor.runWorker(ThreadPoolExecutor.java:1136)
11.03.2023 - 19:05:55 - 	at java.base/java.util.concurrent.ThreadPoolExecutor$Worker.run(ThreadPoolExecutor.java:635)
11.03.2023 - 19:05:55 - 	at java.base/java.lang.Thread.run(Thread.java:833)
11.03.2023 - 19:05:56 - [TAB v3.2.4] Player placeholder %spbuild_getstagestring% generated an error when setting for player Dalynkaa
11.03.2023 - 19:05:56 - java.lang.IllegalStateException: zip file closed
11.03.2023 - 19:05:56 - 	at java.base/java.util.zip.ZipFile.ensureOpen(ZipFile.java:831)
11.03.2023 - 19:05:56 - 	at java.base/java.util.zip.ZipFile.getEntry(ZipFile.java:330)
11.03.2023 - 19:05:56 - 	at java.base/java.util.jar.JarFile.getEntry(JarFile.java:518)
11.03.2023 - 19:05:56 - 	at java.base/java.util.jar.JarFile.getJarEntry(JarFile.java:473)
11.03.2023 - 19:05:56 - 	at org.bukkit.plugin.java.PluginClassLoader.findClass(PluginClassLoader.java:189)
11.03.2023 - 19:05:56 - 	at java.base/java.lang.ClassLoader.loadClass(ClassLoader.java:587)
11.03.2023 - 19:05:56 - 	at org.bukkit.plugin.java.PluginClassLoader.loadClass0(PluginClassLoader.java:129)
11.03.2023 - 19:05:56 - 	at org.bukkit.plugin.java.PluginClassLoader.loadClass(PluginClassLoader.java:124)
11.03.2023 - 19:05:56 - 	at java.base/java.lang.ClassLoader.loadClass(ClassLoader.java:520)
11.03.2023 - 19:05:56 - 	at spworlds-1.0-SNAPSHOT.jar//com.spworlds.utils.PlaceholderApis.onRequest(PlaceholderApis.java:33)
11.03.2023 - 19:05:56 - 	at PlaceholderAPI-2.11.2.jar//me.clip.placeholderapi.replacer.CharsReplacer.apply(CharsReplacer.java:119)
11.03.2023 - 19:05:56 - 	at PlaceholderAPI-2.11.2.jar//me.clip.placeholderapi.PlaceholderAPI.setPlaceholders(PlaceholderAPI.java:71)
11.03.2023 - 19:05:56 - 	at PlaceholderAPI-2.11.2.jar//me.clip.placeholderapi.PlaceholderAPI.setPlaceholders(PlaceholderAPI.java:99)
11.03.2023 - 19:05:56 - 	at TAB.v3.2.4.jar//me.neznamy.tab.platforms.bukkit.BukkitPlatform.lambda$registerUnknownPlaceholder$2(BukkitPlatform.java:179)
11.03.2023 - 19:05:56 - 	at TAB.v3.2.4.jar//me.neznamy.tab.shared.placeholders.PlayerPlaceholderImpl.request(PlayerPlaceholderImpl.java:130)
11.03.2023 - 19:05:56 - 	at TAB.v3.2.4.jar//me.neznamy.tab.shared.placeholders.PlayerPlaceholderImpl.update(PlayerPlaceholderImpl.java:53)
11.03.2023 - 19:05:56 - 	at TAB.v3.2.4.jar//me.neznamy.tab.shared.features.PlaceholderManagerImpl.updatePlayerPlaceholder(PlaceholderManagerImpl.java:117)
11.03.2023 - 19:05:56 - 	at TAB.v3.2.4.jar//me.neznamy.tab.shared.features.PlaceholderManagerImpl.refresh(PlaceholderManagerImpl.java:68)
11.03.2023 - 19:05:56 - 	at TAB.v3.2.4.jar//me.neznamy.tab.shared.CpuManager.lambda$runMeasuredTask$8(CpuManager.java:354)
11.03.2023 - 19:05:56 - 	at TAB.v3.2.4.jar//me.neznamy.tab.shared.CpuManager.lambda$submit$1(CpuManager.java:111)
11.03.2023 - 19:05:56 - 	at java.base/java.util.concurrent.Executors$RunnableAdapter.call(Executors.java:539)
11.03.2023 - 19:05:56 - 	at java.base/java.util.concurrent.FutureTask.run(FutureTask.java:264)
11.03.2023 - 19:05:56 - 	at java.base/java.util.concurrent.ThreadPoolExecutor.runWorker(ThreadPoolExecutor.java:1136)
11.03.2023 - 19:05:56 - 	at java.base/java.util.concurrent.ThreadPoolExecutor$Worker.run(ThreadPoolExecutor.java:635)
11.03.2023 - 19:05:56 - 	at java.base/java.lang.Thread.run(Thread.java:833)
11.03.2023 - 19:05:56 - [TAB v3.2.4] Player placeholder %spbuild_getstagestring% generated an error when setting for player Dalynkaa
11.03.2023 - 19:05:56 - java.lang.IllegalStateException: zip file closed
11.03.2023 - 19:05:56 - 	at java.base/java.util.zip.ZipFile.ensureOpen(ZipFile.java:831)
11.03.2023 - 19:05:56 - 	at java.base/java.util.zip.ZipFile.getEntry(ZipFile.java:330)
11.03.2023 - 19:05:56 - 	at java.base/java.util.jar.JarFile.getEntry(JarFile.java:518)
11.03.2023 - 19:05:56 - 	at java.base/java.util.jar.JarFile.getJarEntry(JarFile.java:473)
11.03.2023 - 19:05:56 - 	at org.bukkit.plugin.java.PluginClassLoader.findClass(PluginClassLoader.java:189)
11.03.2023 - 19:05:56 - 	at java.base/java.lang.ClassLoader.loadClass(ClassLoader.java:587)
11.03.2023 - 19:05:56 - 	at org.bukkit.plugin.java.PluginClassLoader.loadClass0(PluginClassLoader.java:129)
11.03.2023 - 19:05:56 - 	at org.bukkit.plugin.java.PluginClassLoader.loadClass(PluginClassLoader.java:124)
11.03.2023 - 19:05:56 - 	at java.base/java.lang.ClassLoader.loadClass(ClassLoader.java:520)
11.03.2023 - 19:05:56 - 	at spworlds-1.0-SNAPSHOT.jar//com.spworlds.utils.PlaceholderApis.onRequest(PlaceholderApis.java:33)
11.03.2023 - 19:05:56 - 	at PlaceholderAPI-2.11.2.jar//me.clip.placeholderapi.replacer.CharsReplacer.apply(CharsReplacer.java:119)
11.03.2023 - 19:05:56 - 	at PlaceholderAPI-2.11.2.jar//me.clip.placeholderapi.PlaceholderAPI.setPlaceholders(PlaceholderAPI.java:71)
11.03.2023 - 19:05:56 - 	at PlaceholderAPI-2.11.2.jar//me.clip.placeholderapi.PlaceholderAPI.setPlaceholders(PlaceholderAPI.java:99)
11.03.2023 - 19:05:56 - 	at TAB.v3.2.4.jar//me.neznamy.tab.platforms.bukkit.BukkitPlatform.lambda$registerUnknownPlaceholder$2(BukkitPlatform.java:179)
11.03.2023 - 19:05:56 - 	at TAB.v3.2.4.jar//me.neznamy.tab.shared.placeholders.PlayerPlaceholderImpl.request(PlayerPlaceholderImpl.java:130)
11.03.2023 - 19:05:56 - 	at TAB.v3.2.4.jar//me.neznamy.tab.shared.placeholders.PlayerPlaceholderImpl.update(PlayerPlaceholderImpl.java:53)
11.03.2023 - 19:05:56 - 	at TAB.v3.2.4.jar//me.neznamy.tab.shared.features.PlaceholderManagerImpl.updatePlayerPlaceholder(PlaceholderManagerImpl.java:117)
11.03.2023 - 19:05:56 - 	at TAB.v3.2.4.jar//me.neznamy.tab.shared.features.PlaceholderManagerImpl.refresh(PlaceholderManagerImpl.java:68)
11.03.2023 - 19:05:56 - 	at TAB.v3.2.4.jar//me.neznamy.tab.shared.CpuManager.lambda$runMeasuredTask$8(CpuManager.java:354)
11.03.2023 - 19:05:56 - 	at TAB.v3.2.4.jar//me.neznamy.tab.shared.CpuManager.lambda$submit$1(CpuManager.java:111)
11.03.2023 - 19:05:56 - 	at java.base/java.util.concurrent.Executors$RunnableAdapter.call(Executors.java:539)
11.03.2023 - 19:05:56 - 	at java.base/java.util.concurrent.FutureTask.run(FutureTask.java:264)
11.03.2023 - 19:05:56 - 	at java.base/java.util.concurrent.ThreadPoolExecutor.runWorker(ThreadPoolExecutor.java:1136)
11.03.2023 - 19:05:56 - 	at java.base/java.util.concurrent.ThreadPoolExecutor$Worker.run(ThreadPoolExecutor.java:635)
11.03.2023 - 19:05:56 - 	at java.base/java.lang.Thread.run(Thread.java:833)
11.03.2023 - 19:05:57 - [TAB v3.2.4] Player placeholder %spbuild_getstagestring% generated an error when setting for player Dalynkaa
11.03.2023 - 19:05:57 - java.lang.IllegalStateException: zip file closed
11.03.2023 - 19:05:57 - 	at java.base/java.util.zip.ZipFile.ensureOpen(ZipFile.java:831)
11.03.2023 - 19:05:57 - 	at java.base/java.util.zip.ZipFile.getEntry(ZipFile.java:330)
11.03.2023 - 19:05:57 - 	at java.base/java.util.jar.JarFile.getEntry(JarFile.java:518)
11.03.2023 - 19:05:57 - 	at java.base/java.util.jar.JarFile.getJarEntry(JarFile.java:473)
11.03.2023 - 19:05:57 - 	at org.bukkit.plugin.java.PluginClassLoader.findClass(PluginClassLoader.java:189)
11.03.2023 - 19:05:57 - 	at java.base/java.lang.ClassLoader.loadClass(ClassLoader.java:587)
11.03.2023 - 19:05:57 - 	at org.bukkit.plugin.java.PluginClassLoader.loadClass0(PluginClassLoader.java:129)
11.03.2023 - 19:05:57 - 	at org.bukkit.plugin.java.PluginClassLoader.loadClass(PluginClassLoader.java:124)
11.03.2023 - 19:05:57 - 	at java.base/java.lang.ClassLoader.loadClass(ClassLoader.java:520)
11.03.2023 - 19:05:57 - 	at spworlds-1.0-SNAPSHOT.jar//com.spworlds.utils.PlaceholderApis.onRequest(PlaceholderApis.java:33)
11.03.2023 - 19:05:57 - 	at PlaceholderAPI-2.11.2.jar//me.clip.placeholderapi.replacer.CharsReplacer.apply(CharsReplacer.java:119)
11.03.2023 - 19:05:57 - 	at PlaceholderAPI-2.11.2.jar//me.clip.placeholderapi.PlaceholderAPI.setPlaceholders(PlaceholderAPI.java:71)
11.03.2023 - 19:05:57 - 	at PlaceholderAPI-2.11.2.jar//me.clip.placeholderapi.PlaceholderAPI.setPlaceholders(PlaceholderAPI.java:99)
11.03.2023 - 19:05:57 - 	at TAB.v3.2.4.jar//me.neznamy.tab.platforms.bukkit.BukkitPlatform.lambda$registerUnknownPlaceholder$2(BukkitPlatform.java:179)
11.03.2023 - 19:05:57 - 	at TAB.v3.2.4.jar//me.neznamy.tab.shared.placeholders.PlayerPlaceholderImpl.request(PlayerPlaceholderImpl.java:130)
11.03.2023 - 19:05:57 - 	at TAB.v3.2.4.jar//me.neznamy.tab.shared.placeholders.PlayerPlaceholderImpl.update(PlayerPlaceholderImpl.java:53)
11.03.2023 - 19:05:57 - 	at TAB.v3.2.4.jar//me.neznamy.tab.shared.features.PlaceholderManagerImpl.updatePlayerPlaceholder(PlaceholderManagerImpl.java:117)
11.03.2023 - 19:05:57 - 	at TAB.v3.2.4.jar//me.neznamy.tab.shared.features.PlaceholderManagerImpl.refresh(PlaceholderManagerImpl.java:68)
11.03.2023 - 19:05:57 - 	at TAB.v3.2.4.jar//me.neznamy.tab.shared.CpuManager.lambda$runMeasuredTask$8(CpuManager.java:354)
11.03.2023 - 19:05:57 - 	at TAB.v3.2.4.jar//me.neznamy.tab.shared.CpuManager.lambda$submit$1(CpuManager.java:111)
11.03.2023 - 19:05:57 - 	at java.base/java.util.concurrent.Executors$RunnableAdapter.call(Executors.java:539)
11.03.2023 - 19:05:57 - 	at java.base/java.util.concurrent.FutureTask.run(FutureTask.java:264)
11.03.2023 - 19:05:57 - 	at java.base/java.util.concurrent.ThreadPoolExecutor.runWorker(ThreadPoolExecutor.java:1136)
11.03.2023 - 19:05:57 - 	at java.base/java.util.concurrent.ThreadPoolExecutor$Worker.run(ThreadPoolExecutor.java:635)
11.03.2023 - 19:05:57 - 	at java.base/java.lang.Thread.run(Thread.java:833)
11.03.2023 - 19:05:57 - [TAB v3.2.4] Player placeholder %spbuild_getstagestring% generated an error when setting for player Dalynkaa
11.03.2023 - 19:05:57 - java.lang.IllegalStateException: zip file closed
11.03.2023 - 19:05:57 - 	at java.base/java.util.zip.ZipFile.ensureOpen(ZipFile.java:831)
11.03.2023 - 19:05:57 - 	at java.base/java.util.zip.ZipFile.getEntry(ZipFile.java:330)
11.03.2023 - 19:05:57 - 	at java.base/java.util.jar.JarFile.getEntry(JarFile.java:518)
11.03.2023 - 19:05:57 - 	at java.base/java.util.jar.JarFile.getJarEntry(JarFile.java:473)
11.03.2023 - 19:05:57 - 	at org.bukkit.plugin.java.PluginClassLoader.findClass(PluginClassLoader.java:189)
11.03.2023 - 19:05:57 - 	at java.base/java.lang.ClassLoader.loadClass(ClassLoader.java:587)
11.03.2023 - 19:05:57 - 	at org.bukkit.plugin.java.PluginClassLoader.loadClass0(PluginClassLoader.java:129)
11.03.2023 - 19:05:57 - 	at org.bukkit.plugin.java.PluginClassLoader.loadClass(PluginClassLoader.java:124)
11.03.2023 - 19:05:57 - 	at java.base/java.lang.ClassLoader.loadClass(ClassLoader.java:520)
11.03.2023 - 19:05:57 - 	at spworlds-1.0-SNAPSHOT.jar//com.spworlds.utils.PlaceholderApis.onRequest(PlaceholderApis.java:33)
11.03.2023 - 19:05:57 - 	at PlaceholderAPI-2.11.2.jar//me.clip.placeholderapi.replacer.CharsReplacer.apply(CharsReplacer.java:119)
11.03.2023 - 19:05:57 - 	at PlaceholderAPI-2.11.2.jar//me.clip.placeholderapi.PlaceholderAPI.setPlaceholders(PlaceholderAPI.java:71)
11.03.2023 - 19:05:57 - 	at PlaceholderAPI-2.11.2.jar//me.clip.placeholderapi.PlaceholderAPI.setPlaceholders(PlaceholderAPI.java:99)
11.03.2023 - 19:05:57 - 	at TAB.v3.2.4.jar//me.neznamy.tab.platforms.bukkit.BukkitPlatform.lambda$registerUnknownPlaceholder$2(BukkitPlatform.java:179)
11.03.2023 - 19:05:57 - 	at TAB.v3.2.4.jar//me.neznamy.tab.shared.placeholders.PlayerPlaceholderImpl.request(PlayerPlaceholderImpl.java:130)
11.03.2023 - 19:05:57 - 	at TAB.v3.2.4.jar//me.neznamy.tab.shared.placeholders.PlayerPlaceholderImpl.update(PlayerPlaceholderImpl.java:53)
11.03.2023 - 19:05:57 - 	at TAB.v3.2.4.jar//me.neznamy.tab.shared.features.PlaceholderManagerImpl.updatePlayerPlaceholder(PlaceholderManagerImpl.java:117)
11.03.2023 - 19:05:57 - 	at TAB.v3.2.4.jar//me.neznamy.tab.shared.features.PlaceholderManagerImpl.refresh(PlaceholderManagerImpl.java:68)
11.03.2023 - 19:05:57 - 	at TAB.v3.2.4.jar//me.neznamy.tab.shared.CpuManager.lambda$runMeasuredTask$8(CpuManager.java:354)
11.03.2023 - 19:05:57 - 	at TAB.v3.2.4.jar//me.neznamy.tab.shared.CpuManager.lambda$submit$1(CpuManager.java:111)
11.03.2023 - 19:05:57 - 	at java.base/java.util.concurrent.Executors$RunnableAdapter.call(Executors.java:539)
11.03.2023 - 19:05:57 - 	at java.base/java.util.concurrent.FutureTask.run(FutureTask.java:264)
11.03.2023 - 19:05:57 - 	at java.base/java.util.concurrent.ThreadPoolExecutor.runWorker(ThreadPoolExecutor.java:1136)
11.03.2023 - 19:05:57 - 	at java.base/java.util.concurrent.ThreadPoolExecutor$Worker.run(ThreadPoolExecutor.java:635)
11.03.2023 - 19:05:57 - 	at java.base/java.lang.Thread.run(Thread.java:833)
11.03.2023 - 19:05:58 - [TAB v3.2.4] Player placeholder %spbuild_getstagestring% generated an error when setting for player Dalynkaa
11.03.2023 - 19:05:58 - java.lang.IllegalStateException: zip file closed
11.03.2023 - 19:05:58 - 	at java.base/java.util.zip.ZipFile.ensureOpen(ZipFile.java:831)
11.03.2023 - 19:05:58 - 	at java.base/java.util.zip.ZipFile.getEntry(ZipFile.java:330)
11.03.2023 - 19:05:58 - 	at java.base/java.util.jar.JarFile.getEntry(JarFile.java:518)
11.03.2023 - 19:05:58 - 	at java.base/java.util.jar.JarFile.getJarEntry(JarFile.java:473)
11.03.2023 - 19:05:58 - 	at org.bukkit.plugin.java.PluginClassLoader.findClass(PluginClassLoader.java:189)
11.03.2023 - 19:05:58 - 	at java.base/java.lang.ClassLoader.loadClass(ClassLoader.java:587)
11.03.2023 - 19:05:58 - 	at org.bukkit.plugin.java.PluginClassLoader.loadClass0(PluginClassLoader.java:129)
11.03.2023 - 19:05:58 - 	at org.bukkit.plugin.java.PluginClassLoader.loadClass(PluginClassLoader.java:124)
11.03.2023 - 19:05:58 - 	at java.base/java.lang.ClassLoader.loadClass(ClassLoader.java:520)
11.03.2023 - 19:05:58 - 	at spworlds-1.0-SNAPSHOT.jar//com.spworlds.utils.PlaceholderApis.onRequest(PlaceholderApis.java:33)
11.03.2023 - 19:05:58 - 	at PlaceholderAPI-2.11.2.jar//me.clip.placeholderapi.replacer.CharsReplacer.apply(CharsReplacer.java:119)
11.03.2023 - 19:05:58 - 	at PlaceholderAPI-2.11.2.jar//me.clip.placeholderapi.PlaceholderAPI.setPlaceholders(PlaceholderAPI.java:71)
11.03.2023 - 19:05:58 - 	at PlaceholderAPI-2.11.2.jar//me.clip.placeholderapi.PlaceholderAPI.setPlaceholders(PlaceholderAPI.java:99)
11.03.2023 - 19:05:58 - 	at TAB.v3.2.4.jar//me.neznamy.tab.platforms.bukkit.BukkitPlatform.lambda$registerUnknownPlaceholder$2(BukkitPlatform.java:179)
11.03.2023 - 19:05:58 - 	at TAB.v3.2.4.jar//me.neznamy.tab.shared.placeholders.PlayerPlaceholderImpl.request(PlayerPlaceholderImpl.java:130)
11.03.2023 - 19:05:58 - 	at TAB.v3.2.4.jar//me.neznamy.tab.shared.placeholders.PlayerPlaceholderImpl.update(PlayerPlaceholderImpl.java:53)
11.03.2023 - 19:05:58 - 	at TAB.v3.2.4.jar//me.neznamy.tab.shared.features.PlaceholderManagerImpl.updatePlayerPlaceholder(PlaceholderManagerImpl.java:117)
11.03.2023 - 19:05:58 - 	at TAB.v3.2.4.jar//me.neznamy.tab.shared.features.PlaceholderManagerImpl.refresh(PlaceholderManagerImpl.java:68)
11.03.2023 - 19:05:58 - 	at TAB.v3.2.4.jar//me.neznamy.tab.shared.CpuManager.lambda$runMeasuredTask$8(CpuManager.java:354)
11.03.2023 - 19:05:58 - 	at TAB.v3.2.4.jar//me.neznamy.tab.shared.CpuManager.lambda$submit$1(CpuManager.java:111)
11.03.2023 - 19:05:58 - 	at java.base/java.util.concurrent.Executors$RunnableAdapter.call(Executors.java:539)
11.03.2023 - 19:05:58 - 	at java.base/java.util.concurrent.FutureTask.run(FutureTask.java:264)
11.03.2023 - 19:05:58 - 	at java.base/java.util.concurrent.ThreadPoolExecutor.runWorker(ThreadPoolExecutor.java:1136)
11.03.2023 - 19:05:58 - 	at java.base/java.util.concurrent.ThreadPoolExecutor$Worker.run(ThreadPoolExecutor.java:635)
11.03.2023 - 19:05:58 - 	at java.base/java.lang.Thread.run(Thread.java:833)
11.03.2023 - 19:05:58 - [TAB v3.2.4] Player placeholder %spbuild_getstagestring% generated an error when setting for player Dalynkaa
11.03.2023 - 19:05:58 - java.lang.IllegalStateException: zip file closed
11.03.2023 - 19:05:58 - 	at java.base/java.util.zip.ZipFile.ensureOpen(ZipFile.java:831)
11.03.2023 - 19:05:58 - 	at java.base/java.util.zip.ZipFile.getEntry(ZipFile.java:330)
11.03.2023 - 19:05:58 - 	at java.base/java.util.jar.JarFile.getEntry(JarFile.java:518)
11.03.2023 - 19:05:58 - 	at java.base/java.util.jar.JarFile.getJarEntry(JarFile.java:473)
11.03.2023 - 19:05:58 - 	at org.bukkit.plugin.java.PluginClassLoader.findClass(PluginClassLoader.java:189)
11.03.2023 - 19:05:58 - 	at java.base/java.lang.ClassLoader.loadClass(ClassLoader.java:587)
11.03.2023 - 19:05:58 - 	at org.bukkit.plugin.java.PluginClassLoader.loadClass0(PluginClassLoader.java:129)
11.03.2023 - 19:05:58 - 	at org.bukkit.plugin.java.PluginClassLoader.loadClass(PluginClassLoader.java:124)
11.03.2023 - 19:05:58 - 	at java.base/java.lang.ClassLoader.loadClass(ClassLoader.java:520)
11.03.2023 - 19:05:58 - 	at spworlds-1.0-SNAPSHOT.jar//com.spworlds.utils.PlaceholderApis.onRequest(PlaceholderApis.java:33)
11.03.2023 - 19:05:58 - 	at PlaceholderAPI-2.11.2.jar//me.clip.placeholderapi.replacer.CharsReplacer.apply(CharsReplacer.java:119)
11.03.2023 - 19:05:58 - 	at PlaceholderAPI-2.11.2.jar//me.clip.placeholderapi.PlaceholderAPI.setPlaceholders(PlaceholderAPI.java:71)
11.03.2023 - 19:05:58 - 	at PlaceholderAPI-2.11.2.jar//me.clip.placeholderapi.PlaceholderAPI.setPlaceholders(PlaceholderAPI.java:99)
11.03.2023 - 19:05:58 - 	at TAB.v3.2.4.jar//me.neznamy.tab.platforms.bukkit.BukkitPlatform.lambda$registerUnknownPlaceholder$2(BukkitPlatform.java:179)
11.03.2023 - 19:05:58 - 	at TAB.v3.2.4.jar//me.neznamy.tab.shared.placeholders.PlayerPlaceholderImpl.request(PlayerPlaceholderImpl.java:130)
11.03.2023 - 19:05:58 - 	at TAB.v3.2.4.jar//me.neznamy.tab.shared.placeholders.PlayerPlaceholderImpl.update(PlayerPlaceholderImpl.java:53)
11.03.2023 - 19:05:58 - 	at TAB.v3.2.4.jar//me.neznamy.tab.shared.features.PlaceholderManagerImpl.updatePlayerPlaceholder(PlaceholderManagerImpl.java:117)
11.03.2023 - 19:05:58 - 	at TAB.v3.2.4.jar//me.neznamy.tab.shared.features.PlaceholderManagerImpl.refresh(PlaceholderManagerImpl.java:68)
11.03.2023 - 19:05:58 - 	at TAB.v3.2.4.jar//me.neznamy.tab.shared.CpuManager.lambda$runMeasuredTask$8(CpuManager.java:354)
11.03.2023 - 19:05:58 - 	at TAB.v3.2.4.jar//me.neznamy.tab.shared.CpuManager.lambda$submit$1(CpuManager.java:111)
11.03.2023 - 19:05:58 - 	at java.base/java.util.concurrent.Executors$RunnableAdapter.call(Executors.java:539)
11.03.2023 - 19:05:58 - 	at java.base/java.util.concurrent.FutureTask.run(FutureTask.java:264)
11.03.2023 - 19:05:58 - 	at java.base/java.util.concurrent.ThreadPoolExecutor.runWorker(ThreadPoolExecutor.java:1136)
11.03.2023 - 19:05:58 - 	at java.base/java.util.concurrent.ThreadPoolExecutor$Worker.run(ThreadPoolExecutor.java:635)
11.03.2023 - 19:05:58 - 	at java.base/java.lang.Thread.run(Thread.java:833)
11.03.2023 - 19:05:59 - [TAB v3.2.4] Player placeholder %spbuild_getstagestring% generated an error when setting for player Dalynkaa
11.03.2023 - 19:05:59 - java.lang.IllegalStateException: zip file closed
11.03.2023 - 19:05:59 - 	at java.base/java.util.zip.ZipFile.ensureOpen(ZipFile.java:831)
11.03.2023 - 19:05:59 - 	at java.base/java.util.zip.ZipFile.getEntry(ZipFile.java:330)
11.03.2023 - 19:05:59 - 	at java.base/java.util.jar.JarFile.getEntry(JarFile.java:518)
11.03.2023 - 19:05:59 - 	at java.base/java.util.jar.JarFile.getJarEntry(JarFile.java:473)
11.03.2023 - 19:05:59 - 	at org.bukkit.plugin.java.PluginClassLoader.findClass(PluginClassLoader.java:189)
11.03.2023 - 19:05:59 - 	at java.base/java.lang.ClassLoader.loadClass(ClassLoader.java:587)
11.03.2023 - 19:05:59 - 	at org.bukkit.plugin.java.PluginClassLoader.loadClass0(PluginClassLoader.java:129)
11.03.2023 - 19:05:59 - 	at org.bukkit.plugin.java.PluginClassLoader.loadClass(PluginClassLoader.java:124)
11.03.2023 - 19:05:59 - 	at java.base/java.lang.ClassLoader.loadClass(ClassLoader.java:520)
11.03.2023 - 19:05:59 - 	at spworlds-1.0-SNAPSHOT.jar//com.spworlds.utils.PlaceholderApis.onRequest(PlaceholderApis.java:33)
11.03.2023 - 19:05:59 - 	at PlaceholderAPI-2.11.2.jar//me.clip.placeholderapi.replacer.CharsReplacer.apply(CharsReplacer.java:119)
11.03.2023 - 19:05:59 - 	at PlaceholderAPI-2.11.2.jar//me.clip.placeholderapi.PlaceholderAPI.setPlaceholders(PlaceholderAPI.java:71)
11.03.2023 - 19:05:59 - 	at PlaceholderAPI-2.11.2.jar//me.clip.placeholderapi.PlaceholderAPI.setPlaceholders(PlaceholderAPI.java:99)
11.03.2023 - 19:05:59 - 	at TAB.v3.2.4.jar//me.neznamy.tab.platforms.bukkit.BukkitPlatform.lambda$registerUnknownPlaceholder$2(BukkitPlatform.java:179)
11.03.2023 - 19:05:59 - 	at TAB.v3.2.4.jar//me.neznamy.tab.shared.placeholders.PlayerPlaceholderImpl.request(PlayerPlaceholderImpl.java:130)
11.03.2023 - 19:05:59 - 	at TAB.v3.2.4.jar//me.neznamy.tab.shared.placeholders.PlayerPlaceholderImpl.update(PlayerPlaceholderImpl.java:53)
11.03.2023 - 19:05:59 - 	at TAB.v3.2.4.jar//me.neznamy.tab.shared.features.PlaceholderManagerImpl.updatePlayerPlaceholder(PlaceholderManagerImpl.java:117)
11.03.2023 - 19:05:59 - 	at TAB.v3.2.4.jar//me.neznamy.tab.shared.features.PlaceholderManagerImpl.refresh(PlaceholderManagerImpl.java:68)
11.03.2023 - 19:05:59 - 	at TAB.v3.2.4.jar//me.neznamy.tab.shared.CpuManager.lambda$runMeasuredTask$8(CpuManager.java:354)
11.03.2023 - 19:05:59 - 	at TAB.v3.2.4.jar//me.neznamy.tab.shared.CpuManager.lambda$submit$1(CpuManager.java:111)
11.03.2023 - 19:05:59 - 	at java.base/java.util.concurrent.Executors$RunnableAdapter.call(Executors.java:539)
11.03.2023 - 19:05:59 - 	at java.base/java.util.concurrent.FutureTask.run(FutureTask.java:264)
11.03.2023 - 19:05:59 - 	at java.base/java.util.concurrent.ThreadPoolExecutor.runWorker(ThreadPoolExecutor.java:1136)
11.03.2023 - 19:05:59 - 	at java.base/java.util.concurrent.ThreadPoolExecutor$Worker.run(ThreadPoolExecutor.java:635)
11.03.2023 - 19:05:59 - 	at java.base/java.lang.Thread.run(Thread.java:833)
11.03.2023 - 19:05:59 - [TAB v3.2.4] Player placeholder %spbuild_getstagestring% generated an error when setting for player Dalynkaa
11.03.2023 - 19:05:59 - java.lang.IllegalStateException: zip file closed
11.03.2023 - 19:05:59 - 	at java.base/java.util.zip.ZipFile.ensureOpen(ZipFile.java:831)
11.03.2023 - 19:05:59 - 	at java.base/java.util.zip.ZipFile.getEntry(ZipFile.java:330)
11.03.2023 - 19:05:59 - 	at java.base/java.util.jar.JarFile.getEntry(JarFile.java:518)
11.03.2023 - 19:05:59 - 	at java.base/java.util.jar.JarFile.getJarEntry(JarFile.java:473)
11.03.2023 - 19:05:59 - 	at org.bukkit.plugin.java.PluginClassLoader.findClass(PluginClassLoader.java:189)
11.03.2023 - 19:05:59 - 	at java.base/java.lang.ClassLoader.loadClass(ClassLoader.java:587)
11.03.2023 - 19:05:59 - 	at org.bukkit.plugin.java.PluginClassLoader.loadClass0(PluginClassLoader.java:129)
11.03.2023 - 19:05:59 - 	at org.bukkit.plugin.java.PluginClassLoader.loadClass(PluginClassLoader.java:124)
11.03.2023 - 19:05:59 - 	at java.base/java.lang.ClassLoader.loadClass(ClassLoader.java:520)
11.03.2023 - 19:05:59 - 	at spworlds-1.0-SNAPSHOT.jar//com.spworlds.utils.PlaceholderApis.onRequest(PlaceholderApis.java:33)
11.03.2023 - 19:05:59 - 	at PlaceholderAPI-2.11.2.jar//me.clip.placeholderapi.replacer.CharsReplacer.apply(CharsReplacer.java:119)
11.03.2023 - 19:05:59 - 	at PlaceholderAPI-2.11.2.jar//me.clip.placeholderapi.PlaceholderAPI.setPlaceholders(PlaceholderAPI.java:71)
11.03.2023 - 19:05:59 - 	at PlaceholderAPI-2.11.2.jar//me.clip.placeholderapi.PlaceholderAPI.setPlaceholders(PlaceholderAPI.java:99)
11.03.2023 - 19:05:59 - 	at TAB.v3.2.4.jar//me.neznamy.tab.platforms.bukkit.BukkitPlatform.lambda$registerUnknownPlaceholder$2(BukkitPlatform.java:179)
11.03.2023 - 19:05:59 - 	at TAB.v3.2.4.jar//me.neznamy.tab.shared.placeholders.PlayerPlaceholderImpl.request(PlayerPlaceholderImpl.java:130)
11.03.2023 - 19:05:59 - 	at TAB.v3.2.4.jar//me.neznamy.tab.shared.placeholders.PlayerPlaceholderImpl.update(PlayerPlaceholderImpl.java:53)
11.03.2023 - 19:05:59 - 	at TAB.v3.2.4.jar//me.neznamy.tab.shared.features.PlaceholderManagerImpl.updatePlayerPlaceholder(PlaceholderManagerImpl.java:117)
11.03.2023 - 19:05:59 - 	at TAB.v3.2.4.jar//me.neznamy.tab.shared.features.PlaceholderManagerImpl.refresh(PlaceholderManagerImpl.java:68)
11.03.2023 - 19:05:59 - 	at TAB.v3.2.4.jar//me.neznamy.tab.shared.CpuManager.lambda$runMeasuredTask$8(CpuManager.java:354)
11.03.2023 - 19:05:59 - 	at TAB.v3.2.4.jar//me.neznamy.tab.shared.CpuManager.lambda$submit$1(CpuManager.java:111)
11.03.2023 - 19:05:59 - 	at java.base/java.util.concurrent.Executors$RunnableAdapter.call(Executors.java:539)
11.03.2023 - 19:05:59 - 	at java.base/java.util.concurrent.FutureTask.run(FutureTask.java:264)
11.03.2023 - 19:05:59 - 	at java.base/java.util.concurrent.ThreadPoolExecutor.runWorker(ThreadPoolExecutor.java:1136)
11.03.2023 - 19:05:59 - 	at java.base/java.util.concurrent.ThreadPoolExecutor$Worker.run(ThreadPoolExecutor.java:635)
11.03.2023 - 19:05:59 - 	at java.base/java.lang.Thread.run(Thread.java:833)
11.03.2023 - 19:06:00 - [TAB v3.2.4] Player placeholder %spbuild_getstagestring% generated an error when setting for player Dalynkaa
11.03.2023 - 19:06:00 - java.lang.IllegalStateException: zip file closed
11.03.2023 - 19:06:00 - 	at java.base/java.util.zip.ZipFile.ensureOpen(ZipFile.java:831)
11.03.2023 - 19:06:00 - 	at java.base/java.util.zip.ZipFile.getEntry(ZipFile.java:330)
11.03.2023 - 19:06:00 - 	at java.base/java.util.jar.JarFile.getEntry(JarFile.java:518)
11.03.2023 - 19:06:00 - 	at java.base/java.util.jar.JarFile.getJarEntry(JarFile.java:473)
11.03.2023 - 19:06:00 - 	at org.bukkit.plugin.java.PluginClassLoader.findClass(PluginClassLoader.java:189)
11.03.2023 - 19:06:00 - 	at java.base/java.lang.ClassLoader.loadClass(ClassLoader.java:587)
11.03.2023 - 19:06:00 - 	at org.bukkit.plugin.java.PluginClassLoader.loadClass0(PluginClassLoader.java:129)
11.03.2023 - 19:06:00 - 	at org.bukkit.plugin.java.PluginClassLoader.loadClass(PluginClassLoader.java:124)
11.03.2023 - 19:06:00 - 	at java.base/java.lang.ClassLoader.loadClass(ClassLoader.java:520)
11.03.2023 - 19:06:00 - 	at spworlds-1.0-SNAPSHOT.jar//com.spworlds.utils.PlaceholderApis.onRequest(PlaceholderApis.java:33)
11.03.2023 - 19:06:00 - 	at PlaceholderAPI-2.11.2.jar//me.clip.placeholderapi.replacer.CharsReplacer.apply(CharsReplacer.java:119)
11.03.2023 - 19:06:00 - 	at PlaceholderAPI-2.11.2.jar//me.clip.placeholderapi.PlaceholderAPI.setPlaceholders(PlaceholderAPI.java:71)
11.03.2023 - 19:06:00 - 	at PlaceholderAPI-2.11.2.jar//me.clip.placeholderapi.PlaceholderAPI.setPlaceholders(PlaceholderAPI.java:99)
11.03.2023 - 19:06:00 - 	at TAB.v3.2.4.jar//me.neznamy.tab.platforms.bukkit.BukkitPlatform.lambda$registerUnknownPlaceholder$2(BukkitPlatform.java:179)
11.03.2023 - 19:06:00 - 	at TAB.v3.2.4.jar//me.neznamy.tab.shared.placeholders.PlayerPlaceholderImpl.request(PlayerPlaceholderImpl.java:130)
11.03.2023 - 19:06:00 - 	at TAB.v3.2.4.jar//me.neznamy.tab.shared.placeholders.PlayerPlaceholderImpl.update(PlayerPlaceholderImpl.java:53)
11.03.2023 - 19:06:00 - 	at TAB.v3.2.4.jar//me.neznamy.tab.shared.features.PlaceholderManagerImpl.updatePlayerPlaceholder(PlaceholderManagerImpl.java:117)
11.03.2023 - 19:06:00 - 	at TAB.v3.2.4.jar//me.neznamy.tab.shared.features.PlaceholderManagerImpl.refresh(PlaceholderManagerImpl.java:68)
11.03.2023 - 19:06:00 - 	at TAB.v3.2.4.jar//me.neznamy.tab.shared.CpuManager.lambda$runMeasuredTask$8(CpuManager.java:354)
11.03.2023 - 19:06:00 - 	at TAB.v3.2.4.jar//me.neznamy.tab.shared.CpuManager.lambda$submit$1(CpuManager.java:111)
11.03.2023 - 19:06:00 - 	at java.base/java.util.concurrent.Executors$RunnableAdapter.call(Executors.java:539)
11.03.2023 - 19:06:00 - 	at java.base/java.util.concurrent.FutureTask.run(FutureTask.java:264)
11.03.2023 - 19:06:00 - 	at java.base/java.util.concurrent.ThreadPoolExecutor.runWorker(ThreadPoolExecutor.java:1136)
11.03.2023 - 19:06:00 - 	at java.base/java.util.concurrent.ThreadPoolExecutor$Worker.run(ThreadPoolExecutor.java:635)
11.03.2023 - 19:06:00 - 	at java.base/java.lang.Thread.run(Thread.java:833)
11.03.2023 - 19:06:00 - [TAB v3.2.4] Player placeholder %spbuild_getstagestring% generated an error when setting for player Dalynkaa
11.03.2023 - 19:06:00 - java.lang.IllegalStateException: zip file closed
11.03.2023 - 19:06:00 - 	at java.base/java.util.zip.ZipFile.ensureOpen(ZipFile.java:831)
11.03.2023 - 19:06:00 - 	at java.base/java.util.zip.ZipFile.getEntry(ZipFile.java:330)
11.03.2023 - 19:06:00 - 	at java.base/java.util.jar.JarFile.getEntry(JarFile.java:518)
11.03.2023 - 19:06:00 - 	at java.base/java.util.jar.JarFile.getJarEntry(JarFile.java:473)
11.03.2023 - 19:06:00 - 	at org.bukkit.plugin.java.PluginClassLoader.findClass(PluginClassLoader.java:189)
11.03.2023 - 19:06:00 - 	at java.base/java.lang.ClassLoader.loadClass(ClassLoader.java:587)
11.03.2023 - 19:06:00 - 	at org.bukkit.plugin.java.PluginClassLoader.loadClass0(PluginClassLoader.java:129)
11.03.2023 - 19:06:00 - 	at org.bukkit.plugin.java.PluginClassLoader.loadClass(PluginClassLoader.java:124)
11.03.2023 - 19:06:00 - 	at java.base/java.lang.ClassLoader.loadClass(ClassLoader.java:520)
11.03.2023 - 19:06:00 - 	at spworlds-1.0-SNAPSHOT.jar//com.spworlds.utils.PlaceholderApis.onRequest(PlaceholderApis.java:33)
11.03.2023 - 19:06:00 - 	at PlaceholderAPI-2.11.2.jar//me.clip.placeholderapi.replacer.CharsReplacer.apply(CharsReplacer.java:119)
11.03.2023 - 19:06:00 - 	at PlaceholderAPI-2.11.2.jar//me.clip.placeholderapi.PlaceholderAPI.setPlaceholders(PlaceholderAPI.java:71)
11.03.2023 - 19:06:00 - 	at PlaceholderAPI-2.11.2.jar//me.clip.placeholderapi.PlaceholderAPI.setPlaceholders(PlaceholderAPI.java:99)
11.03.2023 - 19:06:00 - 	at TAB.v3.2.4.jar//me.neznamy.tab.platforms.bukkit.BukkitPlatform.lambda$registerUnknownPlaceholder$2(BukkitPlatform.java:179)
11.03.2023 - 19:06:00 - 	at TAB.v3.2.4.jar//me.neznamy.tab.shared.placeholders.PlayerPlaceholderImpl.request(PlayerPlaceholderImpl.java:130)
11.03.2023 - 19:06:00 - 	at TAB.v3.2.4.jar//me.neznamy.tab.shared.placeholders.PlayerPlaceholderImpl.update(PlayerPlaceholderImpl.java:53)
11.03.2023 - 19:06:00 - 	at TAB.v3.2.4.jar//me.neznamy.tab.shared.features.PlaceholderManagerImpl.updatePlayerPlaceholder(PlaceholderManagerImpl.java:117)
11.03.2023 - 19:06:00 - 	at TAB.v3.2.4.jar//me.neznamy.tab.shared.features.PlaceholderManagerImpl.refresh(PlaceholderManagerImpl.java:68)
11.03.2023 - 19:06:00 - 	at TAB.v3.2.4.jar//me.neznamy.tab.shared.CpuManager.lambda$runMeasuredTask$8(CpuManager.java:354)
11.03.2023 - 19:06:00 - 	at TAB.v3.2.4.jar//me.neznamy.tab.shared.CpuManager.lambda$submit$1(CpuManager.java:111)
11.03.2023 - 19:06:00 - 	at java.base/java.util.concurrent.Executors$RunnableAdapter.call(Executors.java:539)
11.03.2023 - 19:06:00 - 	at java.base/java.util.concurrent.FutureTask.run(FutureTask.java:264)
11.03.2023 - 19:06:00 - 	at java.base/java.util.concurrent.ThreadPoolExecutor.runWorker(ThreadPoolExecutor.java:1136)
11.03.2023 - 19:06:00 - 	at java.base/java.util.concurrent.ThreadPoolExecutor$Worker.run(ThreadPoolExecutor.java:635)
11.03.2023 - 19:06:00 - 	at java.base/java.lang.Thread.run(Thread.java:833)
11.03.2023 - 19:06:01 - [TAB v3.2.4] Player placeholder %spbuild_getstagestring% generated an error when setting for player Dalynkaa
11.03.2023 - 19:06:01 - java.lang.IllegalStateException: zip file closed
11.03.2023 - 19:06:01 - 	at java.base/java.util.zip.ZipFile.ensureOpen(ZipFile.java:831)
11.03.2023 - 19:06:01 - 	at java.base/java.util.zip.ZipFile.getEntry(ZipFile.java:330)
11.03.2023 - 19:06:01 - 	at java.base/java.util.jar.JarFile.getEntry(JarFile.java:518)
11.03.2023 - 19:06:01 - 	at java.base/java.util.jar.JarFile.getJarEntry(JarFile.java:473)
11.03.2023 - 19:06:01 - 	at org.bukkit.plugin.java.PluginClassLoader.findClass(PluginClassLoader.java:189)
11.03.2023 - 19:06:01 - 	at java.base/java.lang.ClassLoader.loadClass(ClassLoader.java:587)
11.03.2023 - 19:06:01 - 	at org.bukkit.plugin.java.PluginClassLoader.loadClass0(PluginClassLoader.java:129)
11.03.2023 - 19:06:01 - 	at org.bukkit.plugin.java.PluginClassLoader.loadClass(PluginClassLoader.java:124)
11.03.2023 - 19:06:01 - 	at java.base/java.lang.ClassLoader.loadClass(ClassLoader.java:520)
11.03.2023 - 19:06:01 - 	at spworlds-1.0-SNAPSHOT.jar//com.spworlds.utils.PlaceholderApis.onRequest(PlaceholderApis.java:33)
11.03.2023 - 19:06:01 - 	at PlaceholderAPI-2.11.2.jar//me.clip.placeholderapi.replacer.CharsReplacer.apply(CharsReplacer.java:119)
11.03.2023 - 19:06:01 - 	at PlaceholderAPI-2.11.2.jar//me.clip.placeholderapi.PlaceholderAPI.setPlaceholders(PlaceholderAPI.java:71)
11.03.2023 - 19:06:01 - 	at PlaceholderAPI-2.11.2.jar//me.clip.placeholderapi.PlaceholderAPI.setPlaceholders(PlaceholderAPI.java:99)
11.03.2023 - 19:06:01 - 	at TAB.v3.2.4.jar//me.neznamy.tab.platforms.bukkit.BukkitPlatform.lambda$registerUnknownPlaceholder$2(BukkitPlatform.java:179)
11.03.2023 - 19:06:01 - 	at TAB.v3.2.4.jar//me.neznamy.tab.shared.placeholders.PlayerPlaceholderImpl.request(PlayerPlaceholderImpl.java:130)
11.03.2023 - 19:06:01 - 	at TAB.v3.2.4.jar//me.neznamy.tab.shared.placeholders.PlayerPlaceholderImpl.update(PlayerPlaceholderImpl.java:53)
11.03.2023 - 19:06:01 - 	at TAB.v3.2.4.jar//me.neznamy.tab.shared.features.PlaceholderManagerImpl.updatePlayerPlaceholder(PlaceholderManagerImpl.java:117)
11.03.2023 - 19:06:01 - 	at TAB.v3.2.4.jar//me.neznamy.tab.shared.features.PlaceholderManagerImpl.refresh(PlaceholderManagerImpl.java:68)
11.03.2023 - 19:06:01 - 	at TAB.v3.2.4.jar//me.neznamy.tab.shared.CpuManager.lambda$runMeasuredTask$8(CpuManager.java:354)
11.03.2023 - 19:06:01 - 	at TAB.v3.2.4.jar//me.neznamy.tab.shared.CpuManager.lambda$submit$1(CpuManager.java:111)
11.03.2023 - 19:06:01 - 	at java.base/java.util.concurrent.Executors$RunnableAdapter.call(Executors.java:539)
11.03.2023 - 19:06:01 - 	at java.base/java.util.concurrent.FutureTask.run(FutureTask.java:264)
11.03.2023 - 19:06:01 - 	at java.base/java.util.concurrent.ThreadPoolExecutor.runWorker(ThreadPoolExecutor.java:1136)
11.03.2023 - 19:06:01 - 	at java.base/java.util.concurrent.ThreadPoolExecutor$Worker.run(ThreadPoolExecutor.java:635)
11.03.2023 - 19:06:01 - 	at java.base/java.lang.Thread.run(Thread.java:833)
11.03.2023 - 19:06:01 - [TAB v3.2.4] Player placeholder %spbuild_getstagestring% generated an error when setting for player Dalynkaa
11.03.2023 - 19:06:01 - java.lang.IllegalStateException: zip file closed
11.03.2023 - 19:06:01 - 	at java.base/java.util.zip.ZipFile.ensureOpen(ZipFile.java:831)
11.03.2023 - 19:06:01 - 	at java.base/java.util.zip.ZipFile.getEntry(ZipFile.java:330)
11.03.2023 - 19:06:01 - 	at java.base/java.util.jar.JarFile.getEntry(JarFile.java:518)
11.03.2023 - 19:06:01 - 	at java.base/java.util.jar.JarFile.getJarEntry(JarFile.java:473)
11.03.2023 - 19:06:01 - 	at org.bukkit.plugin.java.PluginClassLoader.findClass(PluginClassLoader.java:189)
11.03.2023 - 19:06:01 - 	at java.base/java.lang.ClassLoader.loadClass(ClassLoader.java:587)
11.03.2023 - 19:06:01 - 	at org.bukkit.plugin.java.PluginClassLoader.loadClass0(PluginClassLoader.java:129)
11.03.2023 - 19:06:01 - 	at org.bukkit.plugin.java.PluginClassLoader.loadClass(PluginClassLoader.java:124)
11.03.2023 - 19:06:01 - 	at java.base/java.lang.ClassLoader.loadClass(ClassLoader.java:520)
11.03.2023 - 19:06:01 - 	at spworlds-1.0-SNAPSHOT.jar//com.spworlds.utils.PlaceholderApis.onRequest(PlaceholderApis.java:33)
11.03.2023 - 19:06:01 - 	at PlaceholderAPI-2.11.2.jar//me.clip.placeholderapi.replacer.CharsReplacer.apply(CharsReplacer.java:119)
11.03.2023 - 19:06:01 - 	at PlaceholderAPI-2.11.2.jar//me.clip.placeholderapi.PlaceholderAPI.setPlaceholders(PlaceholderAPI.java:71)
11.03.2023 - 19:06:01 - 	at PlaceholderAPI-2.11.2.jar//me.clip.placeholderapi.PlaceholderAPI.setPlaceholders(PlaceholderAPI.java:99)
11.03.2023 - 19:06:01 - 	at TAB.v3.2.4.jar//me.neznamy.tab.platforms.bukkit.BukkitPlatform.lambda$registerUnknownPlaceholder$2(BukkitPlatform.java:179)
11.03.2023 - 19:06:01 - 	at TAB.v3.2.4.jar//me.neznamy.tab.shared.placeholders.PlayerPlaceholderImpl.request(PlayerPlaceholderImpl.java:130)
11.03.2023 - 19:06:01 - 	at TAB.v3.2.4.jar//me.neznamy.tab.shared.placeholders.PlayerPlaceholderImpl.update(PlayerPlaceholderImpl.java:53)
11.03.2023 - 19:06:01 - 	at TAB.v3.2.4.jar//me.neznamy.tab.shared.features.PlaceholderManagerImpl.updatePlayerPlaceholder(PlaceholderManagerImpl.java:117)
11.03.2023 - 19:06:01 - 	at TAB.v3.2.4.jar//me.neznamy.tab.shared.features.PlaceholderManagerImpl.refresh(PlaceholderManagerImpl.java:68)
11.03.2023 - 19:06:01 - 	at TAB.v3.2.4.jar//me.neznamy.tab.shared.CpuManager.lambda$runMeasuredTask$8(CpuManager.java:354)
11.03.2023 - 19:06:01 - 	at TAB.v3.2.4.jar//me.neznamy.tab.shared.CpuManager.lambda$submit$1(CpuManager.java:111)
11.03.2023 - 19:06:01 - 	at java.base/java.util.concurrent.Executors$RunnableAdapter.call(Executors.java:539)
11.03.2023 - 19:06:01 - 	at java.base/java.util.concurrent.FutureTask.run(FutureTask.java:264)
11.03.2023 - 19:06:01 - 	at java.base/java.util.concurrent.ThreadPoolExecutor.runWorker(ThreadPoolExecutor.java:1136)
11.03.2023 - 19:06:01 - 	at java.base/java.util.concurrent.ThreadPoolExecutor$Worker.run(ThreadPoolExecutor.java:635)
11.03.2023 - 19:06:01 - 	at java.base/java.lang.Thread.run(Thread.java:833)
11.03.2023 - 19:06:02 - [TAB v3.2.4] Player placeholder %spbuild_getstagestring% generated an error when setting for player Dalynkaa
11.03.2023 - 19:06:02 - java.lang.IllegalStateException: zip file closed
11.03.2023 - 19:06:02 - 	at java.base/java.util.zip.ZipFile.ensureOpen(ZipFile.java:831)
11.03.2023 - 19:06:02 - 	at java.base/java.util.zip.ZipFile.getEntry(ZipFile.java:330)
11.03.2023 - 19:06:02 - 	at java.base/java.util.jar.JarFile.getEntry(JarFile.java:518)
11.03.2023 - 19:06:02 - 	at java.base/java.util.jar.JarFile.getJarEntry(JarFile.java:473)
11.03.2023 - 19:06:02 - 	at org.bukkit.plugin.java.PluginClassLoader.findClass(PluginClassLoader.java:189)
11.03.2023 - 19:06:02 - 	at java.base/java.lang.ClassLoader.loadClass(ClassLoader.java:587)
11.03.2023 - 19:06:02 - 	at org.bukkit.plugin.java.PluginClassLoader.loadClass0(PluginClassLoader.java:129)
11.03.2023 - 19:06:02 - 	at org.bukkit.plugin.java.PluginClassLoader.loadClass(PluginClassLoader.java:124)
11.03.2023 - 19:06:02 - 	at java.base/java.lang.ClassLoader.loadClass(ClassLoader.java:520)
11.03.2023 - 19:06:02 - 	at spworlds-1.0-SNAPSHOT.jar//com.spworlds.utils.PlaceholderApis.onRequest(PlaceholderApis.java:33)
11.03.2023 - 19:06:02 - 	at PlaceholderAPI-2.11.2.jar//me.clip.placeholderapi.replacer.CharsReplacer.apply(CharsReplacer.java:119)
11.03.2023 - 19:06:02 - 	at PlaceholderAPI-2.11.2.jar//me.clip.placeholderapi.PlaceholderAPI.setPlaceholders(PlaceholderAPI.java:71)
11.03.2023 - 19:06:02 - 	at PlaceholderAPI-2.11.2.jar//me.clip.placeholderapi.PlaceholderAPI.setPlaceholders(PlaceholderAPI.java:99)
11.03.2023 - 19:06:02 - 	at TAB.v3.2.4.jar//me.neznamy.tab.platforms.bukkit.BukkitPlatform.lambda$registerUnknownPlaceholder$2(BukkitPlatform.java:179)
11.03.2023 - 19:06:02 - 	at TAB.v3.2.4.jar//me.neznamy.tab.shared.placeholders.PlayerPlaceholderImpl.request(PlayerPlaceholderImpl.java:130)
11.03.2023 - 19:06:02 - 	at TAB.v3.2.4.jar//me.neznamy.tab.shared.placeholders.PlayerPlaceholderImpl.update(PlayerPlaceholderImpl.java:53)
11.03.2023 - 19:06:02 - 	at TAB.v3.2.4.jar//me.neznamy.tab.shared.features.PlaceholderManagerImpl.updatePlayerPlaceholder(PlaceholderManagerImpl.java:117)
11.03.2023 - 19:06:02 - 	at TAB.v3.2.4.jar//me.neznamy.tab.shared.features.PlaceholderManagerImpl.refresh(PlaceholderManagerImpl.java:68)
11.03.2023 - 19:06:02 - 	at TAB.v3.2.4.jar//me.neznamy.tab.shared.CpuManager.lambda$runMeasuredTask$8(CpuManager.java:354)
11.03.2023 - 19:06:02 - 	at TAB.v3.2.4.jar//me.neznamy.tab.shared.CpuManager.lambda$submit$1(CpuManager.java:111)
11.03.2023 - 19:06:02 - 	at java.base/java.util.concurrent.Executors$RunnableAdapter.call(Executors.java:539)
11.03.2023 - 19:06:02 - 	at java.base/java.util.concurrent.FutureTask.run(FutureTask.java:264)
11.03.2023 - 19:06:02 - 	at java.base/java.util.concurrent.ThreadPoolExecutor.runWorker(ThreadPoolExecutor.java:1136)
11.03.2023 - 19:06:02 - 	at java.base/java.util.concurrent.ThreadPoolExecutor$Worker.run(ThreadPoolExecutor.java:635)
11.03.2023 - 19:06:02 - 	at java.base/java.lang.Thread.run(Thread.java:833)
11.03.2023 - 19:06:02 - [TAB v3.2.4] Player placeholder %spbuild_getstagestring% generated an error when setting for player Dalynkaa
11.03.2023 - 19:06:02 - java.lang.IllegalStateException: zip file closed
11.03.2023 - 19:06:02 - 	at java.base/java.util.zip.ZipFile.ensureOpen(ZipFile.java:831)
11.03.2023 - 19:06:02 - 	at java.base/java.util.zip.ZipFile.getEntry(ZipFile.java:330)
11.03.2023 - 19:06:02 - 	at java.base/java.util.jar.JarFile.getEntry(JarFile.java:518)
11.03.2023 - 19:06:02 - 	at java.base/java.util.jar.JarFile.getJarEntry(JarFile.java:473)
11.03.2023 - 19:06:02 - 	at org.bukkit.plugin.java.PluginClassLoader.findClass(PluginClassLoader.java:189)
11.03.2023 - 19:06:02 - 	at java.base/java.lang.ClassLoader.loadClass(ClassLoader.java:587)
11.03.2023 - 19:06:02 - 	at org.bukkit.plugin.java.PluginClassLoader.loadClass0(PluginClassLoader.java:129)
11.03.2023 - 19:06:02 - 	at org.bukkit.plugin.java.PluginClassLoader.loadClass(PluginClassLoader.java:124)
11.03.2023 - 19:06:02 - 	at java.base/java.lang.ClassLoader.loadClass(ClassLoader.java:520)
11.03.2023 - 19:06:02 - 	at spworlds-1.0-SNAPSHOT.jar//com.spworlds.utils.PlaceholderApis.onRequest(PlaceholderApis.java:33)
11.03.2023 - 19:06:02 - 	at PlaceholderAPI-2.11.2.jar//me.clip.placeholderapi.replacer.CharsReplacer.apply(CharsReplacer.java:119)
11.03.2023 - 19:06:02 - 	at PlaceholderAPI-2.11.2.jar//me.clip.placeholderapi.PlaceholderAPI.setPlaceholders(PlaceholderAPI.java:71)
11.03.2023 - 19:06:02 - 	at PlaceholderAPI-2.11.2.jar//me.clip.placeholderapi.PlaceholderAPI.setPlaceholders(PlaceholderAPI.java:99)
11.03.2023 - 19:06:02 - 	at TAB.v3.2.4.jar//me.neznamy.tab.platforms.bukkit.BukkitPlatform.lambda$registerUnknownPlaceholder$2(BukkitPlatform.java:179)
11.03.2023 - 19:06:02 - 	at TAB.v3.2.4.jar//me.neznamy.tab.shared.placeholders.PlayerPlaceholderImpl.request(PlayerPlaceholderImpl.java:130)
11.03.2023 - 19:06:02 - 	at TAB.v3.2.4.jar//me.neznamy.tab.shared.placeholders.PlayerPlaceholderImpl.update(PlayerPlaceholderImpl.java:53)
11.03.2023 - 19:06:02 - 	at TAB.v3.2.4.jar//me.neznamy.tab.shared.features.PlaceholderManagerImpl.updatePlayerPlaceholder(PlaceholderManagerImpl.java:117)
11.03.2023 - 19:06:02 - 	at TAB.v3.2.4.jar//me.neznamy.tab.shared.features.PlaceholderManagerImpl.refresh(PlaceholderManagerImpl.java:68)
11.03.2023 - 19:06:02 - 	at TAB.v3.2.4.jar//me.neznamy.tab.shared.CpuManager.lambda$runMeasuredTask$8(CpuManager.java:354)
11.03.2023 - 19:06:02 - 	at TAB.v3.2.4.jar//me.neznamy.tab.shared.CpuManager.lambda$submit$1(CpuManager.java:111)
11.03.2023 - 19:06:02 - 	at java.base/java.util.concurrent.Executors$RunnableAdapter.call(Executors.java:539)
11.03.2023 - 19:06:02 - 	at java.base/java.util.concurrent.FutureTask.run(FutureTask.java:264)
11.03.2023 - 19:06:02 - 	at java.base/java.util.concurrent.ThreadPoolExecutor.runWorker(ThreadPoolExecutor.java:1136)
11.03.2023 - 19:06:02 - 	at java.base/java.util.concurrent.ThreadPoolExecutor$Worker.run(ThreadPoolExecutor.java:635)
11.03.2023 - 19:06:02 - 	at java.base/java.lang.Thread.run(Thread.java:833)
11.03.2023 - 19:06:03 - [TAB v3.2.4] Player placeholder %spbuild_getstagestring% generated an error when setting for player Dalynkaa
11.03.2023 - 19:06:03 - java.lang.IllegalStateException: zip file closed
11.03.2023 - 19:06:03 - 	at java.base/java.util.zip.ZipFile.ensureOpen(ZipFile.java:831)
11.03.2023 - 19:06:03 - 	at java.base/java.util.zip.ZipFile.getEntry(ZipFile.java:330)
11.03.2023 - 19:06:03 - 	at java.base/java.util.jar.JarFile.getEntry(JarFile.java:518)
11.03.2023 - 19:06:03 - 	at java.base/java.util.jar.JarFile.getJarEntry(JarFile.java:473)
11.03.2023 - 19:06:03 - 	at org.bukkit.plugin.java.PluginClassLoader.findClass(PluginClassLoader.java:189)
11.03.2023 - 19:06:03 - 	at java.base/java.lang.ClassLoader.loadClass(ClassLoader.java:587)
11.03.2023 - 19:06:03 - 	at org.bukkit.plugin.java.PluginClassLoader.loadClass0(PluginClassLoader.java:129)
11.03.2023 - 19:06:03 - 	at org.bukkit.plugin.java.PluginClassLoader.loadClass(PluginClassLoader.java:124)
11.03.2023 - 19:06:03 - 	at java.base/java.lang.ClassLoader.loadClass(ClassLoader.java:520)
11.03.2023 - 19:06:03 - 	at spworlds-1.0-SNAPSHOT.jar//com.spworlds.utils.PlaceholderApis.onRequest(PlaceholderApis.java:33)
11.03.2023 - 19:06:03 - 	at PlaceholderAPI-2.11.2.jar//me.clip.placeholderapi.replacer.CharsReplacer.apply(CharsReplacer.java:119)
11.03.2023 - 19:06:03 - 	at PlaceholderAPI-2.11.2.jar//me.clip.placeholderapi.PlaceholderAPI.setPlaceholders(PlaceholderAPI.java:71)
11.03.2023 - 19:06:03 - 	at PlaceholderAPI-2.11.2.jar//me.clip.placeholderapi.PlaceholderAPI.setPlaceholders(PlaceholderAPI.java:99)
11.03.2023 - 19:06:03 - 	at TAB.v3.2.4.jar//me.neznamy.tab.platforms.bukkit.BukkitPlatform.lambda$registerUnknownPlaceholder$2(BukkitPlatform.java:179)
11.03.2023 - 19:06:03 - 	at TAB.v3.2.4.jar//me.neznamy.tab.shared.placeholders.PlayerPlaceholderImpl.request(PlayerPlaceholderImpl.java:130)
11.03.2023 - 19:06:03 - 	at TAB.v3.2.4.jar//me.neznamy.tab.shared.placeholders.PlayerPlaceholderImpl.update(PlayerPlaceholderImpl.java:53)
11.03.2023 - 19:06:03 - 	at TAB.v3.2.4.jar//me.neznamy.tab.shared.features.PlaceholderManagerImpl.updatePlayerPlaceholder(PlaceholderManagerImpl.java:117)
11.03.2023 - 19:06:03 - 	at TAB.v3.2.4.jar//me.neznamy.tab.shared.features.PlaceholderManagerImpl.refresh(PlaceholderManagerImpl.java:68)
11.03.2023 - 19:06:03 - 	at TAB.v3.2.4.jar//me.neznamy.tab.shared.CpuManager.lambda$runMeasuredTask$8(CpuManager.java:354)
11.03.2023 - 19:06:03 - 	at TAB.v3.2.4.jar//me.neznamy.tab.shared.CpuManager.lambda$submit$1(CpuManager.java:111)
11.03.2023 - 19:06:03 - 	at java.base/java.util.concurrent.Executors$RunnableAdapter.call(Executors.java:539)
11.03.2023 - 19:06:03 - 	at java.base/java.util.concurrent.FutureTask.run(FutureTask.java:264)
11.03.2023 - 19:06:03 - 	at java.base/java.util.concurrent.ThreadPoolExecutor.runWorker(ThreadPoolExecutor.java:1136)
11.03.2023 - 19:06:03 - 	at java.base/java.util.concurrent.ThreadPoolExecutor$Worker.run(ThreadPoolExecutor.java:635)
11.03.2023 - 19:06:03 - 	at java.base/java.lang.Thread.run(Thread.java:833)
11.03.2023 - 19:06:03 - [TAB v3.2.4] Player placeholder %spbuild_getstagestring% generated an error when setting for player Dalynkaa
11.03.2023 - 19:06:03 - java.lang.IllegalStateException: zip file closed
11.03.2023 - 19:06:03 - 	at java.base/java.util.zip.ZipFile.ensureOpen(ZipFile.java:831)
11.03.2023 - 19:06:03 - 	at java.base/java.util.zip.ZipFile.getEntry(ZipFile.java:330)
11.03.2023 - 19:06:03 - 	at java.base/java.util.jar.JarFile.getEntry(JarFile.java:518)
11.03.2023 - 19:06:03 - 	at java.base/java.util.jar.JarFile.getJarEntry(JarFile.java:473)
11.03.2023 - 19:06:03 - 	at org.bukkit.plugin.java.PluginClassLoader.findClass(PluginClassLoader.java:189)
11.03.2023 - 19:06:03 - 	at java.base/java.lang.ClassLoader.loadClass(ClassLoader.java:587)
11.03.2023 - 19:06:03 - 	at org.bukkit.plugin.java.PluginClassLoader.loadClass0(PluginClassLoader.java:129)
11.03.2023 - 19:06:03 - 	at org.bukkit.plugin.java.PluginClassLoader.loadClass(PluginClassLoader.java:124)
11.03.2023 - 19:06:03 - 	at java.base/java.lang.ClassLoader.loadClass(ClassLoader.java:520)
11.03.2023 - 19:06:03 - 	at spworlds-1.0-SNAPSHOT.jar//com.spworlds.utils.PlaceholderApis.onRequest(PlaceholderApis.java:33)
11.03.2023 - 19:06:03 - 	at PlaceholderAPI-2.11.2.jar//me.clip.placeholderapi.replacer.CharsReplacer.apply(CharsReplacer.java:119)
11.03.2023 - 19:06:03 - 	at PlaceholderAPI-2.11.2.jar//me.clip.placeholderapi.PlaceholderAPI.setPlaceholders(PlaceholderAPI.java:71)
11.03.2023 - 19:06:03 - 	at PlaceholderAPI-2.11.2.jar//me.clip.placeholderapi.PlaceholderAPI.setPlaceholders(PlaceholderAPI.java:99)
11.03.2023 - 19:06:03 - 	at TAB.v3.2.4.jar//me.neznamy.tab.platforms.bukkit.BukkitPlatform.lambda$registerUnknownPlaceholder$2(BukkitPlatform.java:179)
11.03.2023 - 19:06:03 - 	at TAB.v3.2.4.jar//me.neznamy.tab.shared.placeholders.PlayerPlaceholderImpl.request(PlayerPlaceholderImpl.java:130)
11.03.2023 - 19:06:03 - 	at TAB.v3.2.4.jar//me.neznamy.tab.shared.placeholders.PlayerPlaceholderImpl.update(PlayerPlaceholderImpl.java:53)
11.03.2023 - 19:06:03 - 	at TAB.v3.2.4.jar//me.neznamy.tab.shared.features.PlaceholderManagerImpl.updatePlayerPlaceholder(PlaceholderManagerImpl.java:117)
11.03.2023 - 19:06:03 - 	at TAB.v3.2.4.jar//me.neznamy.tab.shared.features.PlaceholderManagerImpl.refresh(PlaceholderManagerImpl.java:68)
11.03.2023 - 19:06:03 - 	at TAB.v3.2.4.jar//me.neznamy.tab.shared.CpuManager.lambda$runMeasuredTask$8(CpuManager.java:354)
11.03.2023 - 19:06:03 - 	at TAB.v3.2.4.jar//me.neznamy.tab.shared.CpuManager.lambda$submit$1(CpuManager.java:111)
11.03.2023 - 19:06:03 - 	at java.base/java.util.concurrent.Executors$RunnableAdapter.call(Executors.java:539)
11.03.2023 - 19:06:03 - 	at java.base/java.util.concurrent.FutureTask.run(FutureTask.java:264)
11.03.2023 - 19:06:03 - 	at java.base/java.util.concurrent.ThreadPoolExecutor.runWorker(ThreadPoolExecutor.java:1136)
11.03.2023 - 19:06:03 - 	at java.base/java.util.concurrent.ThreadPoolExecutor$Worker.run(ThreadPoolExecutor.java:635)
11.03.2023 - 19:06:03 - 	at java.base/java.lang.Thread.run(Thread.java:833)
11.03.2023 - 19:06:04 - [TAB v3.2.4] Player placeholder %spbuild_getstagestring% generated an error when setting for player Dalynkaa
11.03.2023 - 19:06:04 - java.lang.IllegalStateException: zip file closed
11.03.2023 - 19:06:04 - 	at java.base/java.util.zip.ZipFile.ensureOpen(ZipFile.java:831)
11.03.2023 - 19:06:04 - 	at java.base/java.util.zip.ZipFile.getEntry(ZipFile.java:330)
11.03.2023 - 19:06:04 - 	at java.base/java.util.jar.JarFile.getEntry(JarFile.java:518)
11.03.2023 - 19:06:04 - 	at java.base/java.util.jar.JarFile.getJarEntry(JarFile.java:473)
11.03.2023 - 19:06:04 - 	at org.bukkit.plugin.java.PluginClassLoader.findClass(PluginClassLoader.java:189)
11.03.2023 - 19:06:04 - 	at java.base/java.lang.ClassLoader.loadClass(ClassLoader.java:587)
11.03.2023 - 19:06:04 - 	at org.bukkit.plugin.java.PluginClassLoader.loadClass0(PluginClassLoader.java:129)
11.03.2023 - 19:06:04 - 	at org.bukkit.plugin.java.PluginClassLoader.loadClass(PluginClassLoader.java:124)
11.03.2023 - 19:06:04 - 	at java.base/java.lang.ClassLoader.loadClass(ClassLoader.java:520)
11.03.2023 - 19:06:04 - 	at spworlds-1.0-SNAPSHOT.jar//com.spworlds.utils.PlaceholderApis.onRequest(PlaceholderApis.java:33)
11.03.2023 - 19:06:04 - 	at PlaceholderAPI-2.11.2.jar//me.clip.placeholderapi.replacer.CharsReplacer.apply(CharsReplacer.java:119)
11.03.2023 - 19:06:04 - 	at PlaceholderAPI-2.11.2.jar//me.clip.placeholderapi.PlaceholderAPI.setPlaceholders(PlaceholderAPI.java:71)
11.03.2023 - 19:06:04 - 	at PlaceholderAPI-2.11.2.jar//me.clip.placeholderapi.PlaceholderAPI.setPlaceholders(PlaceholderAPI.java:99)
11.03.2023 - 19:06:04 - 	at TAB.v3.2.4.jar//me.neznamy.tab.platforms.bukkit.BukkitPlatform.lambda$registerUnknownPlaceholder$2(BukkitPlatform.java:179)
11.03.2023 - 19:06:04 - 	at TAB.v3.2.4.jar//me.neznamy.tab.shared.placeholders.PlayerPlaceholderImpl.request(PlayerPlaceholderImpl.java:130)
11.03.2023 - 19:06:04 - 	at TAB.v3.2.4.jar//me.neznamy.tab.shared.placeholders.PlayerPlaceholderImpl.update(PlayerPlaceholderImpl.java:53)
11.03.2023 - 19:06:04 - 	at TAB.v3.2.4.jar//me.neznamy.tab.shared.features.PlaceholderManagerImpl.updatePlayerPlaceholder(PlaceholderManagerImpl.java:117)
11.03.2023 - 19:06:04 - 	at TAB.v3.2.4.jar//me.neznamy.tab.shared.features.PlaceholderManagerImpl.refresh(PlaceholderManagerImpl.java:68)
11.03.2023 - 19:06:04 - 	at TAB.v3.2.4.jar//me.neznamy.tab.shared.CpuManager.lambda$runMeasuredTask$8(CpuManager.java:354)
11.03.2023 - 19:06:04 - 	at TAB.v3.2.4.jar//me.neznamy.tab.shared.CpuManager.lambda$submit$1(CpuManager.java:111)
11.03.2023 - 19:06:04 - 	at java.base/java.util.concurrent.Executors$RunnableAdapter.call(Executors.java:539)
11.03.2023 - 19:06:04 - 	at java.base/java.util.concurrent.FutureTask.run(FutureTask.java:264)
11.03.2023 - 19:06:04 - 	at java.base/java.util.concurrent.ThreadPoolExecutor.runWorker(ThreadPoolExecutor.java:1136)
11.03.2023 - 19:06:04 - 	at java.base/java.util.concurrent.ThreadPoolExecutor$Worker.run(ThreadPoolExecutor.java:635)
11.03.2023 - 19:06:04 - 	at java.base/java.lang.Thread.run(Thread.java:833)
11.03.2023 - 19:06:04 - [TAB v3.2.4] Player placeholder %spbuild_getstagestring% generated an error when setting for player Dalynkaa
11.03.2023 - 19:06:04 - java.lang.IllegalStateException: zip file closed
11.03.2023 - 19:06:04 - 	at java.base/java.util.zip.ZipFile.ensureOpen(ZipFile.java:831)
11.03.2023 - 19:06:04 - 	at java.base/java.util.zip.ZipFile.getEntry(ZipFile.java:330)
11.03.2023 - 19:06:04 - 	at java.base/java.util.jar.JarFile.getEntry(JarFile.java:518)
11.03.2023 - 19:06:04 - 	at java.base/java.util.jar.JarFile.getJarEntry(JarFile.java:473)
11.03.2023 - 19:06:04 - 	at org.bukkit.plugin.java.PluginClassLoader.findClass(PluginClassLoader.java:189)
11.03.2023 - 19:06:04 - 	at java.base/java.lang.ClassLoader.loadClass(ClassLoader.java:587)
11.03.2023 - 19:06:04 - 	at org.bukkit.plugin.java.PluginClassLoader.loadClass0(PluginClassLoader.java:129)
11.03.2023 - 19:06:04 - 	at org.bukkit.plugin.java.PluginClassLoader.loadClass(PluginClassLoader.java:124)
11.03.2023 - 19:06:04 - 	at java.base/java.lang.ClassLoader.loadClass(ClassLoader.java:520)
11.03.2023 - 19:06:04 - 	at spworlds-1.0-SNAPSHOT.jar//com.spworlds.utils.PlaceholderApis.onRequest(PlaceholderApis.java:33)
11.03.2023 - 19:06:04 - 	at PlaceholderAPI-2.11.2.jar//me.clip.placeholderapi.replacer.CharsReplacer.apply(CharsReplacer.java:119)
11.03.2023 - 19:06:04 - 	at PlaceholderAPI-2.11.2.jar//me.clip.placeholderapi.PlaceholderAPI.setPlaceholders(PlaceholderAPI.java:71)
11.03.2023 - 19:06:04 - 	at PlaceholderAPI-2.11.2.jar//me.clip.placeholderapi.PlaceholderAPI.setPlaceholders(PlaceholderAPI.java:99)
11.03.2023 - 19:06:04 - 	at TAB.v3.2.4.jar//me.neznamy.tab.platforms.bukkit.BukkitPlatform.lambda$registerUnknownPlaceholder$2(BukkitPlatform.java:179)
11.03.2023 - 19:06:04 - 	at TAB.v3.2.4.jar//me.neznamy.tab.shared.placeholders.PlayerPlaceholderImpl.request(PlayerPlaceholderImpl.java:130)
11.03.2023 - 19:06:04 - 	at TAB.v3.2.4.jar//me.neznamy.tab.shared.placeholders.PlayerPlaceholderImpl.update(PlayerPlaceholderImpl.java:53)
11.03.2023 - 19:06:04 - 	at TAB.v3.2.4.jar//me.neznamy.tab.shared.features.PlaceholderManagerImpl.updatePlayerPlaceholder(PlaceholderManagerImpl.java:117)
11.03.2023 - 19:06:04 - 	at TAB.v3.2.4.jar//me.neznamy.tab.shared.features.PlaceholderManagerImpl.refresh(PlaceholderManagerImpl.java:68)
11.03.2023 - 19:06:04 - 	at TAB.v3.2.4.jar//me.neznamy.tab.shared.CpuManager.lambda$runMeasuredTask$8(CpuManager.java:354)
11.03.2023 - 19:06:04 - 	at TAB.v3.2.4.jar//me.neznamy.tab.shared.CpuManager.lambda$submit$1(CpuManager.java:111)
11.03.2023 - 19:06:04 - 	at java.base/java.util.concurrent.Executors$RunnableAdapter.call(Executors.java:539)
11.03.2023 - 19:06:04 - 	at java.base/java.util.concurrent.FutureTask.run(FutureTask.java:264)
11.03.2023 - 19:06:04 - 	at java.base/java.util.concurrent.ThreadPoolExecutor.runWorker(ThreadPoolExecutor.java:1136)
11.03.2023 - 19:06:04 - 	at java.base/java.util.concurrent.ThreadPoolExecutor$Worker.run(ThreadPoolExecutor.java:635)
11.03.2023 - 19:06:04 - 	at java.base/java.lang.Thread.run(Thread.java:833)
11.03.2023 - 19:06:05 - [TAB v3.2.4] Player placeholder %spbuild_getstagestring% generated an error when setting for player Dalynkaa
11.03.2023 - 19:06:05 - java.lang.IllegalStateException: zip file closed
11.03.2023 - 19:06:05 - 	at java.base/java.util.zip.ZipFile.ensureOpen(ZipFile.java:831)
11.03.2023 - 19:06:05 - 	at java.base/java.util.zip.ZipFile.getEntry(ZipFile.java:330)
11.03.2023 - 19:06:05 - 	at java.base/java.util.jar.JarFile.getEntry(JarFile.java:518)
11.03.2023 - 19:06:05 - 	at java.base/java.util.jar.JarFile.getJarEntry(JarFile.java:473)
11.03.2023 - 19:06:05 - 	at org.bukkit.plugin.java.PluginClassLoader.findClass(PluginClassLoader.java:189)
11.03.2023 - 19:06:05 - 	at java.base/java.lang.ClassLoader.loadClass(ClassLoader.java:587)
11.03.2023 - 19:06:05 - 	at org.bukkit.plugin.java.PluginClassLoader.loadClass0(PluginClassLoader.java:129)
11.03.2023 - 19:06:05 - 	at org.bukkit.plugin.java.PluginClassLoader.loadClass(PluginClassLoader.java:124)
11.03.2023 - 19:06:05 - 	at java.base/java.lang.ClassLoader.loadClass(ClassLoader.java:520)
11.03.2023 - 19:06:05 - 	at spworlds-1.0-SNAPSHOT.jar//com.spworlds.utils.PlaceholderApis.onRequest(PlaceholderApis.java:33)
11.03.2023 - 19:06:05 - 	at PlaceholderAPI-2.11.2.jar//me.clip.placeholderapi.replacer.CharsReplacer.apply(CharsReplacer.java:119)
11.03.2023 - 19:06:05 - 	at PlaceholderAPI-2.11.2.jar//me.clip.placeholderapi.PlaceholderAPI.setPlaceholders(PlaceholderAPI.java:71)
11.03.2023 - 19:06:05 - 	at PlaceholderAPI-2.11.2.jar//me.clip.placeholderapi.PlaceholderAPI.setPlaceholders(PlaceholderAPI.java:99)
11.03.2023 - 19:06:05 - 	at TAB.v3.2.4.jar//me.neznamy.tab.platforms.bukkit.BukkitPlatform.lambda$registerUnknownPlaceholder$2(BukkitPlatform.java:179)
11.03.2023 - 19:06:05 - 	at TAB.v3.2.4.jar//me.neznamy.tab.shared.placeholders.PlayerPlaceholderImpl.request(PlayerPlaceholderImpl.java:130)
11.03.2023 - 19:06:05 - 	at TAB.v3.2.4.jar//me.neznamy.tab.shared.placeholders.PlayerPlaceholderImpl.update(PlayerPlaceholderImpl.java:53)
11.03.2023 - 19:06:05 - 	at TAB.v3.2.4.jar//me.neznamy.tab.shared.features.PlaceholderManagerImpl.updatePlayerPlaceholder(PlaceholderManagerImpl.java:117)
11.03.2023 - 19:06:05 - 	at TAB.v3.2.4.jar//me.neznamy.tab.shared.features.PlaceholderManagerImpl.refresh(PlaceholderManagerImpl.java:68)
11.03.2023 - 19:06:05 - 	at TAB.v3.2.4.jar//me.neznamy.tab.shared.CpuManager.lambda$runMeasuredTask$8(CpuManager.java:354)
11.03.2023 - 19:06:05 - 	at TAB.v3.2.4.jar//me.neznamy.tab.shared.CpuManager.lambda$submit$1(CpuManager.java:111)
11.03.2023 - 19:06:05 - 	at java.base/java.util.concurrent.Executors$RunnableAdapter.call(Executors.java:539)
11.03.2023 - 19:06:05 - 	at java.base/java.util.concurrent.FutureTask.run(FutureTask.java:264)
11.03.2023 - 19:06:05 - 	at java.base/java.util.concurrent.ThreadPoolExecutor.runWorker(ThreadPoolExecutor.java:1136)
11.03.2023 - 19:06:05 - 	at java.base/java.util.concurrent.ThreadPoolExecutor$Worker.run(ThreadPoolExecutor.java:635)
11.03.2023 - 19:06:05 - 	at java.base/java.lang.Thread.run(Thread.java:833)
11.03.2023 - 19:06:05 - [TAB v3.2.4] Player placeholder %spbuild_getstagestring% generated an error when setting for player Dalynkaa
11.03.2023 - 19:06:05 - java.lang.IllegalStateException: zip file closed
11.03.2023 - 19:06:05 - 	at java.base/java.util.zip.ZipFile.ensureOpen(ZipFile.java:831)
11.03.2023 - 19:06:05 - 	at java.base/java.util.zip.ZipFile.getEntry(ZipFile.java:330)
11.03.2023 - 19:06:05 - 	at java.base/java.util.jar.JarFile.getEntry(JarFile.java:518)
11.03.2023 - 19:06:05 - 	at java.base/java.util.jar.JarFile.getJarEntry(JarFile.java:473)
11.03.2023 - 19:06:05 - 	at org.bukkit.plugin.java.PluginClassLoader.findClass(PluginClassLoader.java:189)
11.03.2023 - 19:06:05 - 	at java.base/java.lang.ClassLoader.loadClass(ClassLoader.java:587)
11.03.2023 - 19:06:05 - 	at org.bukkit.plugin.java.PluginClassLoader.loadClass0(PluginClassLoader.java:129)
11.03.2023 - 19:06:05 - 	at org.bukkit.plugin.java.PluginClassLoader.loadClass(PluginClassLoader.java:124)
11.03.2023 - 19:06:05 - 	at java.base/java.lang.ClassLoader.loadClass(ClassLoader.java:520)
11.03.2023 - 19:06:05 - 	at spworlds-1.0-SNAPSHOT.jar//com.spworlds.utils.PlaceholderApis.onRequest(PlaceholderApis.java:33)
11.03.2023 - 19:06:05 - 	at PlaceholderAPI-2.11.2.jar//me.clip.placeholderapi.replacer.CharsReplacer.apply(CharsReplacer.java:119)
11.03.2023 - 19:06:05 - 	at PlaceholderAPI-2.11.2.jar//me.clip.placeholderapi.PlaceholderAPI.setPlaceholders(PlaceholderAPI.java:71)
11.03.2023 - 19:06:05 - 	at PlaceholderAPI-2.11.2.jar//me.clip.placeholderapi.PlaceholderAPI.setPlaceholders(PlaceholderAPI.java:99)
11.03.2023 - 19:06:05 - 	at TAB.v3.2.4.jar//me.neznamy.tab.platforms.bukkit.BukkitPlatform.lambda$registerUnknownPlaceholder$2(BukkitPlatform.java:179)
11.03.2023 - 19:06:05 - 	at TAB.v3.2.4.jar//me.neznamy.tab.shared.placeholders.PlayerPlaceholderImpl.request(PlayerPlaceholderImpl.java:130)
11.03.2023 - 19:06:05 - 	at TAB.v3.2.4.jar//me.neznamy.tab.shared.placeholders.PlayerPlaceholderImpl.update(PlayerPlaceholderImpl.java:53)
11.03.2023 - 19:06:05 - 	at TAB.v3.2.4.jar//me.neznamy.tab.shared.features.PlaceholderManagerImpl.updatePlayerPlaceholder(PlaceholderManagerImpl.java:117)
11.03.2023 - 19:06:05 - 	at TAB.v3.2.4.jar//me.neznamy.tab.shared.features.PlaceholderManagerImpl.refresh(PlaceholderManagerImpl.java:68)
11.03.2023 - 19:06:05 - 	at TAB.v3.2.4.jar//me.neznamy.tab.shared.CpuManager.lambda$runMeasuredTask$8(CpuManager.java:354)
11.03.2023 - 19:06:05 - 	at TAB.v3.2.4.jar//me.neznamy.tab.shared.CpuManager.lambda$submit$1(CpuManager.java:111)
11.03.2023 - 19:06:05 - 	at java.base/java.util.concurrent.Executors$RunnableAdapter.call(Executors.java:539)
11.03.2023 - 19:06:05 - 	at java.base/java.util.concurrent.FutureTask.run(FutureTask.java:264)
11.03.2023 - 19:06:05 - 	at java.base/java.util.concurrent.ThreadPoolExecutor.runWorker(ThreadPoolExecutor.java:1136)
11.03.2023 - 19:06:05 - 	at java.base/java.util.concurrent.ThreadPoolExecutor$Worker.run(ThreadPoolExecutor.java:635)
11.03.2023 - 19:06:05 - 	at java.base/java.lang.Thread.run(Thread.java:833)
11.03.2023 - 19:06:06 - [TAB v3.2.4] Player placeholder %spbuild_getstagestring% generated an error when setting for player Dalynkaa
11.03.2023 - 19:06:06 - java.lang.IllegalStateException: zip file closed
11.03.2023 - 19:06:06 - 	at java.base/java.util.zip.ZipFile.ensureOpen(ZipFile.java:831)
11.03.2023 - 19:06:06 - 	at java.base/java.util.zip.ZipFile.getEntry(ZipFile.java:330)
11.03.2023 - 19:06:06 - 	at java.base/java.util.jar.JarFile.getEntry(JarFile.java:518)
11.03.2023 - 19:06:06 - 	at java.base/java.util.jar.JarFile.getJarEntry(JarFile.java:473)
11.03.2023 - 19:06:06 - 	at org.bukkit.plugin.java.PluginClassLoader.findClass(PluginClassLoader.java:189)
11.03.2023 - 19:06:06 - 	at java.base/java.lang.ClassLoader.loadClass(ClassLoader.java:587)
11.03.2023 - 19:06:06 - 	at org.bukkit.plugin.java.PluginClassLoader.loadClass0(PluginClassLoader.java:129)
11.03.2023 - 19:06:06 - 	at org.bukkit.plugin.java.PluginClassLoader.loadClass(PluginClassLoader.java:124)
11.03.2023 - 19:06:06 - 	at java.base/java.lang.ClassLoader.loadClass(ClassLoader.java:520)
11.03.2023 - 19:06:06 - 	at spworlds-1.0-SNAPSHOT.jar//com.spworlds.utils.PlaceholderApis.onRequest(PlaceholderApis.java:33)
11.03.2023 - 19:06:06 - 	at PlaceholderAPI-2.11.2.jar//me.clip.placeholderapi.replacer.CharsReplacer.apply(CharsReplacer.java:119)
11.03.2023 - 19:06:06 - 	at PlaceholderAPI-2.11.2.jar//me.clip.placeholderapi.PlaceholderAPI.setPlaceholders(PlaceholderAPI.java:71)
11.03.2023 - 19:06:06 - 	at PlaceholderAPI-2.11.2.jar//me.clip.placeholderapi.PlaceholderAPI.setPlaceholders(PlaceholderAPI.java:99)
11.03.2023 - 19:06:06 - 	at TAB.v3.2.4.jar//me.neznamy.tab.platforms.bukkit.BukkitPlatform.lambda$registerUnknownPlaceholder$2(BukkitPlatform.java:179)
11.03.2023 - 19:06:06 - 	at TAB.v3.2.4.jar//me.neznamy.tab.shared.placeholders.PlayerPlaceholderImpl.request(PlayerPlaceholderImpl.java:130)
11.03.2023 - 19:06:06 - 	at TAB.v3.2.4.jar//me.neznamy.tab.shared.placeholders.PlayerPlaceholderImpl.update(PlayerPlaceholderImpl.java:53)
11.03.2023 - 19:06:06 - 	at TAB.v3.2.4.jar//me.neznamy.tab.shared.features.PlaceholderManagerImpl.updatePlayerPlaceholder(PlaceholderManagerImpl.java:117)
11.03.2023 - 19:06:06 - 	at TAB.v3.2.4.jar//me.neznamy.tab.shared.features.PlaceholderManagerImpl.refresh(PlaceholderManagerImpl.java:68)
11.03.2023 - 19:06:06 - 	at TAB.v3.2.4.jar//me.neznamy.tab.shared.CpuManager.lambda$runMeasuredTask$8(CpuManager.java:354)
11.03.2023 - 19:06:06 - 	at TAB.v3.2.4.jar//me.neznamy.tab.shared.CpuManager.lambda$submit$1(CpuManager.java:111)
11.03.2023 - 19:06:06 - 	at java.base/java.util.concurrent.Executors$RunnableAdapter.call(Executors.java:539)
11.03.2023 - 19:06:06 - 	at java.base/java.util.concurrent.FutureTask.run(FutureTask.java:264)
11.03.2023 - 19:06:06 - 	at java.base/java.util.concurrent.ThreadPoolExecutor.runWorker(ThreadPoolExecutor.java:1136)
11.03.2023 - 19:06:06 - 	at java.base/java.util.concurrent.ThreadPoolExecutor$Worker.run(ThreadPoolExecutor.java:635)
11.03.2023 - 19:06:06 - 	at java.base/java.lang.Thread.run(Thread.java:833)
11.03.2023 - 19:06:06 - [TAB v3.2.4] Player placeholder %spbuild_getstagestring% generated an error when setting for player Dalynkaa
11.03.2023 - 19:06:06 - java.lang.IllegalStateException: zip file closed
11.03.2023 - 19:06:06 - 	at java.base/java.util.zip.ZipFile.ensureOpen(ZipFile.java:831)
11.03.2023 - 19:06:06 - 	at java.base/java.util.zip.ZipFile.getEntry(ZipFile.java:330)
11.03.2023 - 19:06:06 - 	at java.base/java.util.jar.JarFile.getEntry(JarFile.java:518)
11.03.2023 - 19:06:06 - 	at java.base/java.util.jar.JarFile.getJarEntry(JarFile.java:473)
11.03.2023 - 19:06:06 - 	at org.bukkit.plugin.java.PluginClassLoader.findClass(PluginClassLoader.java:189)
11.03.2023 - 19:06:06 - 	at java.base/java.lang.ClassLoader.loadClass(ClassLoader.java:587)
11.03.2023 - 19:06:06 - 	at org.bukkit.plugin.java.PluginClassLoader.loadClass0(PluginClassLoader.java:129)
11.03.2023 - 19:06:06 - 	at org.bukkit.plugin.java.PluginClassLoader.loadClass(PluginClassLoader.java:124)
11.03.2023 - 19:06:06 - 	at java.base/java.lang.ClassLoader.loadClass(ClassLoader.java:520)
11.03.2023 - 19:06:06 - 	at spworlds-1.0-SNAPSHOT.jar//com.spworlds.utils.PlaceholderApis.onRequest(PlaceholderApis.java:33)
11.03.2023 - 19:06:06 - 	at PlaceholderAPI-2.11.2.jar//me.clip.placeholderapi.replacer.CharsReplacer.apply(CharsReplacer.java:119)
11.03.2023 - 19:06:06 - 	at PlaceholderAPI-2.11.2.jar//me.clip.placeholderapi.PlaceholderAPI.setPlaceholders(PlaceholderAPI.java:71)
11.03.2023 - 19:06:06 - 	at PlaceholderAPI-2.11.2.jar//me.clip.placeholderapi.PlaceholderAPI.setPlaceholders(PlaceholderAPI.java:99)
11.03.2023 - 19:06:06 - 	at TAB.v3.2.4.jar//me.neznamy.tab.platforms.bukkit.BukkitPlatform.lambda$registerUnknownPlaceholder$2(BukkitPlatform.java:179)
11.03.2023 - 19:06:06 - 	at TAB.v3.2.4.jar//me.neznamy.tab.shared.placeholders.PlayerPlaceholderImpl.request(PlayerPlaceholderImpl.java:130)
11.03.2023 - 19:06:06 - 	at TAB.v3.2.4.jar//me.neznamy.tab.shared.placeholders.PlayerPlaceholderImpl.update(PlayerPlaceholderImpl.java:53)
11.03.2023 - 19:06:06 - 	at TAB.v3.2.4.jar//me.neznamy.tab.shared.features.PlaceholderManagerImpl.updatePlayerPlaceholder(PlaceholderManagerImpl.java:117)
11.03.2023 - 19:06:06 - 	at TAB.v3.2.4.jar//me.neznamy.tab.shared.features.PlaceholderManagerImpl.refresh(PlaceholderManagerImpl.java:68)
11.03.2023 - 19:06:06 - 	at TAB.v3.2.4.jar//me.neznamy.tab.shared.CpuManager.lambda$runMeasuredTask$8(CpuManager.java:354)
11.03.2023 - 19:06:06 - 	at TAB.v3.2.4.jar//me.neznamy.tab.shared.CpuManager.lambda$submit$1(CpuManager.java:111)
11.03.2023 - 19:06:06 - 	at java.base/java.util.concurrent.Executors$RunnableAdapter.call(Executors.java:539)
11.03.2023 - 19:06:06 - 	at java.base/java.util.concurrent.FutureTask.run(FutureTask.java:264)
11.03.2023 - 19:06:06 - 	at java.base/java.util.concurrent.ThreadPoolExecutor.runWorker(ThreadPoolExecutor.java:1136)
11.03.2023 - 19:06:06 - 	at java.base/java.util.concurrent.ThreadPoolExecutor$Worker.run(ThreadPoolExecutor.java:635)
11.03.2023 - 19:06:06 - 	at java.base/java.lang.Thread.run(Thread.java:833)
11.03.2023 - 19:06:07 - [TAB v3.2.4] Player placeholder %spbuild_getstagestring% generated an error when setting for player Dalynkaa
11.03.2023 - 19:06:07 - java.lang.IllegalStateException: zip file closed
11.03.2023 - 19:06:07 - 	at java.base/java.util.zip.ZipFile.ensureOpen(ZipFile.java:831)
11.03.2023 - 19:06:07 - 	at java.base/java.util.zip.ZipFile.getEntry(ZipFile.java:330)
11.03.2023 - 19:06:07 - 	at java.base/java.util.jar.JarFile.getEntry(JarFile.java:518)
11.03.2023 - 19:06:07 - 	at java.base/java.util.jar.JarFile.getJarEntry(JarFile.java:473)
11.03.2023 - 19:06:07 - 	at org.bukkit.plugin.java.PluginClassLoader.findClass(PluginClassLoader.java:189)
11.03.2023 - 19:06:07 - 	at java.base/java.lang.ClassLoader.loadClass(ClassLoader.java:587)
11.03.2023 - 19:06:07 - 	at org.bukkit.plugin.java.PluginClassLoader.loadClass0(PluginClassLoader.java:129)
11.03.2023 - 19:06:07 - 	at org.bukkit.plugin.java.PluginClassLoader.loadClass(PluginClassLoader.java:124)
11.03.2023 - 19:06:07 - 	at java.base/java.lang.ClassLoader.loadClass(ClassLoader.java:520)
11.03.2023 - 19:06:07 - 	at spworlds-1.0-SNAPSHOT.jar//com.spworlds.utils.PlaceholderApis.onRequest(PlaceholderApis.java:33)
11.03.2023 - 19:06:07 - 	at PlaceholderAPI-2.11.2.jar//me.clip.placeholderapi.replacer.CharsReplacer.apply(CharsReplacer.java:119)
11.03.2023 - 19:06:07 - 	at PlaceholderAPI-2.11.2.jar//me.clip.placeholderapi.PlaceholderAPI.setPlaceholders(PlaceholderAPI.java:71)
11.03.2023 - 19:06:07 - 	at PlaceholderAPI-2.11.2.jar//me.clip.placeholderapi.PlaceholderAPI.setPlaceholders(PlaceholderAPI.java:99)
11.03.2023 - 19:06:07 - 	at TAB.v3.2.4.jar//me.neznamy.tab.platforms.bukkit.BukkitPlatform.lambda$registerUnknownPlaceholder$2(BukkitPlatform.java:179)
11.03.2023 - 19:06:07 - 	at TAB.v3.2.4.jar//me.neznamy.tab.shared.placeholders.PlayerPlaceholderImpl.request(PlayerPlaceholderImpl.java:130)
11.03.2023 - 19:06:07 - 	at TAB.v3.2.4.jar//me.neznamy.tab.shared.placeholders.PlayerPlaceholderImpl.update(PlayerPlaceholderImpl.java:53)
11.03.2023 - 19:06:07 - 	at TAB.v3.2.4.jar//me.neznamy.tab.shared.features.PlaceholderManagerImpl.updatePlayerPlaceholder(PlaceholderManagerImpl.java:117)
11.03.2023 - 19:06:07 - 	at TAB.v3.2.4.jar//me.neznamy.tab.shared.features.PlaceholderManagerImpl.refresh(PlaceholderManagerImpl.java:68)
11.03.2023 - 19:06:07 - 	at TAB.v3.2.4.jar//me.neznamy.tab.shared.CpuManager.lambda$runMeasuredTask$8(CpuManager.java:354)
11.03.2023 - 19:06:07 - 	at TAB.v3.2.4.jar//me.neznamy.tab.shared.CpuManager.lambda$submit$1(CpuManager.java:111)
11.03.2023 - 19:06:07 - 	at java.base/java.util.concurrent.Executors$RunnableAdapter.call(Executors.java:539)
11.03.2023 - 19:06:07 - 	at java.base/java.util.concurrent.FutureTask.run(FutureTask.java:264)
11.03.2023 - 19:06:07 - 	at java.base/java.util.concurrent.ThreadPoolExecutor.runWorker(ThreadPoolExecutor.java:1136)
11.03.2023 - 19:06:07 - 	at java.base/java.util.concurrent.ThreadPoolExecutor$Worker.run(ThreadPoolExecutor.java:635)
11.03.2023 - 19:06:07 - 	at java.base/java.lang.Thread.run(Thread.java:833)
11.03.2023 - 19:06:07 - [TAB v3.2.4] Player placeholder %spbuild_getstagestring% generated an error when setting for player Dalynkaa
11.03.2023 - 19:06:07 - java.lang.IllegalStateException: zip file closed
11.03.2023 - 19:06:07 - 	at java.base/java.util.zip.ZipFile.ensureOpen(ZipFile.java:831)
11.03.2023 - 19:06:07 - 	at java.base/java.util.zip.ZipFile.getEntry(ZipFile.java:330)
11.03.2023 - 19:06:07 - 	at java.base/java.util.jar.JarFile.getEntry(JarFile.java:518)
11.03.2023 - 19:06:07 - 	at java.base/java.util.jar.JarFile.getJarEntry(JarFile.java:473)
11.03.2023 - 19:06:07 - 	at org.bukkit.plugin.java.PluginClassLoader.findClass(PluginClassLoader.java:189)
11.03.2023 - 19:06:07 - 	at java.base/java.lang.ClassLoader.loadClass(ClassLoader.java:587)
11.03.2023 - 19:06:07 - 	at org.bukkit.plugin.java.PluginClassLoader.loadClass0(PluginClassLoader.java:129)
11.03.2023 - 19:06:07 - 	at org.bukkit.plugin.java.PluginClassLoader.loadClass(PluginClassLoader.java:124)
11.03.2023 - 19:06:07 - 	at java.base/java.lang.ClassLoader.loadClass(ClassLoader.java:520)
11.03.2023 - 19:06:07 - 	at spworlds-1.0-SNAPSHOT.jar//com.spworlds.utils.PlaceholderApis.onRequest(PlaceholderApis.java:33)
11.03.2023 - 19:06:07 - 	at PlaceholderAPI-2.11.2.jar//me.clip.placeholderapi.replacer.CharsReplacer.apply(CharsReplacer.java:119)
11.03.2023 - 19:06:07 - 	at PlaceholderAPI-2.11.2.jar//me.clip.placeholderapi.PlaceholderAPI.setPlaceholders(PlaceholderAPI.java:71)
11.03.2023 - 19:06:07 - 	at PlaceholderAPI-2.11.2.jar//me.clip.placeholderapi.PlaceholderAPI.setPlaceholders(PlaceholderAPI.java:99)
11.03.2023 - 19:06:07 - 	at TAB.v3.2.4.jar//me.neznamy.tab.platforms.bukkit.BukkitPlatform.lambda$registerUnknownPlaceholder$2(BukkitPlatform.java:179)
11.03.2023 - 19:06:07 - 	at TAB.v3.2.4.jar//me.neznamy.tab.shared.placeholders.PlayerPlaceholderImpl.request(PlayerPlaceholderImpl.java:130)
11.03.2023 - 19:06:07 - 	at TAB.v3.2.4.jar//me.neznamy.tab.shared.placeholders.PlayerPlaceholderImpl.update(PlayerPlaceholderImpl.java:53)
11.03.2023 - 19:06:07 - 	at TAB.v3.2.4.jar//me.neznamy.tab.shared.features.PlaceholderManagerImpl.updatePlayerPlaceholder(PlaceholderManagerImpl.java:117)
11.03.2023 - 19:06:07 - 	at TAB.v3.2.4.jar//me.neznamy.tab.shared.features.PlaceholderManagerImpl.refresh(PlaceholderManagerImpl.java:68)
11.03.2023 - 19:06:07 - 	at TAB.v3.2.4.jar//me.neznamy.tab.shared.CpuManager.lambda$runMeasuredTask$8(CpuManager.java:354)
11.03.2023 - 19:06:07 - 	at TAB.v3.2.4.jar//me.neznamy.tab.shared.CpuManager.lambda$submit$1(CpuManager.java:111)
11.03.2023 - 19:06:07 - 	at java.base/java.util.concurrent.Executors$RunnableAdapter.call(Executors.java:539)
11.03.2023 - 19:06:07 - 	at java.base/java.util.concurrent.FutureTask.run(FutureTask.java:264)
11.03.2023 - 19:06:07 - 	at java.base/java.util.concurrent.ThreadPoolExecutor.runWorker(ThreadPoolExecutor.java:1136)
11.03.2023 - 19:06:07 - 	at java.base/java.util.concurrent.ThreadPoolExecutor$Worker.run(ThreadPoolExecutor.java:635)
11.03.2023 - 19:06:07 - 	at java.base/java.lang.Thread.run(Thread.java:833)
11.03.2023 - 19:06:08 - [TAB v3.2.4] Player placeholder %spbuild_getstagestring% generated an error when setting for player Dalynkaa
11.03.2023 - 19:06:08 - java.lang.IllegalStateException: zip file closed
11.03.2023 - 19:06:08 - 	at java.base/java.util.zip.ZipFile.ensureOpen(ZipFile.java:831)
11.03.2023 - 19:06:08 - 	at java.base/java.util.zip.ZipFile.getEntry(ZipFile.java:330)
11.03.2023 - 19:06:08 - 	at java.base/java.util.jar.JarFile.getEntry(JarFile.java:518)
11.03.2023 - 19:06:08 - 	at java.base/java.util.jar.JarFile.getJarEntry(JarFile.java:473)
11.03.2023 - 19:06:08 - 	at org.bukkit.plugin.java.PluginClassLoader.findClass(PluginClassLoader.java:189)
11.03.2023 - 19:06:08 - 	at java.base/java.lang.ClassLoader.loadClass(ClassLoader.java:587)
11.03.2023 - 19:06:08 - 	at org.bukkit.plugin.java.PluginClassLoader.loadClass0(PluginClassLoader.java:129)
11.03.2023 - 19:06:08 - 	at org.bukkit.plugin.java.PluginClassLoader.loadClass(PluginClassLoader.java:124)
11.03.2023 - 19:06:08 - 	at java.base/java.lang.ClassLoader.loadClass(ClassLoader.java:520)
11.03.2023 - 19:06:08 - 	at spworlds-1.0-SNAPSHOT.jar//com.spworlds.utils.PlaceholderApis.onRequest(PlaceholderApis.java:33)
11.03.2023 - 19:06:08 - 	at PlaceholderAPI-2.11.2.jar//me.clip.placeholderapi.replacer.CharsReplacer.apply(CharsReplacer.java:119)
11.03.2023 - 19:06:08 - 	at PlaceholderAPI-2.11.2.jar//me.clip.placeholderapi.PlaceholderAPI.setPlaceholders(PlaceholderAPI.java:71)
11.03.2023 - 19:06:08 - 	at PlaceholderAPI-2.11.2.jar//me.clip.placeholderapi.PlaceholderAPI.setPlaceholders(PlaceholderAPI.java:99)
11.03.2023 - 19:06:08 - 	at TAB.v3.2.4.jar//me.neznamy.tab.platforms.bukkit.BukkitPlatform.lambda$registerUnknownPlaceholder$2(BukkitPlatform.java:179)
11.03.2023 - 19:06:08 - 	at TAB.v3.2.4.jar//me.neznamy.tab.shared.placeholders.PlayerPlaceholderImpl.request(PlayerPlaceholderImpl.java:130)
11.03.2023 - 19:06:08 - 	at TAB.v3.2.4.jar//me.neznamy.tab.shared.placeholders.PlayerPlaceholderImpl.update(PlayerPlaceholderImpl.java:53)
11.03.2023 - 19:06:08 - 	at TAB.v3.2.4.jar//me.neznamy.tab.shared.features.PlaceholderManagerImpl.updatePlayerPlaceholder(PlaceholderManagerImpl.java:117)
11.03.2023 - 19:06:08 - 	at TAB.v3.2.4.jar//me.neznamy.tab.shared.features.PlaceholderManagerImpl.refresh(PlaceholderManagerImpl.java:68)
11.03.2023 - 19:06:08 - 	at TAB.v3.2.4.jar//me.neznamy.tab.shared.CpuManager.lambda$runMeasuredTask$8(CpuManager.java:354)
11.03.2023 - 19:06:08 - 	at TAB.v3.2.4.jar//me.neznamy.tab.shared.CpuManager.lambda$submit$1(CpuManager.java:111)
11.03.2023 - 19:06:08 - 	at java.base/java.util.concurrent.Executors$RunnableAdapter.call(Executors.java:539)
11.03.2023 - 19:06:08 - 	at java.base/java.util.concurrent.FutureTask.run(FutureTask.java:264)
11.03.2023 - 19:06:08 - 	at java.base/java.util.concurrent.ThreadPoolExecutor.runWorker(ThreadPoolExecutor.java:1136)
11.03.2023 - 19:06:08 - 	at java.base/java.util.concurrent.ThreadPoolExecutor$Worker.run(ThreadPoolExecutor.java:635)
11.03.2023 - 19:06:08 - 	at java.base/java.lang.Thread.run(Thread.java:833)
11.03.2023 - 19:06:08 - [TAB v3.2.4] Player placeholder %spbuild_getstagestring% generated an error when setting for player Dalynkaa
11.03.2023 - 19:06:08 - java.lang.IllegalStateException: zip file closed
11.03.2023 - 19:06:08 - 	at java.base/java.util.zip.ZipFile.ensureOpen(ZipFile.java:831)
11.03.2023 - 19:06:08 - 	at java.base/java.util.zip.ZipFile.getEntry(ZipFile.java:330)
11.03.2023 - 19:06:08 - 	at java.base/java.util.jar.JarFile.getEntry(JarFile.java:518)
11.03.2023 - 19:06:08 - 	at java.base/java.util.jar.JarFile.getJarEntry(JarFile.java:473)
11.03.2023 - 19:06:08 - 	at org.bukkit.plugin.java.PluginClassLoader.findClass(PluginClassLoader.java:189)
11.03.2023 - 19:06:08 - 	at java.base/java.lang.ClassLoader.loadClass(ClassLoader.java:587)
11.03.2023 - 19:06:08 - 	at org.bukkit.plugin.java.PluginClassLoader.loadClass0(PluginClassLoader.java:129)
11.03.2023 - 19:06:08 - 	at org.bukkit.plugin.java.PluginClassLoader.loadClass(PluginClassLoader.java:124)
11.03.2023 - 19:06:08 - 	at java.base/java.lang.ClassLoader.loadClass(ClassLoader.java:520)
11.03.2023 - 19:06:08 - 	at spworlds-1.0-SNAPSHOT.jar//com.spworlds.utils.PlaceholderApis.onRequest(PlaceholderApis.java:33)
11.03.2023 - 19:06:08 - 	at PlaceholderAPI-2.11.2.jar//me.clip.placeholderapi.replacer.CharsReplacer.apply(CharsReplacer.java:119)
11.03.2023 - 19:06:08 - 	at PlaceholderAPI-2.11.2.jar//me.clip.placeholderapi.PlaceholderAPI.setPlaceholders(PlaceholderAPI.java:71)
11.03.2023 - 19:06:08 - 	at PlaceholderAPI-2.11.2.jar//me.clip.placeholderapi.PlaceholderAPI.setPlaceholders(PlaceholderAPI.java:99)
11.03.2023 - 19:06:08 - 	at TAB.v3.2.4.jar//me.neznamy.tab.platforms.bukkit.BukkitPlatform.lambda$registerUnknownPlaceholder$2(BukkitPlatform.java:179)
11.03.2023 - 19:06:08 - 	at TAB.v3.2.4.jar//me.neznamy.tab.shared.placeholders.PlayerPlaceholderImpl.request(PlayerPlaceholderImpl.java:130)
11.03.2023 - 19:06:08 - 	at TAB.v3.2.4.jar//me.neznamy.tab.shared.placeholders.PlayerPlaceholderImpl.update(PlayerPlaceholderImpl.java:53)
11.03.2023 - 19:06:08 - 	at TAB.v3.2.4.jar//me.neznamy.tab.shared.features.PlaceholderManagerImpl.updatePlayerPlaceholder(PlaceholderManagerImpl.java:117)
11.03.2023 - 19:06:08 - 	at TAB.v3.2.4.jar//me.neznamy.tab.shared.features.PlaceholderManagerImpl.refresh(PlaceholderManagerImpl.java:68)
11.03.2023 - 19:06:08 - 	at TAB.v3.2.4.jar//me.neznamy.tab.shared.CpuManager.lambda$runMeasuredTask$8(CpuManager.java:354)
11.03.2023 - 19:06:08 - 	at TAB.v3.2.4.jar//me.neznamy.tab.shared.CpuManager.lambda$submit$1(CpuManager.java:111)
11.03.2023 - 19:06:08 - 	at java.base/java.util.concurrent.Executors$RunnableAdapter.call(Executors.java:539)
11.03.2023 - 19:06:08 - 	at java.base/java.util.concurrent.FutureTask.run(FutureTask.java:264)
11.03.2023 - 19:06:08 - 	at java.base/java.util.concurrent.ThreadPoolExecutor.runWorker(ThreadPoolExecutor.java:1136)
11.03.2023 - 19:06:08 - 	at java.base/java.util.concurrent.ThreadPoolExecutor$Worker.run(ThreadPoolExecutor.java:635)
11.03.2023 - 19:06:08 - 	at java.base/java.lang.Thread.run(Thread.java:833)
11.03.2023 - 19:06:09 - [TAB v3.2.4] Player placeholder %spbuild_getstagestring% generated an error when setting for player Dalynkaa
11.03.2023 - 19:06:09 - java.lang.IllegalStateException: zip file closed
11.03.2023 - 19:06:09 - 	at java.base/java.util.zip.ZipFile.ensureOpen(ZipFile.java:831)
11.03.2023 - 19:06:09 - 	at java.base/java.util.zip.ZipFile.getEntry(ZipFile.java:330)
11.03.2023 - 19:06:09 - 	at java.base/java.util.jar.JarFile.getEntry(JarFile.java:518)
11.03.2023 - 19:06:09 - 	at java.base/java.util.jar.JarFile.getJarEntry(JarFile.java:473)
11.03.2023 - 19:06:09 - 	at org.bukkit.plugin.java.PluginClassLoader.findClass(PluginClassLoader.java:189)
11.03.2023 - 19:06:09 - 	at java.base/java.lang.ClassLoader.loadClass(ClassLoader.java:587)
11.03.2023 - 19:06:09 - 	at org.bukkit.plugin.java.PluginClassLoader.loadClass0(PluginClassLoader.java:129)
11.03.2023 - 19:06:09 - 	at org.bukkit.plugin.java.PluginClassLoader.loadClass(PluginClassLoader.java:124)
11.03.2023 - 19:06:09 - 	at java.base/java.lang.ClassLoader.loadClass(ClassLoader.java:520)
11.03.2023 - 19:06:09 - 	at spworlds-1.0-SNAPSHOT.jar//com.spworlds.utils.PlaceholderApis.onRequest(PlaceholderApis.java:33)
11.03.2023 - 19:06:09 - 	at PlaceholderAPI-2.11.2.jar//me.clip.placeholderapi.replacer.CharsReplacer.apply(CharsReplacer.java:119)
11.03.2023 - 19:06:09 - 	at PlaceholderAPI-2.11.2.jar//me.clip.placeholderapi.PlaceholderAPI.setPlaceholders(PlaceholderAPI.java:71)
11.03.2023 - 19:06:09 - 	at PlaceholderAPI-2.11.2.jar//me.clip.placeholderapi.PlaceholderAPI.setPlaceholders(PlaceholderAPI.java:99)
11.03.2023 - 19:06:09 - 	at TAB.v3.2.4.jar//me.neznamy.tab.platforms.bukkit.BukkitPlatform.lambda$registerUnknownPlaceholder$2(BukkitPlatform.java:179)
11.03.2023 - 19:06:09 - 	at TAB.v3.2.4.jar//me.neznamy.tab.shared.placeholders.PlayerPlaceholderImpl.request(PlayerPlaceholderImpl.java:130)
11.03.2023 - 19:06:09 - 	at TAB.v3.2.4.jar//me.neznamy.tab.shared.placeholders.PlayerPlaceholderImpl.update(PlayerPlaceholderImpl.java:53)
11.03.2023 - 19:06:09 - 	at TAB.v3.2.4.jar//me.neznamy.tab.shared.features.PlaceholderManagerImpl.updatePlayerPlaceholder(PlaceholderManagerImpl.java:117)
11.03.2023 - 19:06:09 - 	at TAB.v3.2.4.jar//me.neznamy.tab.shared.features.PlaceholderManagerImpl.refresh(PlaceholderManagerImpl.java:68)
11.03.2023 - 19:06:09 - 	at TAB.v3.2.4.jar//me.neznamy.tab.shared.CpuManager.lambda$runMeasuredTask$8(CpuManager.java:354)
11.03.2023 - 19:06:09 - 	at TAB.v3.2.4.jar//me.neznamy.tab.shared.CpuManager.lambda$submit$1(CpuManager.java:111)
11.03.2023 - 19:06:09 - 	at java.base/java.util.concurrent.Executors$RunnableAdapter.call(Executors.java:539)
11.03.2023 - 19:06:09 - 	at java.base/java.util.concurrent.FutureTask.run(FutureTask.java:264)
11.03.2023 - 19:06:09 - 	at java.base/java.util.concurrent.ThreadPoolExecutor.runWorker(ThreadPoolExecutor.java:1136)
11.03.2023 - 19:06:09 - 	at java.base/java.util.concurrent.ThreadPoolExecutor$Worker.run(ThreadPoolExecutor.java:635)
11.03.2023 - 19:06:09 - 	at java.base/java.lang.Thread.run(Thread.java:833)
11.03.2023 - 19:06:09 - [TAB v3.2.4] Player placeholder %spbuild_getstagestring% generated an error when setting for player Dalynkaa
11.03.2023 - 19:06:09 - java.lang.IllegalStateException: zip file closed
11.03.2023 - 19:06:09 - 	at java.base/java.util.zip.ZipFile.ensureOpen(ZipFile.java:831)
11.03.2023 - 19:06:09 - 	at java.base/java.util.zip.ZipFile.getEntry(ZipFile.java:330)
11.03.2023 - 19:06:09 - 	at java.base/java.util.jar.JarFile.getEntry(JarFile.java:518)
11.03.2023 - 19:06:09 - 	at java.base/java.util.jar.JarFile.getJarEntry(JarFile.java:473)
11.03.2023 - 19:06:09 - 	at org.bukkit.plugin.java.PluginClassLoader.findClass(PluginClassLoader.java:189)
11.03.2023 - 19:06:09 - 	at java.base/java.lang.ClassLoader.loadClass(ClassLoader.java:587)
11.03.2023 - 19:06:09 - 	at org.bukkit.plugin.java.PluginClassLoader.loadClass0(PluginClassLoader.java:129)
11.03.2023 - 19:06:09 - 	at org.bukkit.plugin.java.PluginClassLoader.loadClass(PluginClassLoader.java:124)
11.03.2023 - 19:06:09 - 	at java.base/java.lang.ClassLoader.loadClass(ClassLoader.java:520)
11.03.2023 - 19:06:09 - 	at spworlds-1.0-SNAPSHOT.jar//com.spworlds.utils.PlaceholderApis.onRequest(PlaceholderApis.java:33)
11.03.2023 - 19:06:09 - 	at PlaceholderAPI-2.11.2.jar//me.clip.placeholderapi.replacer.CharsReplacer.apply(CharsReplacer.java:119)
11.03.2023 - 19:06:09 - 	at PlaceholderAPI-2.11.2.jar//me.clip.placeholderapi.PlaceholderAPI.setPlaceholders(PlaceholderAPI.java:71)
11.03.2023 - 19:06:09 - 	at PlaceholderAPI-2.11.2.jar//me.clip.placeholderapi.PlaceholderAPI.setPlaceholders(PlaceholderAPI.java:99)
11.03.2023 - 19:06:09 - 	at TAB.v3.2.4.jar//me.neznamy.tab.platforms.bukkit.BukkitPlatform.lambda$registerUnknownPlaceholder$2(BukkitPlatform.java:179)
11.03.2023 - 19:06:09 - 	at TAB.v3.2.4.jar//me.neznamy.tab.shared.placeholders.PlayerPlaceholderImpl.request(PlayerPlaceholderImpl.java:130)
11.03.2023 - 19:06:09 - 	at TAB.v3.2.4.jar//me.neznamy.tab.shared.placeholders.PlayerPlaceholderImpl.update(PlayerPlaceholderImpl.java:53)
11.03.2023 - 19:06:09 - 	at TAB.v3.2.4.jar//me.neznamy.tab.shared.features.PlaceholderManagerImpl.updatePlayerPlaceholder(PlaceholderManagerImpl.java:117)
11.03.2023 - 19:06:09 - 	at TAB.v3.2.4.jar//me.neznamy.tab.shared.features.PlaceholderManagerImpl.refresh(PlaceholderManagerImpl.java:68)
11.03.2023 - 19:06:09 - 	at TAB.v3.2.4.jar//me.neznamy.tab.shared.CpuManager.lambda$runMeasuredTask$8(CpuManager.java:354)
11.03.2023 - 19:06:09 - 	at TAB.v3.2.4.jar//me.neznamy.tab.shared.CpuManager.lambda$submit$1(CpuManager.java:111)
11.03.2023 - 19:06:09 - 	at java.base/java.util.concurrent.Executors$RunnableAdapter.call(Executors.java:539)
11.03.2023 - 19:06:09 - 	at java.base/java.util.concurrent.FutureTask.run(FutureTask.java:264)
11.03.2023 - 19:06:09 - 	at java.base/java.util.concurrent.ThreadPoolExecutor.runWorker(ThreadPoolExecutor.java:1136)
11.03.2023 - 19:06:09 - 	at java.base/java.util.concurrent.ThreadPoolExecutor$Worker.run(ThreadPoolExecutor.java:635)
11.03.2023 - 19:06:09 - 	at java.base/java.lang.Thread.run(Thread.java:833)
11.03.2023 - 19:06:10 - [TAB v3.2.4] Player placeholder %spbuild_getstagestring% generated an error when setting for player Dalynkaa
11.03.2023 - 19:06:10 - java.lang.IllegalStateException: zip file closed
11.03.2023 - 19:06:10 - 	at java.base/java.util.zip.ZipFile.ensureOpen(ZipFile.java:831)
11.03.2023 - 19:06:10 - 	at java.base/java.util.zip.ZipFile.getEntry(ZipFile.java:330)
11.03.2023 - 19:06:10 - 	at java.base/java.util.jar.JarFile.getEntry(JarFile.java:518)
11.03.2023 - 19:06:10 - 	at java.base/java.util.jar.JarFile.getJarEntry(JarFile.java:473)
11.03.2023 - 19:06:10 - 	at org.bukkit.plugin.java.PluginClassLoader.findClass(PluginClassLoader.java:189)
11.03.2023 - 19:06:10 - 	at java.base/java.lang.ClassLoader.loadClass(ClassLoader.java:587)
11.03.2023 - 19:06:10 - 	at org.bukkit.plugin.java.PluginClassLoader.loadClass0(PluginClassLoader.java:129)
11.03.2023 - 19:06:10 - 	at org.bukkit.plugin.java.PluginClassLoader.loadClass(PluginClassLoader.java:124)
11.03.2023 - 19:06:10 - 	at java.base/java.lang.ClassLoader.loadClass(ClassLoader.java:520)
11.03.2023 - 19:06:10 - 	at spworlds-1.0-SNAPSHOT.jar//com.spworlds.utils.PlaceholderApis.onRequest(PlaceholderApis.java:33)
11.03.2023 - 19:06:10 - 	at PlaceholderAPI-2.11.2.jar//me.clip.placeholderapi.replacer.CharsReplacer.apply(CharsReplacer.java:119)
11.03.2023 - 19:06:10 - 	at PlaceholderAPI-2.11.2.jar//me.clip.placeholderapi.PlaceholderAPI.setPlaceholders(PlaceholderAPI.java:71)
11.03.2023 - 19:06:10 - 	at PlaceholderAPI-2.11.2.jar//me.clip.placeholderapi.PlaceholderAPI.setPlaceholders(PlaceholderAPI.java:99)
11.03.2023 - 19:06:10 - 	at TAB.v3.2.4.jar//me.neznamy.tab.platforms.bukkit.BukkitPlatform.lambda$registerUnknownPlaceholder$2(BukkitPlatform.java:179)
11.03.2023 - 19:06:10 - 	at TAB.v3.2.4.jar//me.neznamy.tab.shared.placeholders.PlayerPlaceholderImpl.request(PlayerPlaceholderImpl.java:130)
11.03.2023 - 19:06:10 - 	at TAB.v3.2.4.jar//me.neznamy.tab.shared.placeholders.PlayerPlaceholderImpl.update(PlayerPlaceholderImpl.java:53)
11.03.2023 - 19:06:10 - 	at TAB.v3.2.4.jar//me.neznamy.tab.shared.features.PlaceholderManagerImpl.updatePlayerPlaceholder(PlaceholderManagerImpl.java:117)
11.03.2023 - 19:06:10 - 	at TAB.v3.2.4.jar//me.neznamy.tab.shared.features.PlaceholderManagerImpl.refresh(PlaceholderManagerImpl.java:68)
11.03.2023 - 19:06:10 - 	at TAB.v3.2.4.jar//me.neznamy.tab.shared.CpuManager.lambda$runMeasuredTask$8(CpuManager.java:354)
11.03.2023 - 19:06:10 - 	at TAB.v3.2.4.jar//me.neznamy.tab.shared.CpuManager.lambda$submit$1(CpuManager.java:111)
11.03.2023 - 19:06:10 - 	at java.base/java.util.concurrent.Executors$RunnableAdapter.call(Executors.java:539)
11.03.2023 - 19:06:10 - 	at java.base/java.util.concurrent.FutureTask.run(FutureTask.java:264)
11.03.2023 - 19:06:10 - 	at java.base/java.util.concurrent.ThreadPoolExecutor.runWorker(ThreadPoolExecutor.java:1136)
11.03.2023 - 19:06:10 - 	at java.base/java.util.concurrent.ThreadPoolExecutor$Worker.run(ThreadPoolExecutor.java:635)
11.03.2023 - 19:06:10 - 	at java.base/java.lang.Thread.run(Thread.java:833)
11.03.2023 - 19:06:10 - [TAB v3.2.4] Player placeholder %spbuild_getstagestring% generated an error when setting for player Dalynkaa
11.03.2023 - 19:06:10 - java.lang.IllegalStateException: zip file closed
11.03.2023 - 19:06:10 - 	at java.base/java.util.zip.ZipFile.ensureOpen(ZipFile.java:831)
11.03.2023 - 19:06:10 - 	at java.base/java.util.zip.ZipFile.getEntry(ZipFile.java:330)
11.03.2023 - 19:06:10 - 	at java.base/java.util.jar.JarFile.getEntry(JarFile.java:518)
11.03.2023 - 19:06:10 - 	at java.base/java.util.jar.JarFile.getJarEntry(JarFile.java:473)
11.03.2023 - 19:06:10 - 	at org.bukkit.plugin.java.PluginClassLoader.findClass(PluginClassLoader.java:189)
11.03.2023 - 19:06:10 - 	at java.base/java.lang.ClassLoader.loadClass(ClassLoader.java:587)
11.03.2023 - 19:06:10 - 	at org.bukkit.plugin.java.PluginClassLoader.loadClass0(PluginClassLoader.java:129)
11.03.2023 - 19:06:10 - 	at org.bukkit.plugin.java.PluginClassLoader.loadClass(PluginClassLoader.java:124)
11.03.2023 - 19:06:10 - 	at java.base/java.lang.ClassLoader.loadClass(ClassLoader.java:520)
11.03.2023 - 19:06:10 - 	at spworlds-1.0-SNAPSHOT.jar//com.spworlds.utils.PlaceholderApis.onRequest(PlaceholderApis.java:33)
11.03.2023 - 19:06:10 - 	at PlaceholderAPI-2.11.2.jar//me.clip.placeholderapi.replacer.CharsReplacer.apply(CharsReplacer.java:119)
11.03.2023 - 19:06:10 - 	at PlaceholderAPI-2.11.2.jar//me.clip.placeholderapi.PlaceholderAPI.setPlaceholders(PlaceholderAPI.java:71)
11.03.2023 - 19:06:10 - 	at PlaceholderAPI-2.11.2.jar//me.clip.placeholderapi.PlaceholderAPI.setPlaceholders(PlaceholderAPI.java:99)
11.03.2023 - 19:06:10 - 	at TAB.v3.2.4.jar//me.neznamy.tab.platforms.bukkit.BukkitPlatform.lambda$registerUnknownPlaceholder$2(BukkitPlatform.java:179)
11.03.2023 - 19:06:10 - 	at TAB.v3.2.4.jar//me.neznamy.tab.shared.placeholders.PlayerPlaceholderImpl.request(PlayerPlaceholderImpl.java:130)
11.03.2023 - 19:06:10 - 	at TAB.v3.2.4.jar//me.neznamy.tab.shared.placeholders.PlayerPlaceholderImpl.update(PlayerPlaceholderImpl.java:53)
11.03.2023 - 19:06:10 - 	at TAB.v3.2.4.jar//me.neznamy.tab.shared.features.PlaceholderManagerImpl.updatePlayerPlaceholder(PlaceholderManagerImpl.java:117)
11.03.2023 - 19:06:10 - 	at TAB.v3.2.4.jar//me.neznamy.tab.shared.features.PlaceholderManagerImpl.refresh(PlaceholderManagerImpl.java:68)
11.03.2023 - 19:06:10 - 	at TAB.v3.2.4.jar//me.neznamy.tab.shared.CpuManager.lambda$runMeasuredTask$8(CpuManager.java:354)
11.03.2023 - 19:06:10 - 	at TAB.v3.2.4.jar//me.neznamy.tab.shared.CpuManager.lambda$submit$1(CpuManager.java:111)
11.03.2023 - 19:06:10 - 	at java.base/java.util.concurrent.Executors$RunnableAdapter.call(Executors.java:539)
11.03.2023 - 19:06:10 - 	at java.base/java.util.concurrent.FutureTask.run(FutureTask.java:264)
11.03.2023 - 19:06:10 - 	at java.base/java.util.concurrent.ThreadPoolExecutor.runWorker(ThreadPoolExecutor.java:1136)
11.03.2023 - 19:06:10 - 	at java.base/java.util.concurrent.ThreadPoolExecutor$Worker.run(ThreadPoolExecutor.java:635)
11.03.2023 - 19:06:10 - 	at java.base/java.lang.Thread.run(Thread.java:833)
11.03.2023 - 19:06:11 - [TAB v3.2.4] Player placeholder %spbuild_getstagestring% generated an error when setting for player Dalynkaa
11.03.2023 - 19:06:11 - java.lang.IllegalStateException: zip file closed
11.03.2023 - 19:06:11 - 	at java.base/java.util.zip.ZipFile.ensureOpen(ZipFile.java:831)
11.03.2023 - 19:06:11 - 	at java.base/java.util.zip.ZipFile.getEntry(ZipFile.java:330)
11.03.2023 - 19:06:11 - 	at java.base/java.util.jar.JarFile.getEntry(JarFile.java:518)
11.03.2023 - 19:06:11 - 	at java.base/java.util.jar.JarFile.getJarEntry(JarFile.java:473)
11.03.2023 - 19:06:11 - 	at org.bukkit.plugin.java.PluginClassLoader.findClass(PluginClassLoader.java:189)
11.03.2023 - 19:06:11 - 	at java.base/java.lang.ClassLoader.loadClass(ClassLoader.java:587)
11.03.2023 - 19:06:11 - 	at org.bukkit.plugin.java.PluginClassLoader.loadClass0(PluginClassLoader.java:129)
11.03.2023 - 19:06:11 - 	at org.bukkit.plugin.java.PluginClassLoader.loadClass(PluginClassLoader.java:124)
11.03.2023 - 19:06:11 - 	at java.base/java.lang.ClassLoader.loadClass(ClassLoader.java:520)
11.03.2023 - 19:06:11 - 	at spworlds-1.0-SNAPSHOT.jar//com.spworlds.utils.PlaceholderApis.onRequest(PlaceholderApis.java:33)
11.03.2023 - 19:06:11 - 	at PlaceholderAPI-2.11.2.jar//me.clip.placeholderapi.replacer.CharsReplacer.apply(CharsReplacer.java:119)
11.03.2023 - 19:06:11 - 	at PlaceholderAPI-2.11.2.jar//me.clip.placeholderapi.PlaceholderAPI.setPlaceholders(PlaceholderAPI.java:71)
11.03.2023 - 19:06:11 - 	at PlaceholderAPI-2.11.2.jar//me.clip.placeholderapi.PlaceholderAPI.setPlaceholders(PlaceholderAPI.java:99)
11.03.2023 - 19:06:11 - 	at TAB.v3.2.4.jar//me.neznamy.tab.platforms.bukkit.BukkitPlatform.lambda$registerUnknownPlaceholder$2(BukkitPlatform.java:179)
11.03.2023 - 19:06:11 - 	at TAB.v3.2.4.jar//me.neznamy.tab.shared.placeholders.PlayerPlaceholderImpl.request(PlayerPlaceholderImpl.java:130)
11.03.2023 - 19:06:11 - 	at TAB.v3.2.4.jar//me.neznamy.tab.shared.placeholders.PlayerPlaceholderImpl.update(PlayerPlaceholderImpl.java:53)
11.03.2023 - 19:06:11 - 	at TAB.v3.2.4.jar//me.neznamy.tab.shared.features.PlaceholderManagerImpl.updatePlayerPlaceholder(PlaceholderManagerImpl.java:117)
11.03.2023 - 19:06:11 - 	at TAB.v3.2.4.jar//me.neznamy.tab.shared.features.PlaceholderManagerImpl.refresh(PlaceholderManagerImpl.java:68)
11.03.2023 - 19:06:11 - 	at TAB.v3.2.4.jar//me.neznamy.tab.shared.CpuManager.lambda$runMeasuredTask$8(CpuManager.java:354)
11.03.2023 - 19:06:11 - 	at TAB.v3.2.4.jar//me.neznamy.tab.shared.CpuManager.lambda$submit$1(CpuManager.java:111)
11.03.2023 - 19:06:11 - 	at java.base/java.util.concurrent.Executors$RunnableAdapter.call(Executors.java:539)
11.03.2023 - 19:06:11 - 	at java.base/java.util.concurrent.FutureTask.run(FutureTask.java:264)
11.03.2023 - 19:06:11 - 	at java.base/java.util.concurrent.ThreadPoolExecutor.runWorker(ThreadPoolExecutor.java:1136)
11.03.2023 - 19:06:11 - 	at java.base/java.util.concurrent.ThreadPoolExecutor$Worker.run(ThreadPoolExecutor.java:635)
11.03.2023 - 19:06:11 - 	at java.base/java.lang.Thread.run(Thread.java:833)
11.03.2023 - 19:06:11 - [TAB v3.2.4] Player placeholder %spbuild_getstagestring% generated an error when setting for player Dalynkaa
11.03.2023 - 19:06:11 - java.lang.IllegalStateException: zip file closed
11.03.2023 - 19:06:11 - 	at java.base/java.util.zip.ZipFile.ensureOpen(ZipFile.java:831)
11.03.2023 - 19:06:11 - 	at java.base/java.util.zip.ZipFile.getEntry(ZipFile.java:330)
11.03.2023 - 19:06:11 - 	at java.base/java.util.jar.JarFile.getEntry(JarFile.java:518)
11.03.2023 - 19:06:11 - 	at java.base/java.util.jar.JarFile.getJarEntry(JarFile.java:473)
11.03.2023 - 19:06:11 - 	at org.bukkit.plugin.java.PluginClassLoader.findClass(PluginClassLoader.java:189)
11.03.2023 - 19:06:11 - 	at java.base/java.lang.ClassLoader.loadClass(ClassLoader.java:587)
11.03.2023 - 19:06:11 - 	at org.bukkit.plugin.java.PluginClassLoader.loadClass0(PluginClassLoader.java:129)
11.03.2023 - 19:06:11 - 	at org.bukkit.plugin.java.PluginClassLoader.loadClass(PluginClassLoader.java:124)
11.03.2023 - 19:06:11 - 	at java.base/java.lang.ClassLoader.loadClass(ClassLoader.java:520)
11.03.2023 - 19:06:11 - 	at spworlds-1.0-SNAPSHOT.jar//com.spworlds.utils.PlaceholderApis.onRequest(PlaceholderApis.java:33)
11.03.2023 - 19:06:11 - 	at PlaceholderAPI-2.11.2.jar//me.clip.placeholderapi.replacer.CharsReplacer.apply(CharsReplacer.java:119)
11.03.2023 - 19:06:11 - 	at PlaceholderAPI-2.11.2.jar//me.clip.placeholderapi.PlaceholderAPI.setPlaceholders(PlaceholderAPI.java:71)
11.03.2023 - 19:06:11 - 	at PlaceholderAPI-2.11.2.jar//me.clip.placeholderapi.PlaceholderAPI.setPlaceholders(PlaceholderAPI.java:99)
11.03.2023 - 19:06:11 - 	at TAB.v3.2.4.jar//me.neznamy.tab.platforms.bukkit.BukkitPlatform.lambda$registerUnknownPlaceholder$2(BukkitPlatform.java:179)
11.03.2023 - 19:06:11 - 	at TAB.v3.2.4.jar//me.neznamy.tab.shared.placeholders.PlayerPlaceholderImpl.request(PlayerPlaceholderImpl.java:130)
11.03.2023 - 19:06:11 - 	at TAB.v3.2.4.jar//me.neznamy.tab.shared.placeholders.PlayerPlaceholderImpl.update(PlayerPlaceholderImpl.java:53)
11.03.2023 - 19:06:11 - 	at TAB.v3.2.4.jar//me.neznamy.tab.shared.features.PlaceholderManagerImpl.updatePlayerPlaceholder(PlaceholderManagerImpl.java:117)
11.03.2023 - 19:06:11 - 	at TAB.v3.2.4.jar//me.neznamy.tab.shared.features.PlaceholderManagerImpl.refresh(PlaceholderManagerImpl.java:68)
11.03.2023 - 19:06:11 - 	at TAB.v3.2.4.jar//me.neznamy.tab.shared.CpuManager.lambda$runMeasuredTask$8(CpuManager.java:354)
11.03.2023 - 19:06:11 - 	at TAB.v3.2.4.jar//me.neznamy.tab.shared.CpuManager.lambda$submit$1(CpuManager.java:111)
11.03.2023 - 19:06:11 - 	at java.base/java.util.concurrent.Executors$RunnableAdapter.call(Executors.java:539)
11.03.2023 - 19:06:11 - 	at java.base/java.util.concurrent.FutureTask.run(FutureTask.java:264)
11.03.2023 - 19:06:11 - 	at java.base/java.util.concurrent.ThreadPoolExecutor.runWorker(ThreadPoolExecutor.java:1136)
11.03.2023 - 19:06:11 - 	at java.base/java.util.concurrent.ThreadPoolExecutor$Worker.run(ThreadPoolExecutor.java:635)
11.03.2023 - 19:06:11 - 	at java.base/java.lang.Thread.run(Thread.java:833)
11.03.2023 - 19:06:12 - [TAB v3.2.4] Player placeholder %spbuild_getstagestring% generated an error when setting for player Dalynkaa
11.03.2023 - 19:06:12 - java.lang.IllegalStateException: zip file closed
11.03.2023 - 19:06:12 - 	at java.base/java.util.zip.ZipFile.ensureOpen(ZipFile.java:831)
11.03.2023 - 19:06:12 - 	at java.base/java.util.zip.ZipFile.getEntry(ZipFile.java:330)
11.03.2023 - 19:06:12 - 	at java.base/java.util.jar.JarFile.getEntry(JarFile.java:518)
11.03.2023 - 19:06:12 - 	at java.base/java.util.jar.JarFile.getJarEntry(JarFile.java:473)
11.03.2023 - 19:06:12 - 	at org.bukkit.plugin.java.PluginClassLoader.findClass(PluginClassLoader.java:189)
11.03.2023 - 19:06:12 - 	at java.base/java.lang.ClassLoader.loadClass(ClassLoader.java:587)
11.03.2023 - 19:06:12 - 	at org.bukkit.plugin.java.PluginClassLoader.loadClass0(PluginClassLoader.java:129)
11.03.2023 - 19:06:12 - 	at org.bukkit.plugin.java.PluginClassLoader.loadClass(PluginClassLoader.java:124)
11.03.2023 - 19:06:12 - 	at java.base/java.lang.ClassLoader.loadClass(ClassLoader.java:520)
11.03.2023 - 19:06:12 - 	at spworlds-1.0-SNAPSHOT.jar//com.spworlds.utils.PlaceholderApis.onRequest(PlaceholderApis.java:33)
11.03.2023 - 19:06:12 - 	at PlaceholderAPI-2.11.2.jar//me.clip.placeholderapi.replacer.CharsReplacer.apply(CharsReplacer.java:119)
11.03.2023 - 19:06:12 - 	at PlaceholderAPI-2.11.2.jar//me.clip.placeholderapi.PlaceholderAPI.setPlaceholders(PlaceholderAPI.java:71)
11.03.2023 - 19:06:12 - 	at PlaceholderAPI-2.11.2.jar//me.clip.placeholderapi.PlaceholderAPI.setPlaceholders(PlaceholderAPI.java:99)
11.03.2023 - 19:06:12 - 	at TAB.v3.2.4.jar//me.neznamy.tab.platforms.bukkit.BukkitPlatform.lambda$registerUnknownPlaceholder$2(BukkitPlatform.java:179)
11.03.2023 - 19:06:12 - 	at TAB.v3.2.4.jar//me.neznamy.tab.shared.placeholders.PlayerPlaceholderImpl.request(PlayerPlaceholderImpl.java:130)
11.03.2023 - 19:06:12 - 	at TAB.v3.2.4.jar//me.neznamy.tab.shared.placeholders.PlayerPlaceholderImpl.update(PlayerPlaceholderImpl.java:53)
11.03.2023 - 19:06:12 - 	at TAB.v3.2.4.jar//me.neznamy.tab.shared.features.PlaceholderManagerImpl.updatePlayerPlaceholder(PlaceholderManagerImpl.java:117)
11.03.2023 - 19:06:12 - 	at TAB.v3.2.4.jar//me.neznamy.tab.shared.features.PlaceholderManagerImpl.refresh(PlaceholderManagerImpl.java:68)
11.03.2023 - 19:06:12 - 	at TAB.v3.2.4.jar//me.neznamy.tab.shared.CpuManager.lambda$runMeasuredTask$8(CpuManager.java:354)
11.03.2023 - 19:06:12 - 	at TAB.v3.2.4.jar//me.neznamy.tab.shared.CpuManager.lambda$submit$1(CpuManager.java:111)
11.03.2023 - 19:06:12 - 	at java.base/java.util.concurrent.Executors$RunnableAdapter.call(Executors.java:539)
11.03.2023 - 19:06:12 - 	at java.base/java.util.concurrent.FutureTask.run(FutureTask.java:264)
11.03.2023 - 19:06:12 - 	at java.base/java.util.concurrent.ThreadPoolExecutor.runWorker(ThreadPoolExecutor.java:1136)
11.03.2023 - 19:06:12 - 	at java.base/java.util.concurrent.ThreadPoolExecutor$Worker.run(ThreadPoolExecutor.java:635)
11.03.2023 - 19:06:12 - 	at java.base/java.lang.Thread.run(Thread.java:833)
11.03.2023 - 19:06:12 - [TAB v3.2.4] Player placeholder %spbuild_getstagestring% generated an error when setting for player Dalynkaa
11.03.2023 - 19:06:12 - java.lang.IllegalStateException: zip file closed
11.03.2023 - 19:06:12 - 	at java.base/java.util.zip.ZipFile.ensureOpen(ZipFile.java:831)
11.03.2023 - 19:06:12 - 	at java.base/java.util.zip.ZipFile.getEntry(ZipFile.java:330)
11.03.2023 - 19:06:12 - 	at java.base/java.util.jar.JarFile.getEntry(JarFile.java:518)
11.03.2023 - 19:06:12 - 	at java.base/java.util.jar.JarFile.getJarEntry(JarFile.java:473)
11.03.2023 - 19:06:12 - 	at org.bukkit.plugin.java.PluginClassLoader.findClass(PluginClassLoader.java:189)
11.03.2023 - 19:06:12 - 	at java.base/java.lang.ClassLoader.loadClass(ClassLoader.java:587)
11.03.2023 - 19:06:12 - 	at org.bukkit.plugin.java.PluginClassLoader.loadClass0(PluginClassLoader.java:129)
11.03.2023 - 19:06:12 - 	at org.bukkit.plugin.java.PluginClassLoader.loadClass(PluginClassLoader.java:124)
11.03.2023 - 19:06:12 - 	at java.base/java.lang.ClassLoader.loadClass(ClassLoader.java:520)
11.03.2023 - 19:06:12 - 	at spworlds-1.0-SNAPSHOT.jar//com.spworlds.utils.PlaceholderApis.onRequest(PlaceholderApis.java:33)
11.03.2023 - 19:06:12 - 	at PlaceholderAPI-2.11.2.jar//me.clip.placeholderapi.replacer.CharsReplacer.apply(CharsReplacer.java:119)
11.03.2023 - 19:06:12 - 	at PlaceholderAPI-2.11.2.jar//me.clip.placeholderapi.PlaceholderAPI.setPlaceholders(PlaceholderAPI.java:71)
11.03.2023 - 19:06:12 - 	at PlaceholderAPI-2.11.2.jar//me.clip.placeholderapi.PlaceholderAPI.setPlaceholders(PlaceholderAPI.java:99)
11.03.2023 - 19:06:12 - 	at TAB.v3.2.4.jar//me.neznamy.tab.platforms.bukkit.BukkitPlatform.lambda$registerUnknownPlaceholder$2(BukkitPlatform.java:179)
11.03.2023 - 19:06:12 - 	at TAB.v3.2.4.jar//me.neznamy.tab.shared.placeholders.PlayerPlaceholderImpl.request(PlayerPlaceholderImpl.java:130)
11.03.2023 - 19:06:12 - 	at TAB.v3.2.4.jar//me.neznamy.tab.shared.placeholders.PlayerPlaceholderImpl.update(PlayerPlaceholderImpl.java:53)
11.03.2023 - 19:06:12 - 	at TAB.v3.2.4.jar//me.neznamy.tab.shared.features.PlaceholderManagerImpl.updatePlayerPlaceholder(PlaceholderManagerImpl.java:117)
11.03.2023 - 19:06:12 - 	at TAB.v3.2.4.jar//me.neznamy.tab.shared.features.PlaceholderManagerImpl.refresh(PlaceholderManagerImpl.java:68)
11.03.2023 - 19:06:12 - 	at TAB.v3.2.4.jar//me.neznamy.tab.shared.CpuManager.lambda$runMeasuredTask$8(CpuManager.java:354)
11.03.2023 - 19:06:12 - 	at TAB.v3.2.4.jar//me.neznamy.tab.shared.CpuManager.lambda$submit$1(CpuManager.java:111)
11.03.2023 - 19:06:12 - 	at java.base/java.util.concurrent.Executors$RunnableAdapter.call(Executors.java:539)
11.03.2023 - 19:06:12 - 	at java.base/java.util.concurrent.FutureTask.run(FutureTask.java:264)
11.03.2023 - 19:06:12 - 	at java.base/java.util.concurrent.ThreadPoolExecutor.runWorker(ThreadPoolExecutor.java:1136)
11.03.2023 - 19:06:12 - 	at java.base/java.util.concurrent.ThreadPoolExecutor$Worker.run(ThreadPoolExecutor.java:635)
11.03.2023 - 19:06:12 - 	at java.base/java.lang.Thread.run(Thread.java:833)
11.03.2023 - 19:06:13 - [TAB v3.2.4] Player placeholder %spbuild_getstagestring% generated an error when setting for player Dalynkaa
11.03.2023 - 19:06:13 - java.lang.IllegalStateException: zip file closed
11.03.2023 - 19:06:13 - 	at java.base/java.util.zip.ZipFile.ensureOpen(ZipFile.java:831)
11.03.2023 - 19:06:13 - 	at java.base/java.util.zip.ZipFile.getEntry(ZipFile.java:330)
11.03.2023 - 19:06:13 - 	at java.base/java.util.jar.JarFile.getEntry(JarFile.java:518)
11.03.2023 - 19:06:13 - 	at java.base/java.util.jar.JarFile.getJarEntry(JarFile.java:473)
11.03.2023 - 19:06:13 - 	at org.bukkit.plugin.java.PluginClassLoader.findClass(PluginClassLoader.java:189)
11.03.2023 - 19:06:13 - 	at java.base/java.lang.ClassLoader.loadClass(ClassLoader.java:587)
11.03.2023 - 19:06:13 - 	at org.bukkit.plugin.java.PluginClassLoader.loadClass0(PluginClassLoader.java:129)
11.03.2023 - 19:06:13 - 	at org.bukkit.plugin.java.PluginClassLoader.loadClass(PluginClassLoader.java:124)
11.03.2023 - 19:06:13 - 	at java.base/java.lang.ClassLoader.loadClass(ClassLoader.java:520)
11.03.2023 - 19:06:13 - 	at spworlds-1.0-SNAPSHOT.jar//com.spworlds.utils.PlaceholderApis.onRequest(PlaceholderApis.java:33)
11.03.2023 - 19:06:13 - 	at PlaceholderAPI-2.11.2.jar//me.clip.placeholderapi.replacer.CharsReplacer.apply(CharsReplacer.java:119)
11.03.2023 - 19:06:13 - 	at PlaceholderAPI-2.11.2.jar//me.clip.placeholderapi.PlaceholderAPI.setPlaceholders(PlaceholderAPI.java:71)
11.03.2023 - 19:06:13 - 	at PlaceholderAPI-2.11.2.jar//me.clip.placeholderapi.PlaceholderAPI.setPlaceholders(PlaceholderAPI.java:99)
11.03.2023 - 19:06:13 - 	at TAB.v3.2.4.jar//me.neznamy.tab.platforms.bukkit.BukkitPlatform.lambda$registerUnknownPlaceholder$2(BukkitPlatform.java:179)
11.03.2023 - 19:06:13 - 	at TAB.v3.2.4.jar//me.neznamy.tab.shared.placeholders.PlayerPlaceholderImpl.request(PlayerPlaceholderImpl.java:130)
11.03.2023 - 19:06:13 - 	at TAB.v3.2.4.jar//me.neznamy.tab.shared.placeholders.PlayerPlaceholderImpl.update(PlayerPlaceholderImpl.java:53)
11.03.2023 - 19:06:13 - 	at TAB.v3.2.4.jar//me.neznamy.tab.shared.features.PlaceholderManagerImpl.updatePlayerPlaceholder(PlaceholderManagerImpl.java:117)
11.03.2023 - 19:06:13 - 	at TAB.v3.2.4.jar//me.neznamy.tab.shared.features.PlaceholderManagerImpl.refresh(PlaceholderManagerImpl.java:68)
11.03.2023 - 19:06:13 - 	at TAB.v3.2.4.jar//me.neznamy.tab.shared.CpuManager.lambda$runMeasuredTask$8(CpuManager.java:354)
11.03.2023 - 19:06:13 - 	at TAB.v3.2.4.jar//me.neznamy.tab.shared.CpuManager.lambda$submit$1(CpuManager.java:111)
11.03.2023 - 19:06:13 - 	at java.base/java.util.concurrent.Executors$RunnableAdapter.call(Executors.java:539)
11.03.2023 - 19:06:13 - 	at java.base/java.util.concurrent.FutureTask.run(FutureTask.java:264)
11.03.2023 - 19:06:13 - 	at java.base/java.util.concurrent.ThreadPoolExecutor.runWorker(ThreadPoolExecutor.java:1136)
11.03.2023 - 19:06:13 - 	at java.base/java.util.concurrent.ThreadPoolExecutor$Worker.run(ThreadPoolExecutor.java:635)
11.03.2023 - 19:06:13 - 	at java.base/java.lang.Thread.run(Thread.java:833)
11.03.2023 - 19:06:13 - [TAB v3.2.4] Player placeholder %spbuild_getstagestring% generated an error when setting for player Dalynkaa
11.03.2023 - 19:06:13 - java.lang.IllegalStateException: zip file closed
11.03.2023 - 19:06:13 - 	at java.base/java.util.zip.ZipFile.ensureOpen(ZipFile.java:831)
11.03.2023 - 19:06:13 - 	at java.base/java.util.zip.ZipFile.getEntry(ZipFile.java:330)
11.03.2023 - 19:06:13 - 	at java.base/java.util.jar.JarFile.getEntry(JarFile.java:518)
11.03.2023 - 19:06:13 - 	at java.base/java.util.jar.JarFile.getJarEntry(JarFile.java:473)
11.03.2023 - 19:06:13 - 	at org.bukkit.plugin.java.PluginClassLoader.findClass(PluginClassLoader.java:189)
11.03.2023 - 19:06:13 - 	at java.base/java.lang.ClassLoader.loadClass(ClassLoader.java:587)
11.03.2023 - 19:06:13 - 	at org.bukkit.plugin.java.PluginClassLoader.loadClass0(PluginClassLoader.java:129)
11.03.2023 - 19:06:13 - 	at org.bukkit.plugin.java.PluginClassLoader.loadClass(PluginClassLoader.java:124)
11.03.2023 - 19:06:13 - 	at java.base/java.lang.ClassLoader.loadClass(ClassLoader.java:520)
11.03.2023 - 19:06:13 - 	at spworlds-1.0-SNAPSHOT.jar//com.spworlds.utils.PlaceholderApis.onRequest(PlaceholderApis.java:33)
11.03.2023 - 19:06:13 - 	at PlaceholderAPI-2.11.2.jar//me.clip.placeholderapi.replacer.CharsReplacer.apply(CharsReplacer.java:119)
11.03.2023 - 19:06:13 - 	at PlaceholderAPI-2.11.2.jar//me.clip.placeholderapi.PlaceholderAPI.setPlaceholders(PlaceholderAPI.java:71)
11.03.2023 - 19:06:13 - 	at PlaceholderAPI-2.11.2.jar//me.clip.placeholderapi.PlaceholderAPI.setPlaceholders(PlaceholderAPI.java:99)
11.03.2023 - 19:06:13 - 	at TAB.v3.2.4.jar//me.neznamy.tab.platforms.bukkit.BukkitPlatform.lambda$registerUnknownPlaceholder$2(BukkitPlatform.java:179)
11.03.2023 - 19:06:13 - 	at TAB.v3.2.4.jar//me.neznamy.tab.shared.placeholders.PlayerPlaceholderImpl.request(PlayerPlaceholderImpl.java:130)
11.03.2023 - 19:06:13 - 	at TAB.v3.2.4.jar//me.neznamy.tab.shared.placeholders.PlayerPlaceholderImpl.update(PlayerPlaceholderImpl.java:53)
11.03.2023 - 19:06:13 - 	at TAB.v3.2.4.jar//me.neznamy.tab.shared.features.PlaceholderManagerImpl.updatePlayerPlaceholder(PlaceholderManagerImpl.java:117)
11.03.2023 - 19:06:13 - 	at TAB.v3.2.4.jar//me.neznamy.tab.shared.features.PlaceholderManagerImpl.refresh(PlaceholderManagerImpl.java:68)
11.03.2023 - 19:06:13 - 	at TAB.v3.2.4.jar//me.neznamy.tab.shared.CpuManager.lambda$runMeasuredTask$8(CpuManager.java:354)
11.03.2023 - 19:06:13 - 	at TAB.v3.2.4.jar//me.neznamy.tab.shared.CpuManager.lambda$submit$1(CpuManager.java:111)
11.03.2023 - 19:06:13 - 	at java.base/java.util.concurrent.Executors$RunnableAdapter.call(Executors.java:539)
11.03.2023 - 19:06:13 - 	at java.base/java.util.concurrent.FutureTask.run(FutureTask.java:264)
11.03.2023 - 19:06:13 - 	at java.base/java.util.concurrent.ThreadPoolExecutor.runWorker(ThreadPoolExecutor.java:1136)
11.03.2023 - 19:06:13 - 	at java.base/java.util.concurrent.ThreadPoolExecutor$Worker.run(ThreadPoolExecutor.java:635)
11.03.2023 - 19:06:13 - 	at java.base/java.lang.Thread.run(Thread.java:833)
11.03.2023 - 19:06:14 - [TAB v3.2.4] Player placeholder %spbuild_getstagestring% generated an error when setting for player Dalynkaa
11.03.2023 - 19:06:14 - java.lang.IllegalStateException: zip file closed
11.03.2023 - 19:06:14 - 	at java.base/java.util.zip.ZipFile.ensureOpen(ZipFile.java:831)
11.03.2023 - 19:06:14 - 	at java.base/java.util.zip.ZipFile.getEntry(ZipFile.java:330)
11.03.2023 - 19:06:14 - 	at java.base/java.util.jar.JarFile.getEntry(JarFile.java:518)
11.03.2023 - 19:06:14 - 	at java.base/java.util.jar.JarFile.getJarEntry(JarFile.java:473)
11.03.2023 - 19:06:14 - 	at org.bukkit.plugin.java.PluginClassLoader.findClass(PluginClassLoader.java:189)
11.03.2023 - 19:06:14 - 	at java.base/java.lang.ClassLoader.loadClass(ClassLoader.java:587)
11.03.2023 - 19:06:14 - 	at org.bukkit.plugin.java.PluginClassLoader.loadClass0(PluginClassLoader.java:129)
11.03.2023 - 19:06:14 - 	at org.bukkit.plugin.java.PluginClassLoader.loadClass(PluginClassLoader.java:124)
11.03.2023 - 19:06:14 - 	at java.base/java.lang.ClassLoader.loadClass(ClassLoader.java:520)
11.03.2023 - 19:06:14 - 	at spworlds-1.0-SNAPSHOT.jar//com.spworlds.utils.PlaceholderApis.onRequest(PlaceholderApis.java:33)
11.03.2023 - 19:06:14 - 	at PlaceholderAPI-2.11.2.jar//me.clip.placeholderapi.replacer.CharsReplacer.apply(CharsReplacer.java:119)
11.03.2023 - 19:06:14 - 	at PlaceholderAPI-2.11.2.jar//me.clip.placeholderapi.PlaceholderAPI.setPlaceholders(PlaceholderAPI.java:71)
11.03.2023 - 19:06:14 - 	at PlaceholderAPI-2.11.2.jar//me.clip.placeholderapi.PlaceholderAPI.setPlaceholders(PlaceholderAPI.java:99)
11.03.2023 - 19:06:14 - 	at TAB.v3.2.4.jar//me.neznamy.tab.platforms.bukkit.BukkitPlatform.lambda$registerUnknownPlaceholder$2(BukkitPlatform.java:179)
11.03.2023 - 19:06:14 - 	at TAB.v3.2.4.jar//me.neznamy.tab.shared.placeholders.PlayerPlaceholderImpl.request(PlayerPlaceholderImpl.java:130)
11.03.2023 - 19:06:14 - 	at TAB.v3.2.4.jar//me.neznamy.tab.shared.placeholders.PlayerPlaceholderImpl.update(PlayerPlaceholderImpl.java:53)
11.03.2023 - 19:06:14 - 	at TAB.v3.2.4.jar//me.neznamy.tab.shared.features.PlaceholderManagerImpl.updatePlayerPlaceholder(PlaceholderManagerImpl.java:117)
11.03.2023 - 19:06:14 - 	at TAB.v3.2.4.jar//me.neznamy.tab.shared.features.PlaceholderManagerImpl.refresh(PlaceholderManagerImpl.java:68)
11.03.2023 - 19:06:14 - 	at TAB.v3.2.4.jar//me.neznamy.tab.shared.CpuManager.lambda$runMeasuredTask$8(CpuManager.java:354)
11.03.2023 - 19:06:14 - 	at TAB.v3.2.4.jar//me.neznamy.tab.shared.CpuManager.lambda$submit$1(CpuManager.java:111)
11.03.2023 - 19:06:14 - 	at java.base/java.util.concurrent.Executors$RunnableAdapter.call(Executors.java:539)
11.03.2023 - 19:06:14 - 	at java.base/java.util.concurrent.FutureTask.run(FutureTask.java:264)
11.03.2023 - 19:06:14 - 	at java.base/java.util.concurrent.ThreadPoolExecutor.runWorker(ThreadPoolExecutor.java:1136)
11.03.2023 - 19:06:14 - 	at java.base/java.util.concurrent.ThreadPoolExecutor$Worker.run(ThreadPoolExecutor.java:635)
11.03.2023 - 19:06:14 - 	at java.base/java.lang.Thread.run(Thread.java:833)
